task_id,n,Fc_over_F,F_over_Fc,F,Fc,J,gamma_mu,zeta,simulation_time,alpha,dt,nums,timestamp
1,1,1.0,1.0,1.1828571428571428e-11,1.1828571428571428e-11,0.00011627087004872127,0.9894207306951285,1.0065662862101696e-07,216.90723776817322,0.07,0.001,1000000,20251006_021422
2,1,1.1,0.9090909090909091,1.0753246753246752e-11,1.1828571428571428e-11,0.00010536717118308203,0.9862978560796388,1.0065662862101696e-07,218.56813788414001,0.07,0.001,1000000,20251006_021801
3,1,1.2000000000000002,0.8333333333333333,9.857142857142855e-12,1.1828571428571428e-11,9.624293078647752e-05,0.9827887332030284,1.0065662862101696e-07,212.4383466243744,0.07,0.001,1000000,20251006_022133
4,1,1.3000000000000003,0.769230769230769,9.098901098901096e-12,1.1828571428571428e-11,8.842138123162725e-05,0.9781618720819123,1.0065662862101696e-07,214.14294862747192,0.07,0.001,1000000,20251006_022507
5,1,1.4000000000000004,0.7142857142857141,8.448979591836732e-12,1.1828571428571428e-11,8.164405926929454e-05,0.9726637002321312,1.0065662862101696e-07,220.21614933013916,0.07,0.001,1000000,20251006_022848
6,1,1.5000000000000004,0.6666666666666665,7.885714285714283e-12,1.1828571428571428e-11,7.562698584073935e-05,0.9653351810233238,1.0065662862101696e-07,219.19921803474426,0.07,0.001,1000000,20251006_023227
7,1,1.6000000000000005,0.6249999999999998,7.39285714285714e-12,1.1828571428571428e-11,7.015985142867858e-05,0.9552536959523789,1.0065662862101696e-07,220.45733618736267,0.07,0.001,1000000,20251006_023607
8,1,1.7000000000000006,0.5882352941176469,6.957983193277308e-12,1.1828571428571428e-11,6.504417471248722e-05,0.9409518758713155,1.0065662862101696e-07,220.26965069770813,0.07,0.001,1000000,20251006_023948
9,1,1.8000000000000007,0.5555555555555554,6.571428571428569e-12,1.1828571428571428e-11,5.988192386042145e-05,0.9172301738676786,1.0065662862101696e-07,218.69350051879883,0.07,0.001,1000000,20251006_024326
10,1,1.9000000000000008,0.526315789473684,6.225563909774433e-12,1.1828571428571428e-11,5.361401118923999e-05,0.8668460707126384,1.0065662862101696e-07,218.37889766693115,0.07,0.001,1000000,20251006_024705
11,1,2.000000000000001,0.4999999999999998,5.9142857142857115e-12,1.1828571428571428e-11,3.2705409772386595e-05,0.5566211110507508,1.0065662862101696e-07,214.6428668498993,0.07,0.001,1000000,20251006_025039
12,1,2.100000000000001,0.47619047619047594,5.632653061224486e-12,1.1828571428571428e-11,3.2255831786611344e-08,0.0005764181187294919,1.0065662862101696e-07,213.9287452697754,0.07,0.001,1000000,20251006_025413
13,1,2.200000000000001,0.4545454545454543,5.3766233766233736e-12,1.1828571428571428e-11,3.21725329310797e-08,0.0006023071493385676,1.0065662862101696e-07,221.72332119941711,0.07,0.001,1000000,20251006_025755
14,1,2.300000000000001,0.43478260869565194,5.14285714285714e-12,1.1828571428571428e-11,3.215833782315397e-08,0.0006294069186483583,1.0065662862101696e-07,219.57759809494019,0.07,0.001,1000000,20251006_030135
15,1,2.4000000000000012,0.41666666666666646,4.928571428571426e-12,1.1828571428571428e-11,3.2084199383095484e-08,0.0006552583012564736,1.0065662862101696e-07,217.6752905845642,0.07,0.001,1000000,20251006_030512
16,1,2.5000000000000013,0.3999999999999998,4.731428571428569e-12,1.1828571428571428e-11,3.204444224659165e-08,0.0006817149353284911,1.0065662862101696e-07,216.84894680976868,0.07,0.001,1000000,20251006_030849
17,1,2.6000000000000014,0.3846153846153844,4.549450549450547e-12,1.1828571428571428e-11,3.206298326819822e-08,0.0007093937529881905,1.0065662862101696e-07,220.69909715652466,0.07,0.001,1000000,20251006_031230
18,1,2.7000000000000015,0.3703703703703702,4.380952380952379e-12,1.1828571428571428e-11,3.2038892162228566e-08,0.000736124611585297,1.0065662862101696e-07,216.19656920433044,0.07,0.001,1000000,20251006_021421
19,1,2.8000000000000016,0.35714285714285693,4.224489795918364e-12,1.1828571428571428e-11,3.1970465168753355e-08,0.0007617580808081449,1.0065662862101696e-07,219.10075092315674,0.07,0.001,1000000,20251006_021801
20,1,2.9000000000000017,0.34482758620689635,4.078817733990145e-12,1.1828571428571428e-11,3.1939057408520014e-08,0.0007881886491970683,1.0065662862101696e-07,216.92561173439026,0.07,0.001,1000000,20251006_022138
21,1,3.0000000000000018,0.33333333333333315,3.942857142857141e-12,1.1828571428571428e-11,3.1942460271678456e-08,0.0008154544393353442,1.0065662862101696e-07,219.71611952781677,0.07,0.001,1000000,20251006_022517
22,1,3.100000000000002,0.32258064516129015,3.815668202764975e-12,1.1828571428571428e-11,3.188829062120418e-08,0.0008412072685176585,1.0065662862101696e-07,220.29434180259705,0.07,0.001,1000000,20251006_022858
23,1,3.200000000000002,0.31249999999999983,3.696428571428569e-12,1.1828571428571428e-11,3.1941809559723995e-08,0.0008698003492311005,1.0065662862101696e-07,219.92034339904785,0.07,0.001,1000000,20251006_023237
24,1,3.300000000000002,0.3030303030303028,3.5844155844155817e-12,1.1828571428571428e-11,3.1892095822533776e-08,0.0008955855618728611,1.0065662862101696e-07,217.78853273391724,0.07,0.001,1000000,20251006_023615
25,1,3.400000000000002,0.2941176470588234,3.4789915966386535e-12,1.1828571428571428e-11,3.1914139240696315e-08,0.0009233622939514812,1.0065662862101696e-07,217.04816007614136,0.07,0.001,1000000,20251006_023952
26,1,3.500000000000002,0.28571428571428553,3.3795918367346915e-12,1.1828571428571428e-11,3.179870493877041e-08,0.0009470819519861386,1.0065662862101696e-07,218.4562692642212,0.07,0.001,1000000,20251006_024331
27,1,3.6000000000000023,0.2777777777777776,3.2857142857142837e-12,1.1828571428571428e-11,3.183842452357942e-08,0.0009753582309581523,1.0065662862101696e-07,220.23403882980347,0.07,0.001,1000000,20251006_024711
28,1,3.7000000000000024,0.2702702702702701,3.1969111969111947e-12,1.1828571428571428e-11,3.184089282940065e-08,0.0010025292312114272,1.0065662862101696e-07,218.9943606853485,0.07,0.001,1000000,20251006_025050
29,1,3.8000000000000025,0.2631578947368419,3.1127819548872156e-12,1.1828571428571428e-11,3.1772127470397086e-08,0.001027400981384591,1.0065662862101696e-07,220.4026153087616,0.07,0.001,1000000,20251006_025431
30,1,3.9000000000000026,0.2564102564102562,3.0329670329670305e-12,1.1828571428571428e-11,3.1764713876070406e-08,0.0010541918105679718,1.0065662862101696e-07,218.21083974838257,0.07,0.001,1000000,20251006_025809
31,1,4.000000000000003,0.24999999999999983,2.957142857142855e-12,1.1828571428571428e-11,3.1788144355957906e-08,0.0010820199075807987,1.0065662862101696e-07,217.96846985816956,0.07,0.001,1000000,20251006_030147
32,1,4.100000000000003,0.24390243902439004,2.885017421602785e-12,1.1828571428571428e-11,3.175910435352735e-08,0.0011080572159849033,1.0065662862101696e-07,219.0411877632141,0.07,0.001,1000000,20251006_030526
33,1,4.200000000000003,0.23809523809523794,2.8163265306122427e-12,1.1828571428571428e-11,3.1746998693364805e-08,0.0011346503406390346,1.0065662862101696e-07,218.58324646949768,0.07,0.001,1000000,20251006_030904
34,1,4.3000000000000025,0.23255813953488358,2.7508305647840515e-12,1.1828571428571428e-11,3.177748390789333e-08,0.001162781320367604,1.0065662862101696e-07,220.4225788116455,0.07,0.001,1000000,20251006_031245
35,1,4.400000000000003,0.22727272727272713,2.6883116883116864e-12,1.1828571428571428e-11,3.1785339526565114e-08,0.0011901168790169887,1.0065662862101696e-07,216.279305934906,0.07,0.001,1000000,20251006_021422
36,1,4.5000000000000036,0.22222222222222204,2.628571428571426e-12,1.1828571428571428e-11,3.173623334489348e-08,0.0012152845530102264,1.0065662862101696e-07,217.72575998306274,0.07,0.001,1000000,20251006_021759
37,1,4.600000000000003,0.21739130434782594,2.5714285714285694e-12,1.1828571428571428e-11,3.171886925609559e-08,0.001241611172273659,1.0065662862101696e-07,221.5881631374359,0.07,0.001,1000000,20251006_022141
38,1,4.700000000000003,0.21276595744680837,2.5167173252279616e-12,1.1828571428571428e-11,3.1738570239309935e-08,0.0012693906643849678,1.0065662862101696e-07,219.59454226493835,0.07,0.001,1000000,20251006_022520
39,1,4.800000000000003,0.20833333333333318,2.4642857142857122e-12,1.1828571428571428e-11,3.170206498056579e-08,0.001294907876456645,1.0065662862101696e-07,217.87921476364136,0.07,0.001,1000000,20251006_022858
40,1,4.900000000000004,0.20408163265306106,2.413994169096208e-12,1.1828571428571428e-11,3.176067015755495e-08,0.0013243287915647877,1.0065662862101696e-07,221.82762122154236,0.07,0.001,1000000,20251006_023240
41,1,5.0000000000000036,0.19999999999999984,2.3657142857142835e-12,1.1828571428571428e-11,3.1720010661305765e-08,0.001349625925780694,1.0065662862101696e-07,220.15525650978088,0.07,0.001,1000000,20251006_023620
42,1,5.100000000000003,0.1960784313725489,2.3193277310924355e-12,1.1828571428571428e-11,3.175200144451217e-08,0.0013780068140128142,1.0065662862101696e-07,221.18494153022766,0.07,0.001,1000000,20251006_024002
43,1,5.200000000000004,0.19230769230769218,2.274725274725273e-12,1.1828571428571428e-11,3.1652978309756136e-08,0.0014006447802181402,1.0065662862101696e-07,219.25769996643066,0.07,0.001,1000000,20251006_024341
44,1,5.300000000000004,0.18867924528301872,2.2318059299191357e-12,1.1828571428571428e-11,3.169749952685364e-08,0.0014295882071632322,1.0065662862101696e-07,222.11117458343506,0.07,0.001,1000000,20251006_024723
45,1,5.400000000000004,0.18518518518518506,2.190476190476189e-12,1.1828571428571428e-11,3.170555050708665e-08,0.0014569315277163284,1.0065662862101696e-07,221.82665848731995,0.07,0.001,1000000,20251006_025105
46,1,5.5000000000000036,0.1818181818181817,2.1506493506493493e-12,1.1828571428571428e-11,3.1644901145293396e-08,0.0014810731751174861,1.0065662862101696e-07,221.16250133514404,0.07,0.001,1000000,20251006_025446
47,1,5.600000000000004,0.17857142857142844,2.1122448979591817e-12,1.1828571428571428e-11,3.164513104270439e-08,0.0015080127338011283,1.0065662862101696e-07,217.25602650642395,0.07,0.001,1000000,20251006_025823
48,1,5.700000000000005,0.17543859649122792,2.07518796992481e-12,1.1828571428571428e-11,3.1672794237013334e-08,0.00153628333100854,1.0065662862101696e-07,221.31303477287292,0.07,0.001,1000000,20251006_030205
49,1,5.800000000000004,0.17241379310344815,2.039408866995072e-12,1.1828571428571428e-11,3.1650127477138675e-08,0.0015621169343880714,1.0065662862101696e-07,221.36782598495483,0.07,0.001,1000000,20251006_030546
50,1,5.900000000000004,0.1694915254237287,2.004842615012105e-12,1.1828571428571428e-11,3.164223371547407e-08,0.0015886536648756662,1.0065662862101696e-07,217.42068099975586,0.07,0.001,1000000,20251006_030923
51,1,6.000000000000004,0.16666666666666655,1.97142857142857e-12,1.1828571428571428e-11,3.1674626340707605e-08,0.0016172338914494655,1.0065662862101696e-07,224.14954781532288,0.07,0.001,1000000,20251006_031308
52,1,6.100000000000005,0.16393442622950807,1.93911007025761e-12,1.1828571428571428e-11,3.168876268721636e-08,0.0016449215886145797,1.0065662862101696e-07,213.87892770767212,0.07,0.001,1000000,20251006_021419
53,1,6.200000000000005,0.16129032258064505,1.907834101382487e-12,1.1828571428571428e-11,3.164370984256474e-08,0.0016695105447094073,1.0065662862101696e-07,219.8405463695526,0.07,0.001,1000000,20251006_021759
54,1,6.300000000000004,0.1587301587301586,1.8775510204081617e-12,1.1828571428571428e-11,3.1629671014612136e-08,0.001695685504211036,1.0065662862101696e-07,220.19822549819946,0.07,0.001,1000000,20251006_022139
55,1,6.400000000000005,0.1562499999999999,1.848214285714284e-12,1.1828571428571428e-11,3.1653113095959395e-08,0.0017238778393965798,1.0065662862101696e-07,221.56514978408813,0.07,0.001,1000000,20251006_022521
56,1,6.500000000000005,0.15384615384615372,1.819780219780218e-12,1.1828571428571428e-11,3.162118300924134e-08,0.0017490472970976827,1.0065662862101696e-07,218.87074494361877,0.07,0.001,1000000,20251006_022900
57,1,6.600000000000005,0.1515151515151514,1.7922077922077908e-12,1.1828571428571428e-11,3.16811583435592e-08,0.0017793241406136816,1.0065662862101696e-07,214.25514101982117,0.07,0.001,1000000,20251006_023234
58,1,6.700000000000005,0.14925373134328349,1.7654584221748389e-12,1.1828571428571428e-11,3.164296355991592e-08,0.0018041059429738313,1.0065662862101696e-07,219.1808500289917,0.07,0.001,1000000,20251006_023613
59,1,6.800000000000005,0.14705882352941166,1.7394957983193263e-12,1.1828571428571428e-11,3.167766508692003e-08,0.0018330409152559081,1.0065662862101696e-07,218.99959254264832,0.07,0.001,1000000,20251006_023952
60,1,6.900000000000006,0.14492753623188395,1.714285714285713e-12,1.1828571428571428e-11,3.158356971199426e-08,0.0018544724607652884,1.0065662862101696e-07,217.93045926094055,0.07,0.001,1000000,20251006_024330
61,1,7.000000000000005,0.14285714285714274,1.6897959183673454e-12,1.1828571428571428e-11,3.162957076890993e-08,0.0018840890333102517,1.0065662862101696e-07,218.59971046447754,0.07,0.001,1000000,20251006_024709
62,1,7.100000000000005,0.1408450704225351,1.6659959758551295e-12,1.1828571428571428e-11,3.163945303471706e-08,0.0019116016605339977,1.0065662862101696e-07,224.40594053268433,0.07,0.001,1000000,20251006_025053
63,1,7.2000000000000055,0.13888888888888878,1.6428571428571414e-12,1.1828571428571428e-11,3.1581489860931345e-08,0.0019349742672705454,1.0065662862101696e-07,219.49671864509583,0.07,0.001,1000000,20251006_025433
64,1,7.300000000000006,0.1369863013698629,1.6203522504892353e-12,1.1828571428571428e-11,3.1584324412709906e-08,0.001962024992834718,1.0065662862101696e-07,217.77453708648682,0.07,0.001,1000000,20251006_025810
65,1,7.400000000000006,0.13513513513513503,1.5984555984555972e-12,1.1828571428571428e-11,3.1613469326904287e-08,0.001990737337048721,1.0065662862101696e-07,216.14153409004211,0.07,0.001,1000000,20251006_030147
66,1,7.500000000000005,0.13333333333333325,1.577142857142856e-12,1.1828571428571428e-11,3.15931031999817e-08,0.0020163393831976596,1.0065662862101696e-07,219.06569409370422,0.07,0.001,1000000,20251006_030526
67,1,7.600000000000006,0.13157894736842096,1.5563909774436078e-12,1.1828571428571428e-11,3.158675657850419e-08,0.0020428134526243483,1.0065662862101696e-07,216.60220074653625,0.07,0.001,1000000,20251006_030902
68,1,7.700000000000006,0.12987012987012977,1.5361781076066777e-12,1.1828571428571428e-11,3.161983755634064e-08,0.002071860177023414,1.0065662862101696e-07,217.52231097221375,0.07,0.001,1000000,20251006_031240
69,1,7.800000000000006,0.1282051282051281,1.5164835164835153e-12,1.1828571428571428e-11,3.1636393095488296e-08,0.0020998663263450553,1.0065662862101696e-07,216.56364178657532,0.07,0.001,1000000,20251006_021422
70,1,7.900000000000006,0.12658227848101256,1.497287522603977e-12,1.1828571428571428e-11,3.1592923302361515e-08,0.002123865389840142,1.0065662862101696e-07,219.20380330085754,0.07,0.001,1000000,20251006_021801
71,1,8.000000000000007,0.12499999999999989,1.478571428571427e-12,1.1828571428571428e-11,3.158022466693328e-08,0.0021498852775337684,1.0065662862101696e-07,218.49227237701416,0.07,0.001,1000000,20251006_022140
72,1,8.100000000000007,0.12345679012345669,1.460317460317459e-12,1.1828571428571428e-11,3.1605172602845934e-08,0.0021784784525525195,1.0065662862101696e-07,215.40399742126465,0.07,0.001,1000000,20251006_022515
73,1,8.200000000000006,0.12195121951219502,1.4425087108013924e-12,1.1828571428571428e-11,3.157513968556315e-08,0.002203277585215256,1.0065662862101696e-07,216.2066011428833,0.07,0.001,1000000,20251006_022851
74,1,8.300000000000006,0.12048192771084329,1.4251290877796891e-12,1.1828571428571428e-11,3.1635697727926905e-08,0.0022344240284420864,1.0065662862101696e-07,219.34587359428406,0.07,0.001,1000000,20251006_023231
75,1,8.400000000000006,0.11904761904761897,1.4081632653061214e-12,1.1828571428571428e-11,3.1598554543760974e-08,0.002258689775564386,1.0065662862101696e-07,219.06356525421143,0.07,0.001,1000000,20251006_023610
76,1,8.500000000000007,0.11764705882352931,1.391596638655461e-12,1.1828571428571428e-11,3.1634403794360835e-08,0.0022881719788090354,1.0065662862101696e-07,215.43412041664124,0.07,0.001,1000000,20251006_023945
77,1,8.600000000000007,0.11627906976744178,1.3754152823920255e-12,1.1828571428571428e-11,3.1542481916427514e-08,0.002308364556285372,1.0065662862101696e-07,219.01562809944153,0.07,0.001,1000000,20251006_024324
78,1,8.700000000000006,0.1149425287356321,1.3596059113300481e-12,1.1828571428571428e-11,3.1589150248759694e-08,0.002338661032984461,1.0065662862101696e-07,218.52001309394836,0.07,0.001,1000000,20251006_024703
79,1,8.800000000000008,0.11363636363636354,1.3441558441558428e-12,1.1828571428571428e-11,3.1599868869220356e-08,0.0023663448543345925,1.0065662862101696e-07,217.13582396507263,0.07,0.001,1000000,20251006_025040
80,1,8.900000000000007,0.11235955056179765,1.3290529695024064e-12,1.1828571428571428e-11,3.154314225793349e-08,0.0023889389126344894,1.0065662862101696e-07,217.99970698356628,0.07,0.001,1000000,20251006_025418
81,1,9.000000000000007,0.11111111111111102,1.314285714285713e-12,1.1828571428571428e-11,3.15471879791049e-08,0.002416090770777307,1.0065662862101696e-07,222.56841206550598,0.07,0.001,1000000,20251006_025800
82,1,9.100000000000007,0.1098901098901098,1.2998430141287273e-12,1.1828571428571428e-11,3.157703306842348e-08,0.0024452473536985936,1.0065662862101696e-07,216.8918251991272,0.07,0.001,1000000,20251006_030137
83,1,9.200000000000006,0.10869565217391297,1.2857142857142847e-12,1.1828571428571428e-11,3.15577663509631e-08,0.002470609841542672,1.0065662862101696e-07,219.67102456092834,0.07,0.001,1000000,20251006_030517
84,1,9.300000000000008,0.10752688172043001,1.2718894009216577e-12,1.1828571428571428e-11,3.155216897266483e-08,0.002497021322897808,1.0065662862101696e-07,217.93374824523926,0.07,0.001,1000000,20251006_030855
85,1,9.400000000000007,0.10638297872340417,1.2583586626139806e-12,1.1828571428571428e-11,3.1585574825656905e-08,0.0025265431625059545,1.0065662862101696e-07,216.7658998966217,0.07,0.001,1000000,20251006_031232
86,1,9.500000000000007,0.10526315789473677,1.2451127819548862e-12,1.1828571428571428e-11,3.1603329215678925e-08,0.0025548565705476693,1.0065662862101696e-07,215.97428965568542,0.07,0.001,1000000,20251006_021421
87,1,9.600000000000009,0.10416666666666657,1.232142857142856e-12,1.1828571428571428e-11,3.1560648243581107e-08,0.00257826308928103,1.0065662862101696e-07,217.11428451538086,0.07,0.001,1000000,20251006_021758
88,1,9.700000000000008,0.10309278350515455,1.2194403534609708e-12,1.1828571428571428e-11,3.1548625606330056e-08,0.0026041276083303795,1.0065662862101696e-07,215.6184139251709,0.07,0.001,1000000,20251006_022134
89,1,9.800000000000008,0.10204081632653053,1.206997084548104e-12,1.1828571428571428e-11,3.157433653165678e-08,0.0026331184282950286,1.0065662862101696e-07,216.41123986244202,0.07,0.001,1000000,20251006_022510
90,1,9.900000000000007,0.10101010101010094,1.194805194805194e-12,1.1828571428571428e-11,3.154527496918548e-08,0.0026575386859101074,1.0065662862101696e-07,216.27088165283203,0.07,0.001,1000000,20251006_022847
91,1,10.000000000000007,0.09999999999999992,1.1828571428571418e-12,1.1828571428571428e-11,3.160613712068602e-08,0.0026895616478397146,1.0065662862101696e-07,218.57815527915955,0.07,0.001,1000000,20251006_023225
92,1,10.100000000000009,0.09900990099009893,1.1711456859971702e-12,1.1828571428571428e-11,3.156954292238575e-08,0.0027133120974340637,1.0065662862101696e-07,217.91173338890076,0.07,0.001,1000000,20251006_023603
93,1,10.200000000000008,0.09803921568627443,1.1596638655462173e-12,1.1828571428571428e-11,3.160598693005289e-08,0.002743339844533821,1.0065662862101696e-07,221.49447560310364,0.07,0.001,1000000,20251006_023945
94,1,10.300000000000008,0.09708737864077663,1.1484049930651862e-12,1.1828571428571428e-11,3.1515221292574486e-08,0.002762279809572174,1.0065662862101696e-07,216.83112454414368,0.07,0.001,1000000,20251006_024322
95,1,10.40000000000001,0.09615384615384606,1.1373626373626361e-12,1.1828571428571428e-11,3.156225135418607e-08,0.0027932602220592903,1.0065662862101696e-07,216.0561056137085,0.07,0.001,1000000,20251006_024658
96,1,10.500000000000009,0.09523809523809516,1.126530612244897e-12,1.1828571428571428e-11,3.1573423365516204e-08,0.0028211167237291385,1.0065662862101696e-07,219.70197677612305,0.07,0.001,1000000,20251006_025037
97,1,10.600000000000009,0.09433962264150936,1.1159029649595678e-12,1.1828571428571428e-11,3.151737134936026e-08,0.002842928500631936,1.0065662862101696e-07,218.35218000411987,0.07,0.001,1000000,20251006_025416
98,1,10.700000000000008,0.09345794392523357,1.1054739652870486e-12,1.1828571428571428e-11,3.152207993411148e-08,0.002870177311200621,1.0065662862101696e-07,217.93986058235168,0.07,0.001,1000000,20251006_025754
99,1,10.800000000000008,0.09259259259259253,1.0952380952380945e-12,1.1828571428571428e-11,3.1552313708151315e-08,0.00289977999931128,1.0065662862101696e-07,222.34043169021606,0.07,0.001,1000000,20251006_030136
100,1,10.90000000000001,0.09174311926605497,1.0851900393184786e-12,1.1828571428571428e-11,3.153365881076184e-08,0.0029248994820944866,1.0065662862101696e-07,214.6936867237091,0.07,0.001,1000000,20251006_030511
101,1,11.000000000000009,0.09090909090909084,1.0753246753246744e-12,1.1828571428571428e-11,3.1528483274142936e-08,0.002951248962041307,1.0065662862101696e-07,217.76609587669373,0.07,0.001,1000000,20251006_030849
102,1,11.100000000000009,0.09009009009009002,1.0656370656370647e-12,1.1828571428571428e-11,3.156206684938165e-08,0.0029812506938942385,1.0065662862101696e-07,220.91355633735657,0.07,0.001,1000000,20251006_031229
103,1,11.20000000000001,0.0892857142857142,1.0561224489795909e-12,1.1828571428571428e-11,3.158050616814811e-08,0.003009866217787828,1.0065662862101696e-07,246.46467566490173,0.07,0.001,1000000,20251006_021452
104,1,11.30000000000001,0.08849557522123887,1.0467762326169397e-12,1.1828571428571428e-11,3.153827660561463e-08,0.003032679283997422,1.0065662862101696e-07,245.8066394329071,0.07,0.001,1000000,20251006_021858
105,1,11.40000000000001,0.08771929824561396,1.037593984962405e-12,1.1828571428571428e-11,3.1526642957866275e-08,0.003058388577678894,1.0065662862101696e-07,246.3529794216156,0.07,0.001,1000000,20251006_022304
106,1,11.500000000000009,0.08695652173913036,1.0285714285714276e-12,1.1828571428571428e-11,3.1552795239085785e-08,0.0030877758258818847,1.0065662862101696e-07,240.07048225402832,0.07,0.001,1000000,20251006_022704
107,1,11.600000000000009,0.08620689655172407,1.019704433497536e-12,1.1828571428571428e-11,3.152429740436801e-08,0.0031118129843628133,1.0065662862101696e-07,250.20848989486694,0.07,0.001,1000000,20251006_023114
108,1,11.70000000000001,0.0854700854700854,1.0109890109890102e-12,1.1828571428571428e-11,3.158533905958106e-08,0.0031447164202892722,1.0065662862101696e-07,250.80844569206238,0.07,0.001,1000000,20251006_023525
109,1,11.80000000000001,0.08474576271186433,1.0024213075060524e-12,1.1828571428571428e-11,3.154906812735109e-08,0.0031679522472787902,1.0065662862101696e-07,246.1630699634552,0.07,0.001,1000000,20251006_023931
110,1,11.90000000000001,0.08403361344537809,9.93997599039615e-13,1.1828571428571428e-11,3.158586099678159e-08,0.003198525110221518,1.0065662862101696e-07,248.8818461894989,0.07,0.001,1000000,20251006_024340
111,1,12.00000000000001,0.08333333333333326,9.857142857142848e-13,1.1828571428571428e-11,3.1495784308586554e-08,0.003216205253614402,1.0065662862101696e-07,251.1177201271057,0.07,0.001,1000000,20251006_024751
112,1,12.10000000000001,0.08264462809917349,9.77567886658795e-13,1.1828571428571428e-11,3.1543034023060575e-08,0.0032478720962194427,1.0065662862101696e-07,249.3175835609436,0.07,0.001,1000000,20251006_025201
113,1,12.20000000000001,0.08196721311475404,9.69555035128805e-13,1.1828571428571428e-11,3.15544796621313e-08,0.003275902270218865,1.0065662862101696e-07,238.73948502540588,0.07,0.001,1000000,20251006_025559
114,1,12.30000000000001,0.08130081300813002,9.61672473867595e-13,1.1828571428571428e-11,3.1498836948257074e-08,0.003296929899577441,1.0065662862101696e-07,248.4676866531372,0.07,0.001,1000000,20251006_030008
115,1,12.40000000000001,0.08064516129032252,9.539170506912434e-13,1.1828571428571428e-11,3.1503948203718305e-08,0.003324273543637306,1.0065662862101696e-07,240.76615405082703,0.07,0.001,1000000,20251006_030409
116,1,12.50000000000001,0.07999999999999993,9.462857142857135e-13,1.1828571428571428e-11,3.153442055601542e-08,0.003354323552355174,1.0065662862101696e-07,244.00308656692505,0.07,0.001,1000000,20251006_030813
117,1,12.60000000000001,0.0793650793650793,9.387755102040808e-13,1.1828571428571428e-11,3.1516141507789705e-08,0.003379198239446379,1.0065662862101696e-07,244.11117577552795,0.07,0.001,1000000,20251006_031217
118,1,12.70000000000001,0.0787401574803149,9.313835770528677e-13,1.1828571428571428e-11,3.15112276523761e-08,0.0034054862221577493,1.0065662862101696e-07,250.51615476608276,0.07,0.001,1000000,20251006_031627
119,1,12.800000000000011,0.07812499999999993,9.241071428571419e-13,1.1828571428571428e-11,3.154491792323868e-08,0.0034359707235492643,1.0065662862101696e-07,242.59095430374146,0.07,0.001,1000000,20251006_032030
120,1,12.900000000000011,0.07751937984496117,9.169435215946836e-13,1.1828571428571428e-11,3.156378684210143e-08,0.0034648855629766046,1.0065662862101696e-07,215.251296043396,0.07,0.001,1000000,20251006_021420
121,1,13.00000000000001,0.07692307692307686,9.09890109890109e-13,1.1828571428571428e-11,3.152184018342952e-08,0.0034871047902451826,1.0065662862101696e-07,218.15012979507446,0.07,0.001,1000000,20251006_021759
122,1,13.10000000000001,0.07633587786259537,9.029443838604137e-13,1.1828571428571428e-11,3.151045102842593e-08,0.0035126590557977605,1.0065662862101696e-07,216.4473705291748,0.07,0.001,1000000,20251006_022135
123,1,13.20000000000001,0.0757575757575757,8.961038961038954e-13,1.1828571428571428e-11,3.1536882056792595e-08,0.003542442164192245,1.0065662862101696e-07,216.6922209262848,0.07,0.001,1000000,20251006_022512
124,1,13.300000000000011,0.07518796992481197,8.893662728249186e-13,1.1828571428571428e-11,3.150874018430332e-08,0.00356609380854258,1.0065662862101696e-07,215.111426115036,0.07,0.001,1000000,20251006_022847
125,1,13.400000000000011,0.07462686567164173,8.827292110874192e-13,1.1828571428571428e-11,3.1569897031955305e-08,0.0035998801911570275,1.0065662862101696e-07,217.62804079055786,0.07,0.001,1000000,20251006_023225
126,1,13.50000000000001,0.07407407407407401,8.761904761904755e-13,1.1828571428571428e-11,3.153383263634102e-08,0.0036226018964208256,1.0065662862101696e-07,219.40384006500244,0.07,0.001,1000000,20251006_023604
127,1,13.600000000000012,0.07352941176470582,8.697478991596631e-13,1.1828571428571428e-11,3.157084675098576e-08,0.0036537196580013237,1.0065662862101696e-07,218.34337759017944,0.07,0.001,1000000,20251006_023942
128,1,13.700000000000012,0.07299270072992695,8.633993743482787e-13,1.1828571428571428e-11,3.1481214861431215e-08,0.0036701357992498284,1.0065662862101696e-07,220.09292197227478,0.07,0.001,1000000,20251006_024322
129,1,13.800000000000011,0.07246376811594198,8.571428571428565e-13,1.1828571428571428e-11,3.15286084283305e-08,0.0037024906677592525,1.0065662862101696e-07,219.04231214523315,0.07,0.001,1000000,20251006_024702
130,1,13.900000000000011,0.07194244604316541,8.50976361767728e-13,1.1828571428571428e-11,3.15402322467922e-08,0.003730695218479549,1.0065662862101696e-07,220.4149854183197,0.07,0.001,1000000,20251006_025042
131,1,14.00000000000001,0.07142857142857137,8.448979591836727e-13,1.1828571428571428e-11,3.14848568420045e-08,0.003750937622566309,1.0065662862101696e-07,219.3563015460968,0.07,0.001,1000000,20251006_025421
132,1,14.100000000000012,0.07092198581560277,8.38905775075987e-13,1.1828571428571428e-11,3.1490230962011026e-08,0.0037783748512710933,1.0065662862101696e-07,217.08024048805237,0.07,0.001,1000000,20251006_025758
133,1,14.200000000000012,0.07042253521126755,8.329979879275648e-13,1.1828571428571428e-11,3.152086063464739e-08,0.0038088730209423173,1.0065662862101696e-07,218.07275915145874,0.07,0.001,1000000,20251006_030137
134,1,14.300000000000011,0.06993006993006988,8.271728271728265e-13,1.1828571428571428e-11,3.150282898696033e-08,0.0038335018434900096,1.0065662862101696e-07,217.60870361328125,0.07,0.001,1000000,20251006_030514
135,1,14.400000000000013,0.06944444444444438,8.214285714285706e-13,1.1828571428571428e-11,3.149808899052554e-08,0.0038597287166152222,1.0065662862101696e-07,219.80167627334595,0.07,0.001,1000000,20251006_030854
136,1,14.500000000000012,0.06896551724137925,8.157635467980289e-13,1.1828571428571428e-11,3.1531847796281024e-08,0.003890697869281599,1.0065662862101696e-07,220.29412937164307,0.07,0.001,1000000,20251006_031234
137,1,14.600000000000012,0.06849315068493145,8.101761252446176e-13,1.1828571428571428e-11,3.1551004511852676e-08,0.003919910306923333,1.0065662862101696e-07,240.22883081436157,0.07,0.001,1000000,20251006_021445
138,1,14.700000000000012,0.06802721088435369,8.046647230320693e-13,1.1828571428571428e-11,3.1509247172286426e-08,0.003941535524010118,1.0065662862101696e-07,242.36338686943054,0.07,0.001,1000000,20251006_021848
139,1,14.800000000000011,0.06756756756756752,7.992277992277986e-13,1.1828571428571428e-11,3.149802135600999e-08,0.003966934885137919,1.0065662862101696e-07,244.97185802459717,0.07,0.001,1000000,20251006_022253
140,1,14.900000000000013,0.06711409395973149,7.938638542665381e-13,1.1828571428571428e-11,3.152464004211961e-08,0.003997113570641914,1.0065662862101696e-07,248.7544240951538,0.07,0.001,1000000,20251006_022702
141,1,15.000000000000012,0.06666666666666661,7.885714285714279e-13,1.1828571428571428e-11,3.1496737209618155e-08,0.004020378199379733,1.0065662862101696e-07,246.6726212501526,0.07,0.001,1000000,20251006_023108
142,2,1.0,1.0,1.1828571428571428e-11,1.1828571428571428e-11,0.00011625454896945787,0.9892818445393461,1.0065662862101696e-07,351.0541114807129,0.07,0.001,1000000,20251006_023659
143,2,1.1,0.9090909090909091,1.0753246753246752e-11,1.1828571428571428e-11,0.00010537745257203682,0.9863940958454954,1.0065662862101696e-07,357.9935007095337,0.07,0.001,1000000,20251006_024257
144,2,1.2000000000000002,0.8333333333333333,9.857142857142855e-12,1.1828571428571428e-11,9.62446449907704e-05,0.9828062378722201,1.0065662862101696e-07,361.95408058166504,0.07,0.001,1000000,20251006_024859
145,2,1.3000000000000003,0.769230769230769,9.098901098901096e-12,1.1828571428571428e-11,8.844688752282791e-05,0.9784440355270335,1.0065662862101696e-07,359.30531072616577,0.07,0.001,1000000,20251006_025459
146,2,1.4000000000000004,0.7142857142857141,8.448979591836732e-12,1.1828571428571428e-11,8.165975454968358e-05,0.9728506854167978,1.0065662862101696e-07,361.3379907608032,0.07,0.001,1000000,20251006_030100
147,2,1.5000000000000004,0.6666666666666665,7.885714285714283e-12,1.1828571428571428e-11,7.563700147484318e-05,0.9654630248591347,1.0065662862101696e-07,354.9020617008209,0.07,0.001,1000000,20251006_030655
148,2,1.6000000000000005,0.6249999999999998,7.39285714285714e-12,1.1828571428571428e-11,7.018547435530447e-05,0.9556025620754118,1.0065662862101696e-07,362.61785101890564,0.07,0.001,1000000,20251006_031258
149,2,1.7000000000000006,0.5882352941176469,6.957983193277308e-12,1.1828571428571428e-11,6.503133322714496e-05,0.9407661064342339,1.0065662862101696e-07,363.5348358154297,0.07,0.001,1000000,20251006_031901
150,2,1.8000000000000007,0.5555555555555554,6.571428571428569e-12,1.1828571428571428e-11,5.985912930047684e-05,0.9168810224571465,1.0065662862101696e-07,364.73657727241516,0.07,0.001,1000000,20251006_032506
151,2,1.9000000000000008,0.526315789473684,6.225563909774433e-12,1.1828571428571428e-11,5.3660382892378744e-05,0.867595821155973,1.0065662862101696e-07,364.3749587535858,0.07,0.001,1000000,20251006_033110
152,2,2.000000000000001,0.4999999999999998,5.9142857142857115e-12,1.1828571428571428e-11,3.716425977764153e-05,0.6325073348041411,1.0065662862101696e-07,359.7398769855499,0.07,0.001,1000000,20251006_033710
153,2,2.100000000000001,0.47619047619047594,5.632653061224486e-12,1.1828571428571428e-11,2.996636956624838e-05,0.535504974257067,1.0065662862101696e-07,360.41550970077515,0.07,0.001,1000000,20251006_034310
154,2,2.200000000000001,0.4545454545454543,5.3766233766233736e-12,1.1828571428571428e-11,2.8682321585703566e-05,0.5369663429269016,1.0065662862101696e-07,363.1732954978943,0.07,0.001,1000000,20251006_021648
155,2,2.300000000000001,0.43478260869565194,5.14285714285714e-12,1.1828571428571428e-11,2.724049485423402e-05,0.533154294943542,1.0065662862101696e-07,357.9066593647003,0.07,0.001,1000000,20251006_022246
156,2,2.4000000000000012,0.41666666666666646,4.928571428571426e-12,1.1828571428571428e-11,2.6113626006333436e-05,0.533320779248506,1.0065662862101696e-07,355.1492278575897,0.07,0.001,1000000,20251006_022842
157,2,2.5000000000000013,0.3999999999999998,4.731428571428569e-12,1.1828571428571428e-11,2.4983313102862215e-05,0.5314961497893035,1.0065662862101696e-07,350.94972920417786,0.07,0.001,1000000,20251006_023432
158,2,2.6000000000000014,0.3846153846153844,4.549450549450547e-12,1.1828571428571428e-11,2.397744960510276e-05,0.5305012581071936,1.0065662862101696e-07,355.2135934829712,0.07,0.001,1000000,20251006_024028
159,2,2.7000000000000015,0.3703703703703702,4.380952380952379e-12,1.1828571428571428e-11,2.301309083272946e-05,0.5287480748348629,1.0065662862101696e-07,358.3412079811096,0.07,0.001,1000000,20251006_024626
160,2,2.8000000000000016,0.35714285714285693,4.224489795918364e-12,1.1828571428571428e-11,2.209667133053208e-05,0.526495872241662,1.0065662862101696e-07,359.7466893196106,0.07,0.001,1000000,20251006_025226
161,2,2.9000000000000017,0.34482758620689635,4.078817733990145e-12,1.1828571428571428e-11,2.124813124372019e-05,0.5243591145705601,1.0065662862101696e-07,364.917197227478,0.07,0.001,1000000,20251006_025831
162,2,3.0000000000000018,0.33333333333333315,3.942857142857141e-12,1.1828571428571428e-11,2.044661831735286e-05,0.5219787560028368,1.0065662862101696e-07,364.2457478046417,0.07,0.001,1000000,20251006_030435
163,2,3.100000000000002,0.32258064516129015,3.815668202764975e-12,1.1828571428571428e-11,1.968408535811778e-05,0.5192625680085893,1.0065662862101696e-07,363.03303718566895,0.07,0.001,1000000,20251006_031038
164,2,3.200000000000002,0.31249999999999983,3.696428571428569e-12,1.1828571428571428e-11,1.8938101733573013e-05,0.5156992583916167,1.0065662862101696e-07,360.90550446510315,0.07,0.001,1000000,20251006_031639
165,2,3.300000000000002,0.3030303030303028,3.5844155844155817e-12,1.1828571428571428e-11,1.8243652138265093e-05,0.5123135068256257,1.0065662862101696e-07,362.86513018608093,0.07,0.001,1000000,20251006_032242
166,2,3.400000000000002,0.2941176470588234,3.4789915966386535e-12,1.1828571428571428e-11,1.7551738828092786e-05,0.5078192366372416,1.0065662862101696e-07,360.24149465560913,0.07,0.001,1000000,20251006_032842
167,2,3.500000000000002,0.28571428571428553,3.3795918367346915e-12,1.1828571428571428e-11,1.686485236762902e-05,0.502297100811105,1.0065662862101696e-07,363.1162049770355,0.07,0.001,1000000,20251006_033445
168,2,3.6000000000000023,0.2777777777777776,3.2857142857142837e-12,1.1828571428571428e-11,1.6165529244512187e-05,0.495224944147364,1.0065662862101696e-07,358.70970034599304,0.07,0.001,1000000,20251006_034044
169,2,3.7000000000000024,0.2702702702702701,3.1969111969111947e-12,1.1828571428571428e-11,1.543756715366961e-05,0.4860608781689899,1.0065662862101696e-07,362.61857652664185,0.07,0.001,1000000,20251006_034647
170,2,3.8000000000000025,0.2631578947368419,3.1127819548872156e-12,1.1828571428571428e-11,1.4556466546284171e-05,0.47070590501308385,1.0065662862101696e-07,358.8307180404663,0.07,0.001,1000000,20251006_035246
171,2,3.9000000000000026,0.2564102564102562,3.0329670329670305e-12,1.1828571428571428e-11,1.3342969426722815e-05,0.44281995276861336,1.0065662862101696e-07,318.30565118789673,0.07,0.001,1000000,20251006_021604
172,2,4.000000000000003,0.24999999999999983,2.957142857142855e-12,1.1828571428571428e-11,1.0558029249785419e-05,0.3593791982685219,1.0065662862101696e-07,321.2773742675781,0.07,0.001,1000000,20251006_022125
173,2,4.100000000000003,0.24390243902439004,2.885017421602785e-12,1.1828571428571428e-11,6.507126157283092e-07,0.022702995694212105,1.0065662862101696e-07,321.8191375732422,0.07,0.001,1000000,20251006_022647
174,2,4.200000000000003,0.23809523809523794,2.8163265306122427e-12,1.1828571428571428e-11,2.231898675868448e-08,0.0007976894500503532,1.0065662862101696e-07,318.93307662010193,0.07,0.001,1000000,20251006_023206
175,2,4.3000000000000025,0.23255813953488358,2.7508305647840515e-12,1.1828571428571428e-11,2.2172401455694726e-08,0.0008113183005646743,1.0065662862101696e-07,317.10419750213623,0.07,0.001,1000000,20251006_023723
176,2,4.400000000000003,0.22727272727272713,2.6883116883116864e-12,1.1828571428571428e-11,2.2126080008048333e-08,0.0008284517855173688,1.0065662862101696e-07,319.4482831954956,0.07,0.001,1000000,20251006_024242
177,2,4.5000000000000036,0.22222222222222204,2.628571428571426e-12,1.1828571428571428e-11,2.2140979605390398e-08,0.0008478507896802749,1.0065662862101696e-07,319.43790197372437,0.07,0.001,1000000,20251006_024802
178,2,4.600000000000003,0.21739130434782594,2.5714285714285694e-12,1.1828571428571428e-11,2.2054703397690898e-08,0.0008633147013742437,1.0065662862101696e-07,321.80487847328186,0.07,0.001,1000000,20251006_025323
179,2,4.700000000000003,0.21276595744680837,2.5167173252279616e-12,1.1828571428571428e-11,2.2164585923038832e-08,0.000886477186543728,1.0065662862101696e-07,319.62280082702637,0.07,0.001,1000000,20251006_025843
180,2,4.800000000000003,0.20833333333333318,2.4642857142857122e-12,1.1828571428571428e-11,2.2115828050621355e-08,0.0009033468310239801,1.0065662862101696e-07,321.3623468875885,0.07,0.001,1000000,20251006_030405
181,2,4.900000000000004,0.20408163265306106,2.413994169096208e-12,1.1828571428571428e-11,2.206900478288696e-08,0.0009202141607898672,1.0065662862101696e-07,320.31194853782654,0.07,0.001,1000000,20251006_030925
182,2,5.0000000000000036,0.19999999999999984,2.3657142857142835e-12,1.1828571428571428e-11,2.201398585091758e-08,0.0009366530910536802,1.0065662862101696e-07,317.13661456108093,0.07,0.001,1000000,20251006_031442
183,2,5.100000000000003,0.1960784313725489,2.3193277310924355e-12,1.1828571428571428e-11,2.2003115620523875e-08,0.0009549143951627684,1.0065662862101696e-07,323.335177898407,0.07,0.001,1000000,20251006_032005
184,2,5.200000000000004,0.19230769230769218,2.274725274725273e-12,1.1828571428571428e-11,2.198770051909419e-08,0.000972956088355726,1.0065662862101696e-07,315.2534990310669,0.07,0.001,1000000,20251006_032521
185,2,5.300000000000004,0.18867924528301872,2.2318059299191357e-12,1.1828571428571428e-11,2.1935004609926137e-08,0.0009892901453584847,1.0065662862101696e-07,317.43661308288574,0.07,0.001,1000000,20251006_033038
186,2,5.400000000000004,0.18518518518518506,2.190476190476189e-12,1.1828571428571428e-11,2.1936754906373175e-08,0.0010080364266735354,1.0065662862101696e-07,321.1512625217438,0.07,0.001,1000000,20251006_033559
187,2,5.5000000000000036,0.1818181818181817,2.1506493506493493e-12,1.1828571428571428e-11,2.197669287766252e-08,0.001028572980824197,1.0065662862101696e-07,312.10771799087524,0.07,0.001,1000000,20251006_034111
188,2,5.600000000000004,0.17857142857142844,2.1122448979591817e-12,1.1828571428571428e-11,2.1935250681437475e-08,0.0010452994270141816,1.0065662862101696e-07,359.32759714126587,0.07,0.001,1000000,20251006_021645
189,2,5.700000000000005,0.17543859649122792,2.07518796992481e-12,1.1828571428571428e-11,2.1930011795406668e-08,0.0010637113769625171,1.0065662862101696e-07,358.7669401168823,0.07,0.001,1000000,20251006_022243
190,2,5.800000000000004,0.17241379310344815,2.039408866995072e-12,1.1828571428571428e-11,2.1970456290771668e-08,0.0010843691499453666,1.0065662862101696e-07,359.1068916320801,0.07,0.001,1000000,20251006_022842
191,2,5.900000000000004,0.1694915254237287,2.004842615012105e-12,1.1828571428571428e-11,2.1956330061109458e-08,0.001102355937714453,1.0065662862101696e-07,359.2048408985138,0.07,0.001,1000000,20251006_023442
192,2,6.000000000000004,0.16666666666666655,1.97142857142857e-12,1.1828571428571428e-11,2.1883957532968875e-08,0.001117344761092688,1.0065662862101696e-07,366.3331866264343,0.07,0.001,1000000,20251006_024048
193,2,6.100000000000005,0.16393442622950807,1.93911007025761e-12,1.1828571428571428e-11,2.1861785977140353e-08,0.0011348162777581952,1.0065662862101696e-07,359.67722153663635,0.07,0.001,1000000,20251006_024648
194,2,6.200000000000005,0.16129032258064505,1.907834101382487e-12,1.1828571428571428e-11,2.188434347880319e-08,0.0011546099488233459,1.0065662862101696e-07,352.0790946483612,0.07,0.001,1000000,20251006_025240
195,2,6.300000000000004,0.1587301587301586,1.8775510204081617e-12,1.1828571428571428e-11,2.1837880822764796e-08,0.0011707417992663724,1.0065662862101696e-07,357.5663685798645,0.07,0.001,1000000,20251006_025837
196,2,6.400000000000005,0.1562499999999999,1.848214285714284e-12,1.1828571428571428e-11,2.1927201885661732e-08,0.0011941895666335708,1.0065662862101696e-07,354.33404088020325,0.07,0.001,1000000,20251006_030432
197,2,6.500000000000005,0.15384615384615372,1.819780219780218e-12,1.1828571428571428e-11,2.1887373752944973e-08,0.0012106457842506139,1.0065662862101696e-07,359.7048251628876,0.07,0.001,1000000,20251006_031032
198,2,6.600000000000005,0.1515151515151514,1.7922077922077908e-12,1.1828571428571428e-11,2.1873805450486607e-08,0.001228509060908454,1.0065662862101696e-07,353.43070340156555,0.07,0.001,1000000,20251006_031625
199,2,6.700000000000005,0.14925373134328349,1.7654584221748389e-12,1.1828571428571428e-11,2.1826545538976562e-08,0.0012444283370265084,1.0065662862101696e-07,362.76199316978455,0.07,0.001,1000000,20251006_032228
200,2,6.800000000000005,0.14705882352941166,1.7394957983193263e-12,1.1828571428571428e-11,2.1830925773057515e-08,0.0012632553583140343,1.0065662862101696e-07,360.60260486602783,0.07,0.001,1000000,20251006_032828
201,2,6.900000000000006,0.14492753623188395,1.714285714285713e-12,1.1828571428571428e-11,2.1823253211658764e-08,0.0012813821380665397,1.0065662862101696e-07,354.1921796798706,0.07,0.001,1000000,20251006_033423
202,2,7.000000000000005,0.14285714285714274,1.6897959183673454e-12,1.1828571428571428e-11,2.179434974827682e-08,0.0012982311915917144,1.0065662862101696e-07,351.7495114803314,0.07,0.001,1000000,20251006_034014
203,2,7.100000000000005,0.1408450704225351,1.6659959758551295e-12,1.1828571428571428e-11,2.178478486301458e-08,0.0013161994574564862,1.0065662862101696e-07,356.71731328964233,0.07,0.001,1000000,20251006_034611
204,2,7.2000000000000055,0.13888888888888878,1.6428571428571414e-12,1.1828571428571428e-11,2.183603492061568e-08,0.0013378775306886787,1.0065662862101696e-07,360.39883947372437,0.07,0.001,1000000,20251006_035212
205,2,7.300000000000006,0.1369863013698629,1.6203522504892353e-12,1.1828571428571428e-11,2.180068905716042e-08,0.0013542634704560763,1.0065662862101696e-07,354.27439618110657,0.07,0.001,1000000,20251006_021640
206,2,7.400000000000006,0.13513513513513503,1.5984555984555972e-12,1.1828571428571428e-11,2.180306968933975e-08,0.001372964936053547,1.0065662862101696e-07,361.9694564342499,0.07,0.001,1000000,20251006_022242
207,2,7.500000000000005,0.13333333333333325,1.577142857142856e-12,1.1828571428571428e-11,2.184105952516596e-08,0.001393943108804266,1.0065662862101696e-07,351.122065782547,0.07,0.001,1000000,20251006_022833
208,2,7.600000000000006,0.13157894736842096,1.5563909774436078e-12,1.1828571428571428e-11,2.1846850220430056e-08,0.001412903519132928,1.0065662862101696e-07,348.0973198413849,0.07,0.001,1000000,20251006_023421
209,2,7.700000000000006,0.12987012987012977,1.5361781076066777e-12,1.1828571428571428e-11,2.1779134573914028e-08,0.0014270573507319559,1.0065662862101696e-07,360.4579060077667,0.07,0.001,1000000,20251006_024021
210,2,7.800000000000006,0.1282051282051281,1.5164835164835153e-12,1.1828571428571428e-11,2.1758110691415916e-08,0.001444195102390114,1.0065662862101696e-07,362.6587688922882,0.07,0.001,1000000,20251006_024624
211,2,7.900000000000006,0.12658227848101256,1.497287522603977e-12,1.1828571428571428e-11,2.1778329352949686e-08,0.0014640696436537758,1.0065662862101696e-07,363.7387812137604,0.07,0.001,1000000,20251006_025228
212,2,8.000000000000007,0.12499999999999989,1.478571428571427e-12,1.1828571428571428e-11,2.173827487006717e-08,0.0014798753838845967,1.0065662862101696e-07,365.68878054618835,0.07,0.001,1000000,20251006_025833
213,2,8.100000000000007,0.12345679012345669,1.460317460317459e-12,1.1828571428571428e-11,2.1829052102876793e-08,0.0015046309110009822,1.0065662862101696e-07,356.4574463367462,0.07,0.001,1000000,20251006_030430
214,2,8.200000000000006,0.12195121951219502,1.4425087108013924e-12,1.1828571428571428e-11,2.1798866310767745e-08,0.0015211002707797507,1.0065662862101696e-07,360.91694474220276,0.07,0.001,1000000,20251006_031031
215,2,8.300000000000006,0.12048192771084329,1.4251290877796891e-12,1.1828571428571428e-11,2.177445366747283e-08,0.0015379260131775344,1.0065662862101696e-07,362.7975583076477,0.07,0.001,1000000,20251006_031634
216,2,8.400000000000006,0.11904761904761897,1.4081632653061214e-12,1.1828571428571428e-11,2.173741152135812e-08,0.0015538074402273987,1.0065662862101696e-07,361.8484637737274,0.07,0.001,1000000,20251006_032235
217,2,8.500000000000007,0.11764705882352931,1.391596638655461e-12,1.1828571428571428e-11,2.17502905089938e-08,0.0015732367076413012,1.0065662862101696e-07,356.8087160587311,0.07,0.001,1000000,20251006_032832
218,2,8.600000000000007,0.11627906976744178,1.3754152823920255e-12,1.1828571428571428e-11,2.1739685844785088e-08,0.001590969296640701,1.0065662862101696e-07,363.8075747489929,0.07,0.001,1000000,20251006_033436
219,2,8.700000000000006,0.1149425287356321,1.3596059113300481e-12,1.1828571428571428e-11,2.170741473711586e-08,0.0016070797907746432,1.0065662862101696e-07,359.8111135959625,0.07,0.001,1000000,20251006_034036
220,2,8.800000000000008,0.11363636363636354,1.3441558441558428e-12,1.1828571428571428e-11,2.1713498047548284e-08,0.001626007518799169,1.0065662862101696e-07,356.2801344394684,0.07,0.001,1000000,20251006_034632
221,2,8.900000000000007,0.11235955056179765,1.3290529695024064e-12,1.1828571428571428e-11,2.1753531930579797e-08,0.0016475168672559371,1.0065662862101696e-07,361.04699516296387,0.07,0.001,1000000,20251006_035233
222,2,9.000000000000007,0.11111111111111102,1.314285714285713e-12,1.1828571428571428e-11,2.1733538540328004e-08,0.0016644970676435325,1.0065662862101696e-07,314.67032861709595,0.07,0.001,1000000,20251006_021600
223,2,9.100000000000007,0.1098901098901098,1.2998430141287273e-12,1.1828571428571428e-11,2.1735563424220183e-08,0.0016831482815074957,1.0065662862101696e-07,317.06082010269165,0.07,0.001,1000000,20251006_022117
224,2,9.200000000000006,0.10869565217391297,1.2857142857142847e-12,1.1828571428571428e-11,2.17699700010052e-08,0.0017043380553747817,1.0065662862101696e-07,317.5000648498535,0.07,0.001,1000000,20251006_022635
225,2,9.300000000000008,0.10752688172043001,1.2718894009216577e-12,1.1828571428571428e-11,2.1771983623554586e-08,0.0017230228260027639,1.0065662862101696e-07,317.9710142612457,0.07,0.001,1000000,20251006_023153
226,2,9.400000000000007,0.10638297872340417,1.2583586626139806e-12,1.1828571428571428e-11,2.1709581663115518e-08,0.0017365583946015266,1.0065662862101696e-07,319.90404081344604,0.07,0.001,1000000,20251006_023712
227,2,9.500000000000007,0.10526315789473677,1.2451127819548862e-12,1.1828571428571428e-11,2.1692054290494314e-08,0.0017536154831830617,1.0065662862101696e-07,316.5859181880951,0.07,0.001,1000000,20251006_024229
228,2,9.600000000000009,0.10416666666666657,1.232142857142856e-12,1.1828571428571428e-11,2.171858188475537e-08,0.0017742416946832222,1.0065662862101696e-07,313.967271566391,0.07,0.001,1000000,20251006_024743
229,2,9.700000000000008,0.10309278350515455,1.2194403534609708e-12,1.1828571428571428e-11,2.1684414164183983e-08,0.0017899030626580342,1.0065662862101696e-07,315.09466099739075,0.07,0.001,1000000,20251006_025258
230,2,9.800000000000008,0.10204081632653053,1.206997084548104e-12,1.1828571428571428e-11,2.17707382813417e-08,0.0018155546074171424,1.0065662862101696e-07,313.3917920589447,0.07,0.001,1000000,20251006_025812
231,2,9.900000000000007,0.10101010101010094,1.194805194805194e-12,1.1828571428571428e-11,2.1736998161646524e-08,0.0018312382309731412,1.0065662862101696e-07,317.00160098075867,0.07,0.001,1000000,20251006_030329
232,2,10.000000000000007,0.09999999999999992,1.1828571428571418e-12,1.1828571428571428e-11,2.1715222452259654e-08,0.001847882557077186,1.0065662862101696e-07,319.2647635936737,0.07,0.001,1000000,20251006_030848
233,2,10.100000000000009,0.09900990099009893,1.1711456859971702e-12,1.1828571428571428e-11,2.1693953444655452e-08,0.0018645333721577589,1.0065662862101696e-07,314.5011782646179,0.07,0.001,1000000,20251006_031402
234,2,10.200000000000008,0.09803921568627443,1.1596638655462173e-12,1.1828571428571428e-11,2.1695255449879638e-08,0.0018831071102039065,1.0065662862101696e-07,319.3265619277954,0.07,0.001,1000000,20251006_031922
235,2,10.300000000000008,0.09708737864077663,1.1484049930651862e-12,1.1828571428571428e-11,2.1690176613262555e-08,0.0019011237893159433,1.0065662862101696e-07,316.77964997291565,0.07,0.001,1000000,20251006_032439
236,2,10.40000000000001,0.09615384615384606,1.1373626373626361e-12,1.1828571428571428e-11,2.1663227411923137e-08,0.0019171962966806485,1.0065662862101696e-07,319.18971395492554,0.07,0.001,1000000,20251006_032958
237,2,10.500000000000009,0.09523809523809516,1.126530612244897e-12,1.1828571428571428e-11,2.1673797024969023e-08,0.0019365752818755607,1.0065662862101696e-07,315.5831894874573,0.07,0.001,1000000,20251006_033513
238,2,10.600000000000009,0.09433962264150936,1.1159029649595678e-12,1.1828571428571428e-11,2.171904710382844e-08,0.0019591005015491144,1.0065662862101696e-07,314.7790722846985,0.07,0.001,1000000,20251006_034028
239,2,10.700000000000008,0.09345794392523357,1.1054739652870486e-12,1.1828571428571428e-11,2.168054701472372e-08,0.0019740770363550694,1.0065662862101696e-07,345.5104558467865,0.07,0.001,1000000,20251006_021631
240,2,10.800000000000008,0.09259259259259253,1.0952380952380945e-12,1.1828571428571428e-11,2.169203008139289e-08,0.0019935816928135903,1.0065662862101696e-07,360.2936887741089,0.07,0.001,1000000,20251006_022231
241,2,10.90000000000001,0.09174311926605497,1.0851900393184786e-12,1.1828571428571428e-11,2.1729295136361465e-08,0.0020154972967783694,1.0065662862101696e-07,356.1346356868744,0.07,0.001,1000000,20251006_022827
242,2,11.000000000000009,0.09090909090909084,1.0753246753246744e-12,1.1828571428571428e-11,2.1730101209820258e-08,0.002034063550818808,1.0065662862101696e-07,364.4857611656189,0.07,0.001,1000000,20251006_023432
243,2,11.100000000000009,0.09009009009009002,1.0656370656370647e-12,1.1828571428571428e-11,2.1673617971251444e-08,0.0020472198137194524,1.0065662862101696e-07,365.4716420173645,0.07,0.001,1000000,20251006_024037
244,2,11.20000000000001,0.0892857142857142,1.0561224489795909e-12,1.1828571428571428e-11,2.1648797567260508e-08,0.0020632976592105624,1.0065662862101696e-07,361.38610076904297,0.07,0.001,1000000,20251006_024639
245,2,11.30000000000001,0.08849557522123887,1.0467762326169397e-12,1.1828571428571428e-11,2.168627527270755e-08,0.0020853237667050393,1.0065662862101696e-07,355.9732701778412,0.07,0.001,1000000,20251006_025235
246,2,11.40000000000001,0.08771929824561396,1.037593984962405e-12,1.1828571428571428e-11,2.164409479002055e-08,0.0020996860454970006,1.0065662862101696e-07,351.90299224853516,0.07,0.001,1000000,20251006_025827
247,2,11.500000000000009,0.08695652173913036,1.0285714285714276e-12,1.1828571428571428e-11,2.1737040973978395e-08,0.002127200114508753,1.0065662862101696e-07,360.38043093681335,0.07,0.001,1000000,20251006_030427
248,2,11.600000000000009,0.08620689655172407,1.019704433497536e-12,1.1828571428571428e-11,2.169172803637214e-08,0.0021412245954606684,1.0065662862101696e-07,360.0611231327057,0.07,0.001,1000000,20251006_031027
249,2,11.70000000000001,0.0854700854700854,1.0109890109890102e-12,1.1828571428571428e-11,2.167684482507483e-08,0.002158201617936962,1.0065662862101696e-07,357.0940361022949,0.07,0.001,1000000,20251006_031624
250,2,11.80000000000001,0.08474576271186433,1.0024213075060524e-12,1.1828571428571428e-11,2.1649824715992426e-08,0.0021739346019783268,1.0065662862101696e-07,359.343115568161,0.07,0.001,1000000,20251006_032224
251,2,11.90000000000001,0.08403361344537809,9.93997599039615e-13,1.1828571428571428e-11,2.1660506404195218e-08,0.002193439451943127,1.0065662862101696e-07,359.16964840888977,0.07,0.001,1000000,20251006_032823
252,2,12.00000000000001,0.08333333333333326,9.857142857142848e-13,1.1828571428571428e-11,2.1658687987722127e-08,0.0022116860278826676,1.0065662862101696e-07,357.13283586502075,0.07,0.001,1000000,20251006_033420
253,2,12.10000000000001,0.08264462809917349,9.77567886658795e-13,1.1828571428571428e-11,2.162633223383846e-08,0.002226785189861701,1.0065662862101696e-07,358.68336486816406,0.07,0.001,1000000,20251006_034019
254,2,12.20000000000001,0.08196721311475404,9.69555035128805e-13,1.1828571428571428e-11,2.162752190563736e-08,0.0022453118818153953,1.0065662862101696e-07,363.1323437690735,0.07,0.001,1000000,20251006_034622
255,2,12.30000000000001,0.08130081300813002,9.61672473867595e-13,1.1828571428571428e-11,2.1679148457206212e-08,0.0022691197412575016,1.0065662862101696e-07,362.28128719329834,0.07,0.001,1000000,20251006_035224
256,2,12.40000000000001,0.08064516129032252,9.539170506912434e-13,1.1828571428571428e-11,2.1655690882132824e-08,0.0022850926430917984,1.0065662862101696e-07,350.8963665962219,0.07,0.001,1000000,20251006_021636
257,2,12.50000000000001,0.07999999999999993,9.462857142857135e-13,1.1828571428571428e-11,2.1660875292001497e-08,0.0023040722764360072,1.0065662862101696e-07,359.3562014102936,0.07,0.001,1000000,20251006_022236
258,2,12.60000000000001,0.0793650793650793,9.387755102040808e-13,1.1828571428571428e-11,2.169591347784335e-08,0.0023262616906764527,1.0065662862101696e-07,363.06025767326355,0.07,0.001,1000000,20251006_022839
259,2,12.70000000000001,0.0787401574803149,9.313835770528677e-13,1.1828571428571428e-11,2.1704571071884993e-08,0.002345659729876455,1.0065662862101696e-07,351.94494438171387,0.07,0.001,1000000,20251006_023431
260,2,12.800000000000011,0.07812499999999993,9.241071428571419e-13,1.1828571428571428e-11,2.163641853403226e-08,0.00235670610480894,1.0065662862101696e-07,348.9438817501068,0.07,0.001,1000000,20251006_024020
261,2,12.900000000000011,0.07751937984496117,9.169435215946836e-13,1.1828571428571428e-11,2.1623715401702656e-08,0.0023737233966279747,1.0065662862101696e-07,358.94917392730713,0.07,0.001,1000000,20251006_024619
262,2,13.00000000000001,0.07692307692307686,9.09890109890109e-13,1.1828571428571428e-11,2.1647685724743457e-08,0.0023947760711050666,1.0065662862101696e-07,357.9300091266632,0.07,0.001,1000000,20251006_025217
263,2,13.10000000000001,0.07633587786259537,9.029443838604137e-13,1.1828571428571428e-11,2.161710909039087e-08,0.0024097888645906425,1.0065662862101696e-07,361.77073645591736,0.07,0.001,1000000,20251006_025818
264,2,13.20000000000001,0.0757575757575757,8.961038961038954e-13,1.1828571428571428e-11,2.1698747385289814e-08,0.002437354381114252,1.0065662862101696e-07,361.6255657672882,0.07,0.001,1000000,20251006_030420
265,2,13.300000000000011,0.07518796992481197,8.893662728249186e-13,1.1828571428571428e-11,2.1670835951129054e-08,0.002452660228851736,1.0065662862101696e-07,356.91181087493896,0.07,0.001,1000000,20251006_031017
266,2,13.400000000000011,0.07462686567164173,8.827292110874192e-13,1.1828571428571428e-11,2.164830085144077e-08,0.0024685316308896018,1.0065662862101696e-07,360.52410078048706,0.07,0.001,1000000,20251006_031618
267,2,13.50000000000001,0.07407407407407401,8.761904761904755e-13,1.1828571428571428e-11,2.162351321031083e-08,0.002484105908289684,1.0065662862101696e-07,363.5527536869049,0.07,0.001,1000000,20251006_032221
268,2,13.600000000000012,0.07352941176470582,8.697478991596631e-13,1.1828571428571428e-11,2.1629822287594885e-08,0.0025032368474181958,1.0065662862101696e-07,353.25364422798157,0.07,0.001,1000000,20251006_032814
269,2,13.700000000000012,0.07299270072992695,8.633993743482787e-13,1.1828571428571428e-11,2.1634912001174345e-08,0.0025222363685338364,1.0065662862101696e-07,362.06130957603455,0.07,0.001,1000000,20251006_033416
270,2,13.800000000000011,0.07246376811594198,8.571428571428565e-13,1.1828571428571428e-11,2.1597771058190074e-08,0.0025362852905203197,1.0065662862101696e-07,356.60089635849,0.07,0.001,1000000,20251006_034013
271,2,13.900000000000011,0.07194244604316541,8.50976361767728e-13,1.1828571428571428e-11,2.1605189966062243e-08,0.0025555417052748057,1.0065662862101696e-07,361.50958776474,0.07,0.001,1000000,20251006_034615
272,2,14.00000000000001,0.07142857142857137,8.448979591836727e-13,1.1828571428571428e-11,2.164702985719834e-08,0.002578911478481159,1.0065662862101696e-07,356.9465026855469,0.07,0.001,1000000,20251006_035212
273,2,14.100000000000012,0.07092198581560277,8.38905775075987e-13,1.1828571428571428e-11,2.162362476900461e-08,0.002594524000763698,1.0065662862101696e-07,364.3519022464752,0.07,0.001,1000000,20251006_021650
274,2,14.200000000000012,0.07042253521126755,8.329979879275648e-13,1.1828571428571428e-11,2.1636863746341148e-08,0.0026145246329555244,1.0065662862101696e-07,359.6428129673004,0.07,0.001,1000000,20251006_022249
275,2,14.300000000000011,0.06993006993006988,8.271728271728265e-13,1.1828571428571428e-11,2.1670998989185552e-08,0.0026370906120748634,1.0065662862101696e-07,361.04566287994385,0.07,0.001,1000000,20251006_022850
276,2,14.400000000000013,0.06944444444444438,8.214285714285706e-13,1.1828571428571428e-11,2.1670798355640343e-08,0.0026555072198317323,1.0065662862101696e-07,365.9944198131561,0.07,0.001,1000000,20251006_023456
277,2,14.500000000000012,0.06896551724137925,8.157635467980289e-13,1.1828571428571428e-11,2.1618037279039123e-08,0.0026674380811113722,1.0065662862101696e-07,359.6938359737396,0.07,0.001,1000000,20251006_024056
278,2,14.600000000000012,0.06849315068493145,8.101761252446176e-13,1.1828571428571428e-11,2.1596584571361973e-08,0.0026831689122233963,1.0065662862101696e-07,365.50332379341125,0.07,0.001,1000000,20251006_024702
279,2,14.700000000000012,0.06802721088435369,8.046647230320693e-13,1.1828571428571428e-11,2.1623468578885297e-08,0.002704909739352824,1.0065662862101696e-07,355.47962713241577,0.07,0.001,1000000,20251006_025257
280,2,14.800000000000011,0.06756756756756752,7.992277992277986e-13,1.1828571428571428e-11,2.1599365041861514e-08,0.002720274829740696,1.0065662862101696e-07,363.97639060020447,0.07,0.001,1000000,20251006_025901
281,2,14.900000000000013,0.06711409395973149,7.938638542665381e-13,1.1828571428571428e-11,2.1676758298805753e-08,0.0027484680125741895,1.0065662862101696e-07,364.32191801071167,0.07,0.001,1000000,20251006_030505
282,2,15.000000000000012,0.06666666666666661,7.885714285714279e-13,1.1828571428571428e-11,2.164262663180236e-08,0.002762557394714609,1.0065662862101696e-07,352.1254677772522,0.07,0.001,1000000,20251006_031058
283,3,1.0,1.0,1.1828571428571428e-11,1.1828571428571428e-11,0.00011625823981366321,0.989313252214966,1.0065662862101696e-07,469.11109495162964,0.07,0.001,1000000,20251006_031847
284,3,1.1,0.9090909090909091,1.0753246753246752e-11,1.1828571428571428e-11,0.00010537790492463729,0.9863983301282898,1.0065662862101696e-07,463.59644508361816,0.07,0.001,1000000,20251006_032630
285,3,1.2000000000000002,0.8333333333333333,9.857142857142855e-12,1.1828571428571428e-11,9.62485389225884e-05,0.9828460009206573,1.0065662862101696e-07,472.4291591644287,0.07,0.001,1000000,20251006_033423
286,3,1.3000000000000003,0.769230769230769,9.098901098901096e-12,1.1828571428571428e-11,8.844109049594567e-05,0.9783799058947132,1.0065662862101696e-07,482.7540898323059,0.07,0.001,1000000,20251006_034226
287,3,1.4000000000000004,0.7142857142857141,8.448979591836732e-12,1.1828571428571428e-11,8.16589611956232e-05,0.9728412338204064,1.0065662862101696e-07,476.5517854690552,0.07,0.001,1000000,20251006_035022
288,3,1.5000000000000004,0.6666666666666665,7.885714285714283e-12,1.1828571428571428e-11,7.562668538660643e-05,0.9653313458983144,1.0065662862101696e-07,475.61795449256897,0.07,0.001,1000000,20251006_035818
289,3,1.6000000000000005,0.6249999999999998,7.39285714285714e-12,1.1828571428571428e-11,7.017288331704385e-05,0.9554311301868116,1.0065662862101696e-07,466.0507884025574,0.07,0.001,1000000,20251006_040604
290,3,1.7000000000000006,0.5882352941176469,6.957983193277308e-12,1.1828571428571428e-11,6.504418832414425e-05,0.9409520727823267,1.0065662862101696e-07,411.5677490234375,0.07,0.001,1000000,20251006_021737
291,3,1.8000000000000007,0.5555555555555554,6.571428571428569e-12,1.1828571428571428e-11,5.9857120086047896e-05,0.9168502466907518,1.0065662862101696e-07,417.7092592716217,0.07,0.001,1000000,20251006_022435
292,3,1.9000000000000008,0.526315789473684,6.225563909774433e-12,1.1828571428571428e-11,5.366131316403206e-05,0.8676108620437836,1.0065662862101696e-07,416.1807129383087,0.07,0.001,1000000,20251006_023131
293,3,2.000000000000001,0.4999999999999998,5.9142857142857115e-12,1.1828571428571428e-11,4.2866241740201925e-05,0.7295507156172875,1.0065662862101696e-07,417.8507809638977,0.07,0.001,1000000,20251006_023829
294,3,2.100000000000001,0.47619047619047594,5.632653061224486e-12,1.1828571428571428e-11,3.993505735832882e-05,0.713647404479491,1.0065662862101696e-07,419.48401713371277,0.07,0.001,1000000,20251006_024528
295,3,2.200000000000001,0.4545454545454543,5.3766233766233736e-12,1.1828571428571428e-11,3.821840457230546e-05,0.7154928820657472,1.0065662862101696e-07,422.2695939540863,0.07,0.001,1000000,20251006_025230
296,3,2.300000000000001,0.43478260869565194,5.14285714285714e-12,1.1828571428571428e-11,3.632505586716791e-05,0.7109584335115142,1.0065662862101696e-07,421.94063997268677,0.07,0.001,1000000,20251006_025932
297,3,2.4000000000000012,0.41666666666666646,4.928571428571426e-12,1.1828571428571428e-11,3.480322670031288e-05,0.7107892247392811,1.0065662862101696e-07,418.56551241874695,0.07,0.001,1000000,20251006_030631
298,3,2.5000000000000013,0.3999999999999998,4.731428571428569e-12,1.1828571428571428e-11,3.329495173138864e-05,0.7083183315117004,1.0065662862101696e-07,421.86874532699585,0.07,0.001,1000000,20251006_031333
299,3,2.6000000000000014,0.3846153846153844,4.549450549450547e-12,1.1828571428571428e-11,3.1958872345064106e-05,0.7070902980079913,1.0065662862101696e-07,421.89334654808044,0.07,0.001,1000000,20251006_032035
300,3,2.7000000000000015,0.3703703703703702,4.380952380952379e-12,1.1828571428571428e-11,3.0668535203414e-05,0.7046393317905786,1.0065662862101696e-07,416.14189529418945,0.07,0.001,1000000,20251006_032731
301,3,2.8000000000000016,0.35714285714285693,4.224489795918364e-12,1.1828571428571428e-11,2.944924944578646e-05,0.7016852467003805,1.0065662862101696e-07,417.77490854263306,0.07,0.001,1000000,20251006_033429
302,3,2.9000000000000017,0.34482758620689635,4.078817733990145e-12,1.1828571428571428e-11,2.8317483395279832e-05,0.6988158323054362,1.0065662862101696e-07,421.7016541957855,0.07,0.001,1000000,20251006_034130
303,3,3.0000000000000018,0.33333333333333315,3.942857142857141e-12,1.1828571428571428e-11,2.724451455920056e-05,0.6955212640441084,1.0065662862101696e-07,421.30683493614197,0.07,0.001,1000000,20251006_034832
304,3,3.100000000000002,0.32258064516129015,3.815668202764975e-12,1.1828571428571428e-11,2.6229059084210498e-05,0.6919177766570355,1.0065662862101696e-07,424.3874936103821,0.07,0.001,1000000,20251006_035536
305,3,3.200000000000002,0.31249999999999983,3.696428571428569e-12,1.1828571428571428e-11,2.5257332295850337e-05,0.687776827749843,1.0065662862101696e-07,423.0664656162262,0.07,0.001,1000000,20251006_040239
306,3,3.300000000000002,0.3030303030303028,3.5844155844155817e-12,1.1828571428571428e-11,2.431257423388307e-05,0.6827394027972009,1.0065662862101696e-07,413.21955728530884,0.07,0.001,1000000,20251006_040932
307,3,3.400000000000002,0.2941176470588234,3.4789915966386535e-12,1.1828571428571428e-11,2.34036984236233e-05,0.6771322422454273,1.0065662862101696e-07,472.64404916763306,0.07,0.001,1000000,20251006_021838
308,3,3.500000000000002,0.28571428571428553,3.3795918367346915e-12,1.1828571428571428e-11,2.2477655816906472e-05,0.6694669543347616,1.0065662862101696e-07,482.08734369277954,0.07,0.001,1000000,20251006_022640
309,3,3.6000000000000023,0.2777777777777776,3.2857142857142837e-12,1.1828571428571428e-11,2.1548996311155377e-05,0.6601454448666708,1.0065662862101696e-07,477.9017779827118,0.07,0.001,1000000,20251006_023438
310,3,3.7000000000000024,0.2702702702702701,3.1969111969111947e-12,1.1828571428571428e-11,2.0549020736287784e-05,0.6469979994366271,1.0065662862101696e-07,470.09516525268555,0.07,0.001,1000000,20251006_024228
311,3,3.8000000000000025,0.2631578947368419,3.1127819548872156e-12,1.1828571428571428e-11,1.9383616908728983e-05,0.6267992929767198,1.0065662862101696e-07,466.9595365524292,0.07,0.001,1000000,20251006_025015
312,3,3.9000000000000026,0.2564102564102562,3.0329670329670305e-12,1.1828571428571428e-11,1.7777719181445126e-05,0.589998261743356,1.0065662862101696e-07,466.2510333061218,0.07,0.001,1000000,20251006_025801
313,3,4.000000000000003,0.24999999999999983,2.957142857142855e-12,1.1828571428571428e-11,1.4665694874229682e-05,0.49919786555417545,1.0065662862101696e-07,469.32165789604187,0.07,0.001,1000000,20251006_030551
314,3,4.100000000000003,0.24390243902439004,2.885017421602785e-12,1.1828571428571428e-11,1.1061691192720399e-05,0.38593615898771894,1.0065662862101696e-07,470.42266726493835,0.07,0.001,1000000,20251006_031341
315,3,4.200000000000003,0.23809523809523794,2.8163265306122427e-12,1.1828571428571428e-11,1.0711014417260142e-05,0.38281590882082,1.0065662862101696e-07,474.1903145313263,0.07,0.001,1000000,20251006_032135
316,3,4.3000000000000025,0.23255813953488358,2.7508305647840515e-12,1.1828571428571428e-11,1.0418272589831754e-05,0.3812187520279131,1.0065662862101696e-07,468.27119398117065,0.07,0.001,1000000,20251006_032924
317,3,4.400000000000003,0.22727272727272713,2.6883116883116864e-12,1.1828571428571428e-11,1.0148506950105565e-05,0.379983652779532,1.0065662862101696e-07,475.94683933258057,0.07,0.001,1000000,20251006_033720
318,3,4.5000000000000036,0.22222222222222204,2.628571428571426e-12,1.1828571428571428e-11,9.880812476387543e-06,0.37836874474823745,1.0065662862101696e-07,472.00300645828247,0.07,0.001,1000000,20251006_034512
319,3,4.600000000000003,0.21739130434782594,2.5714285714285694e-12,1.1828571428571428e-11,9.626617212438074e-06,0.37682665752241595,1.0065662862101696e-07,469.1915752887726,0.07,0.001,1000000,20251006_035301
320,3,4.700000000000003,0.21276595744680837,2.5167173252279616e-12,1.1828571428571428e-11,9.37715655339333e-06,0.37504131085939607,1.0065662862101696e-07,473.12905287742615,0.07,0.001,1000000,20251006_040054
321,3,4.800000000000003,0.20833333333333318,2.4642857142857122e-12,1.1828571428571428e-11,9.13878114654563e-06,0.3732841912705027,1.0065662862101696e-07,477.09276604652405,0.07,0.001,1000000,20251006_040851
322,3,4.900000000000004,0.20408163265306106,2.413994169096208e-12,1.1828571428571428e-11,8.905496058822166e-06,0.37133362663191577,1.0065662862101696e-07,475.5434036254883,0.07,0.001,1000000,20251006_041647
323,3,5.0000000000000036,0.19999999999999984,2.3657142857142835e-12,1.1828571428571428e-11,8.673791880323521e-06,0.3690532932509677,1.0065662862101696e-07,475.0429308414459,0.07,0.001,1000000,20251006_042442
324,3,5.100000000000003,0.1960784313725489,2.3193277310924355e-12,1.1828571428571428e-11,8.448416711714464e-06,0.3666532900833687,1.0065662862101696e-07,472.92664527893066,0.07,0.001,1000000,20251006_021838
325,3,5.200000000000004,0.19230769230769218,2.274725274725273e-12,1.1828571428571428e-11,8.214007291830327e-06,0.36346994982237824,1.0065662862101696e-07,482.3115403652191,0.07,0.001,1000000,20251006_022641
326,3,5.300000000000004,0.18867924528301872,2.2318059299191357e-12,1.1828571428571428e-11,7.985345147468683e-06,0.3601468703636423,1.0065662862101696e-07,483.72415471076965,0.07,0.001,1000000,20251006_023444
327,3,5.400000000000004,0.18518518518518506,2.190476190476189e-12,1.1828571428571428e-11,7.753583269459471e-06,0.3562921866164864,1.0065662862101696e-07,479.4361207485199,0.07,0.001,1000000,20251006_024244
328,3,5.5000000000000036,0.1818181818181817,2.1506493506493493e-12,1.1828571428571428e-11,7.494870472050456e-06,0.35078168063056353,1.0065662862101696e-07,476.14539885520935,0.07,0.001,1000000,20251006_025040
329,3,5.600000000000004,0.17857142857142844,2.1122448979591817e-12,1.1828571428571428e-11,7.228871125383517e-06,0.34448363299158635,1.0065662862101696e-07,472.22396063804626,0.07,0.001,1000000,20251006_025832
330,3,5.700000000000005,0.17543859649122792,2.07518796992481e-12,1.1828571428571428e-11,6.918581640438087e-06,0.33558458937625557,1.0065662862101696e-07,482.0240340232849,0.07,0.001,1000000,20251006_030634
331,3,5.800000000000004,0.17241379310344815,2.039408866995072e-12,1.1828571428571428e-11,6.526483999219423e-06,0.32211975084642325,1.0065662862101696e-07,480.2772331237793,0.07,0.001,1000000,20251006_031434
332,3,5.900000000000004,0.1694915254237287,2.004842615012105e-12,1.1828571428571428e-11,5.9451861539852945e-06,0.29848846503140436,1.0065662862101696e-07,479.5320339202881,0.07,0.001,1000000,20251006_032234
333,3,6.000000000000004,0.16666666666666655,1.97142857142857e-12,1.1828571428571428e-11,4.625403684337857e-06,0.2361625207345476,1.0065662862101696e-07,480.253390789032,0.07,0.001,1000000,20251006_033034
334,3,6.100000000000005,0.16393442622950807,1.93911007025761e-12,1.1828571428571428e-11,1.064910871560563e-06,0.05527810914772615,1.0065662862101696e-07,482.637234210968,0.07,0.001,1000000,20251006_033837
335,3,6.200000000000005,0.16129032258064505,1.907834101382487e-12,1.1828571428571428e-11,1.7584853217408106e-08,0.0009277704169231029,1.0065662862101696e-07,483.527170419693,0.07,0.001,1000000,20251006_034641
336,3,6.300000000000004,0.1587301587301586,1.8775510204081617e-12,1.1828571428571428e-11,1.747740111196968e-08,0.0009369738845262613,1.0065662862101696e-07,474.909060716629,0.07,0.001,1000000,20251006_035435
337,3,6.400000000000005,0.1562499999999999,1.848214285714284e-12,1.1828571428571428e-11,1.7425442276778045e-08,0.0009490167267767591,1.0065662862101696e-07,482.610634803772,0.07,0.001,1000000,20251006_040238
338,3,6.500000000000005,0.15384615384615372,1.819780219780218e-12,1.1828571428571428e-11,1.7487061959358922e-08,0.0009672534530177986,1.0065662862101696e-07,479.91342973709106,0.07,0.001,1000000,20251006_041038
339,3,6.600000000000005,0.1515151515151514,1.7922077922077908e-12,1.1828571428571428e-11,1.7493684965168367e-08,0.000982506246434099,1.0065662862101696e-07,478.96906900405884,0.07,0.001,1000000,20251006_041837
340,3,6.700000000000005,0.14925373134328349,1.7654584221748389e-12,1.1828571428571428e-11,1.7420319248954675e-08,0.0009932097992664775,1.0065662862101696e-07,480.15573740005493,0.07,0.001,1000000,20251006_042637
341,3,6.800000000000005,0.14705882352941166,1.7394957983193263e-12,1.1828571428571428e-11,1.7434886464937242e-08,0.0010088767639717072,1.0065662862101696e-07,422.71075463294983,0.07,0.001,1000000,20251006_021748
342,3,6.900000000000006,0.14492753623188395,1.714285714285713e-12,1.1828571428571428e-11,1.7418370221012482e-08,0.001022743413136571,1.0065662862101696e-07,425.3432776927948,0.07,0.001,1000000,20251006_022453
343,3,7.000000000000005,0.14285714285714274,1.6897959183673454e-12,1.1828571428571428e-11,1.7297540606872114e-08,0.001030368284121033,1.0065662862101696e-07,421.56365489959717,0.07,0.001,1000000,20251006_023155
344,3,7.100000000000005,0.1408450704225351,1.6659959758551295e-12,1.1828571428571428e-11,1.7308897115174213e-08,0.0010457739718532095,1.0065662862101696e-07,419.0606098175049,0.07,0.001,1000000,20251006_023854
345,3,7.2000000000000055,0.13888888888888878,1.6428571428571414e-12,1.1828571428571428e-11,1.7325429081774578e-08,0.0010615160839554491,1.0065662862101696e-07,423.5372726917267,0.07,0.001,1000000,20251006_024558
346,3,7.300000000000006,0.1369863013698629,1.6203522504892353e-12,1.1828571428571428e-11,1.7363686459939084e-08,0.0010786359194194734,1.0065662862101696e-07,421.0668423175812,0.07,0.001,1000000,20251006_025259
347,3,7.400000000000006,0.13513513513513503,1.5984555984555972e-12,1.1828571428571428e-11,1.7351695943434466e-08,0.0010926566970084072,1.0065662862101696e-07,417.7320215702057,0.07,0.001,1000000,20251006_025956
348,3,7.500000000000005,0.13333333333333325,1.577142857142856e-12,1.1828571428571428e-11,1.729476642964093e-08,0.0011037889647798188,1.0065662862101696e-07,422.1386876106262,0.07,0.001,1000000,20251006_030659
349,3,7.600000000000006,0.13157894736842096,1.5563909774436078e-12,1.1828571428571428e-11,1.7312399837860667e-08,0.001119646558142062,1.0065662862101696e-07,421.1726851463318,0.07,0.001,1000000,20251006_031400
350,3,7.700000000000006,0.12987012987012977,1.5361781076066777e-12,1.1828571428571428e-11,1.7238229426825383e-08,0.0011295188031309412,1.0065662862101696e-07,422.8383867740631,0.07,0.001,1000000,20251006_032103
351,3,7.800000000000006,0.1282051282051281,1.5164835164835153e-12,1.1828571428571428e-11,1.7318756948904858e-08,0.0011495328946442413,1.0065662862101696e-07,418.9266357421875,0.07,0.001,1000000,20251006_032802
352,3,7.900000000000006,0.12658227848101256,1.497287522603977e-12,1.1828571428571428e-11,1.7239512256572345e-08,0.0011589431933550151,1.0065662862101696e-07,424.1233615875244,0.07,0.001,1000000,20251006_033506
353,3,8.000000000000007,0.12499999999999989,1.478571428571427e-12,1.1828571428571428e-11,1.722528942660032e-08,0.001172645113518829,1.0065662862101696e-07,422.14852499961853,0.07,0.001,1000000,20251006_034208
354,3,8.100000000000007,0.12345679012345669,1.460317460317459e-12,1.1828571428571428e-11,1.7168440118705116e-08,0.0011833846735318724,1.0065662862101696e-07,419.390997171402,0.07,0.001,1000000,20251006_034907
355,3,8.200000000000006,0.12195121951219502,1.4425087108013924e-12,1.1828571428571428e-11,1.7242500968269323e-08,0.0012031622432951588,1.0065662862101696e-07,419.5203504562378,0.07,0.001,1000000,20251006_035607
356,3,8.300000000000006,0.12048192771084329,1.4251290877796891e-12,1.1828571428571428e-11,1.725177276508105e-08,0.001218489819034123,1.0065662862101696e-07,423.4304015636444,0.07,0.001,1000000,20251006_040310
357,3,8.400000000000006,0.11904761904761897,1.4081632653061214e-12,1.1828571428571428e-11,1.7203651403242675e-08,0.001229730666099423,1.0065662862101696e-07,422.0079593658447,0.07,0.001,1000000,20251006_041012
358,3,8.500000000000007,0.11764705882352931,1.391596638655461e-12,1.1828571428571428e-11,1.722993978506717e-08,0.001246271801708038,1.0065662862101696e-07,484.8297369480133,0.07,0.001,1000000,20251006_021850
359,3,8.600000000000007,0.11627906976744178,1.3754152823920255e-12,1.1828571428571428e-11,1.723749203936583e-08,0.0012614865174005298,1.0065662862101696e-07,473.59500765800476,0.07,0.001,1000000,20251006_022644
360,3,8.700000000000006,0.1149425287356321,1.3596059113300481e-12,1.1828571428571428e-11,1.712163912807295e-08,0.00126757794794491,1.0065662862101696e-07,478.35287952423096,0.07,0.001,1000000,20251006_023442
361,3,8.800000000000008,0.11363636363636354,1.3441558441558428e-12,1.1828571428571428e-11,1.7151918618365753e-08,0.0012844152781934274,1.0065662862101696e-07,470.2423872947693,0.07,0.001,1000000,20251006_024232
362,3,8.900000000000007,0.11235955056179765,1.3290529695024064e-12,1.1828571428571428e-11,1.716427094495209e-08,0.0012999464172623605,1.0065662862101696e-07,480.34096598625183,0.07,0.001,1000000,20251006_025033
363,3,9.000000000000007,0.11111111111111102,1.314285714285713e-12,1.1828571428571428e-11,1.7222149168309984e-08,0.0013189852511122121,1.0065662862101696e-07,477.04613304138184,0.07,0.001,1000000,20251006_025830
364,3,9.100000000000007,0.1098901098901098,1.2998430141287273e-12,1.1828571428571428e-11,1.721736407334025e-08,0.0013332700968698833,1.0065662862101696e-07,465.8791916370392,0.07,0.001,1000000,20251006_030616
365,3,9.200000000000006,0.10869565217391297,1.2857142857142847e-12,1.1828571428571428e-11,1.7154808642370288e-08,0.001343024046450862,1.0065662862101696e-07,477.56374645233154,0.07,0.001,1000000,20251006_031413
366,3,9.300000000000008,0.10752688172043001,1.2718894009216577e-12,1.1828571428571428e-11,1.7190508482574152e-08,0.0013604473996583677,1.0065662862101696e-07,475.5274214744568,0.07,0.001,1000000,20251006_032209
367,3,9.400000000000007,0.10638297872340417,1.2583586626139806e-12,1.1828571428571428e-11,1.7112239394145806e-08,0.0013688150896441675,1.0065662862101696e-07,480.15462279319763,0.07,0.001,1000000,20251006_033009
368,3,9.500000000000007,0.10526315789473677,1.2451127819548862e-12,1.1828571428571428e-11,1.7191026098531885e-08,0.001389746177769807,1.0065662862101696e-07,473.96158814430237,0.07,0.001,1000000,20251006_033803
369,3,9.600000000000009,0.10416666666666657,1.232142857142856e-12,1.1828571428571428e-11,1.7126088969642094e-08,0.0013990702191344147,1.0065662862101696e-07,482.6398935317993,0.07,0.001,1000000,20251006_034606
370,3,9.700000000000008,0.10309278350515455,1.2194403534609708e-12,1.1828571428571428e-11,1.7112514544595062e-08,0.0014125233894370923,1.0065662862101696e-07,473.9283537864685,0.07,0.001,1000000,20251006_035400
371,3,9.800000000000008,0.10204081632653053,1.206997084548104e-12,1.1828571428571428e-11,1.7062329181220336e-08,0.0014229003149967333,1.0065662862101696e-07,478.89333963394165,0.07,0.001,1000000,20251006_040159
372,3,9.900000000000007,0.10101010101010094,1.194805194805194e-12,1.1828571428571428e-11,1.7147574072052734e-08,0.0014446011806999288,1.0065662862101696e-07,478.8708384037018,0.07,0.001,1000000,20251006_040957
373,3,10.000000000000007,0.09999999999999992,1.1828571428571418e-12,1.1828571428571428e-11,1.7142782316229137e-08,0.0014587853516846985,1.0065662862101696e-07,477.00920510292053,0.07,0.001,1000000,20251006_041754
374,3,10.100000000000009,0.09900990099009893,1.1711456859971702e-12,1.1828571428571428e-11,1.7106335858771797e-08,0.0014702407362212138,1.0065662862101696e-07,477.76061630249023,0.07,0.001,1000000,20251006_042552
375,3,10.200000000000008,0.09803921568627443,1.1596638655462173e-12,1.1828571428571428e-11,1.713311319216143e-08,0.0014871217970501718,1.0065662862101696e-07,418.5852644443512,0.07,0.001,1000000,20251006_021744
376,3,10.300000000000008,0.09708737864077663,1.1484049930651862e-12,1.1828571428571428e-11,1.714408366869406e-08,0.0015026629745673937,1.0065662862101696e-07,418.3132894039154,0.07,0.001,1000000,20251006_022442
377,3,10.40000000000001,0.09615384615384606,1.1373626373626361e-12,1.1828571428571428e-11,1.7041674666042914e-08,0.0015081887355801642,1.0065662862101696e-07,423.4476170539856,0.07,0.001,1000000,20251006_023146
378,3,10.500000000000009,0.09523809523809516,1.126530612244897e-12,1.1828571428571428e-11,1.706564362138779e-08,0.0015248322003017446,1.0065662862101696e-07,419.9587752819061,0.07,0.001,1000000,20251006_023846
379,3,10.600000000000009,0.09433962264150936,1.1159029649595678e-12,1.1828571428571428e-11,1.7078919217850813e-08,0.0015405518964830842,1.0065662862101696e-07,418.16629910469055,0.07,0.001,1000000,20251006_024544
380,3,10.700000000000008,0.09345794392523357,1.1054739652870486e-12,1.1828571428571428e-11,1.7144377329319394e-08,0.001561045556896303,1.0065662862101696e-07,422.0389733314514,0.07,0.001,1000000,20251006_025246
381,3,10.800000000000008,0.09259259259259253,1.0952380952380945e-12,1.1828571428571428e-11,1.7121584223102336e-08,0.0015735399928484262,1.0065662862101696e-07,421.4204967021942,0.07,0.001,1000000,20251006_025947
382,3,10.90000000000001,0.09174311926605497,1.0851900393184786e-12,1.1828571428571428e-11,1.707975694260664e-08,0.0015842301248810572,1.0065662862101696e-07,423.3212127685547,0.07,0.001,1000000,20251006_030651
383,3,11.000000000000009,0.09090909090909084,1.0753246753246744e-12,1.1828571428571428e-11,1.7104927246897157e-08,0.0016011204327293972,1.0065662862101696e-07,424.1844472885132,0.07,0.001,1000000,20251006_031355
384,3,11.100000000000009,0.09009009009009002,1.0656370656370647e-12,1.1828571428571428e-11,1.7043203840337682e-08,0.0016098458797917134,1.0065662862101696e-07,413.5732855796814,0.07,0.001,1000000,20251006_032048
385,3,11.20000000000001,0.0892857142857142,1.0561224489795909e-12,1.1828571428571428e-11,1.712616378423863e-08,0.0016322557193991917,1.0065662862101696e-07,418.0825502872467,0.07,0.001,1000000,20251006_032747
386,3,11.30000000000001,0.08849557522123887,1.0467762326169397e-12,1.1828571428571428e-11,1.7057172316279952e-08,0.0016401953021728346,1.0065662862101696e-07,416.1676471233368,0.07,0.001,1000000,20251006_033443
387,3,11.40000000000001,0.08771929824561396,1.037593984962405e-12,1.1828571428571428e-11,1.7052617904858584e-08,0.0016542684829920704,1.0065662862101696e-07,427.59814381599426,0.07,0.001,1000000,20251006_034150
388,3,11.500000000000009,0.08695652173913036,1.0285714285714276e-12,1.1828571428571428e-11,1.699657927183867e-08,0.0016632956351599986,1.0065662862101696e-07,423.5843324661255,0.07,0.001,1000000,20251006_034854
389,3,11.600000000000009,0.08620689655172407,1.019704433497536e-12,1.1828571428571428e-11,1.708065825224741e-08,0.0016860586438777415,1.0065662862101696e-07,417.27273535728455,0.07,0.001,1000000,20251006_035551
390,3,11.70000000000001,0.0854700854700854,1.0109890109890102e-12,1.1828571428571428e-11,1.7073209229395627e-08,0.0016998519885898897,1.0065662862101696e-07,424.6194968223572,0.07,0.001,1000000,20251006_040256
391,3,11.80000000000001,0.08474576271186433,1.0024213075060524e-12,1.1828571428571428e-11,1.705065120452606e-08,0.001712115507909944,1.0065662862101696e-07,415.64346504211426,0.07,0.001,1000000,20251006_040952
392,3,11.90000000000001,0.08403361344537809,9.93997599039615e-13,1.1828571428571428e-11,1.707556759090847e-08,0.0017291481057416988,1.0065662862101696e-07,419.838107585907,0.07,0.001,1000000,20251006_021745
393,3,12.00000000000001,0.08333333333333326,9.857142857142848e-13,1.1828571428571428e-11,1.708742857737067e-08,0.0017448899517107065,1.0065662862101696e-07,419.8515374660492,0.07,0.001,1000000,20251006_022445
394,3,12.10000000000001,0.08264462809917349,9.77567886658795e-13,1.1828571428571428e-11,1.699335535347845e-08,0.0017497443217844495,1.0065662862101696e-07,415.15768694877625,0.07,0.001,1000000,20251006_023140
395,3,12.20000000000001,0.08196721311475404,9.69555035128805e-13,1.1828571428571428e-11,1.7015161942485178e-08,0.0017664689208113519,1.0065662862101696e-07,414.26324439048767,0.07,0.001,1000000,20251006_023834
396,3,12.30000000000001,0.08130081300813002,9.61672473867595e-13,1.1828571428571428e-11,1.7025663482455274e-08,0.001782047352658097,1.0065662862101696e-07,417.6499443054199,0.07,0.001,1000000,20251006_024532
397,3,12.40000000000001,0.08064516129032252,9.539170506912434e-13,1.1828571428571428e-11,1.7084616232647456e-08,0.0018027561935453921,1.0065662862101696e-07,418.38216066360474,0.07,0.001,1000000,20251006_025231
398,3,12.50000000000001,0.07999999999999993,9.462857142857135e-13,1.1828571428571428e-11,1.7072691242797624e-08,0.0018160260860375895,1.0065662862101696e-07,414.12876772880554,0.07,0.001,1000000,20251006_025925
399,3,12.60000000000001,0.0793650793650793,9.387755102040808e-13,1.1828571428571428e-11,1.70300650687589e-08,0.0018259838655624602,1.0065662862101696e-07,424.3080892562866,0.07,0.001,1000000,20251006_030629
400,3,12.70000000000001,0.0787401574803149,9.313835770528677e-13,1.1828571428571428e-11,1.705653353161962e-08,0.0018433363047765082,1.0065662862101696e-07,418.5065596103668,0.07,0.001,1000000,20251006_031328
401,3,12.800000000000011,0.07812499999999993,9.241071428571419e-13,1.1828571428571428e-11,1.6990739626532258e-08,0.0018506842867771656,1.0065662862101696e-07,419.84879970550537,0.07,0.001,1000000,20251006_032027
402,3,12.900000000000011,0.07751937984496117,9.169435215946836e-13,1.1828571428571428e-11,1.7072993811625105e-08,0.0018741721350045177,1.0065662862101696e-07,421.0893828868866,0.07,0.001,1000000,20251006_032728
403,3,13.00000000000001,0.07692307692307686,9.09890109890109e-13,1.1828571428571428e-11,1.7007961379010034e-08,0.0018815063857924262,1.0065662862101696e-07,422.3595223426819,0.07,0.001,1000000,20251006_033431
404,3,13.10000000000001,0.07633587786259537,9.029443838604137e-13,1.1828571428571428e-11,1.7006313595700733e-08,0.0018957958235439089,1.0065662862101696e-07,420.19139289855957,0.07,0.001,1000000,20251006_034131
405,3,13.20000000000001,0.0757575757575757,8.961038961038954e-13,1.1828571428571428e-11,1.695739307164257e-08,0.001904772453522549,1.0065662862101696e-07,419.8805320262909,0.07,0.001,1000000,20251006_034831
406,3,13.300000000000011,0.07518796992481197,8.893662728249186e-13,1.1828571428571428e-11,1.7036727529109362e-08,0.0019281814570818628,1.0065662862101696e-07,421.8608202934265,0.07,0.001,1000000,20251006_035533
407,3,13.400000000000011,0.07462686567164173,8.827292110874192e-13,1.1828571428571428e-11,1.7028875399598192e-08,0.0019417836924410761,1.0065662862101696e-07,419.9468846321106,0.07,0.001,1000000,20251006_040233
408,3,13.50000000000001,0.07407407407407401,8.761904761904755e-13,1.1828571428571428e-11,1.7003656493210742e-08,0.0019533774713894367,1.0065662862101696e-07,422.6788372993469,0.07,0.001,1000000,20251006_040936
409,3,13.600000000000012,0.07352941176470582,8.697478991596631e-13,1.1828571428571428e-11,1.7024984133573532e-08,0.001970315199229048,1.0065662862101696e-07,422.14604687690735,0.07,0.001,1000000,20251006_021747
410,3,13.700000000000012,0.07299270072992695,8.633993743482787e-13,1.1828571428571428e-11,1.7039173733381154e-08,0.001986457059671314,1.0065662862101696e-07,424.76916217803955,0.07,0.001,1000000,20251006_022452
411,3,13.800000000000011,0.07246376811594198,8.571428571428565e-13,1.1828571428571428e-11,1.6942456296010242e-08,0.0019895989532012007,1.0065662862101696e-07,423.86873865127563,0.07,0.001,1000000,20251006_023156
412,3,13.900000000000011,0.07194244604316541,8.50976361767728e-13,1.1828571428571428e-11,1.696892620025694e-08,0.0020071472950066636,1.0065662862101696e-07,418.13709449768066,0.07,0.001,1000000,20251006_023854
413,3,14.00000000000001,0.07142857142857137,8.448979591836727e-13,1.1828571428571428e-11,1.6992269218452944e-08,0.0020243681660714425,1.0065662862101696e-07,423.84876823425293,0.07,0.001,1000000,20251006_024558
414,3,14.100000000000012,0.07092198581560277,8.38905775075987e-13,1.1828571428571428e-11,1.7042345226459032e-08,0.002044836339498875,1.0065662862101696e-07,424.6278028488159,0.07,0.001,1000000,20251006_025303
415,3,14.200000000000012,0.07042253521126755,8.329979879275648e-13,1.1828571428571428e-11,1.702748845723779e-08,0.002057543483691915,1.0065662862101696e-07,425.11394906044006,0.07,0.001,1000000,20251006_030008
416,3,14.300000000000011,0.06993006993006988,8.271728271728265e-13,1.1828571428571428e-11,1.6992930782327845e-08,0.002067827987998022,1.0065662862101696e-07,421.531112909317,0.07,0.001,1000000,20251006_030709
417,3,14.400000000000013,0.06944444444444438,8.214285714285706e-13,1.1828571428571428e-11,1.7017939672415597e-08,0.00208535287556669,1.0065662862101696e-07,423.5906226634979,0.07,0.001,1000000,20251006_031413
418,3,14.500000000000012,0.06896551724137925,8.157635467980289e-13,1.1828571428571428e-11,1.695387586638501e-08,0.0020919296939264287,1.0065662862101696e-07,417.6219742298126,0.07,0.001,1000000,20251006_032111
419,3,14.600000000000012,0.06849315068493145,8.101761252446176e-13,1.1828571428571428e-11,1.7040666049180552e-08,0.002117139644727558,1.0065662862101696e-07,425.12912130355835,0.07,0.001,1000000,20251006_032816
420,3,14.700000000000012,0.06802721088435369,8.046647230320693e-13,1.1828571428571428e-11,1.6975146231157818e-08,0.002123444636094741,1.0065662862101696e-07,415.56094622612,0.07,0.001,1000000,20251006_033511
421,3,14.800000000000011,0.06756756756756752,7.992277992277986e-13,1.1828571428571428e-11,1.696085268450766e-08,0.002136089674820818,1.0065662862101696e-07,417.9516885280609,0.07,0.001,1000000,20251006_034209
422,3,14.900000000000013,0.06711409395973149,7.938638542665381e-13,1.1828571428571428e-11,1.691925077458046e-08,0.0021452478691528997,1.0065662862101696e-07,423.07930541038513,0.07,0.001,1000000,20251006_034912
423,3,15.000000000000012,0.06666666666666661,7.885714285714279e-13,1.1828571428571428e-11,1.700184397308607e-08,0.0021701880548369223,1.0065662862101696e-07,421.63659405708313,0.07,0.001,1000000,20251006_035614
424,4,1.0,1.0,1.1828571428571428e-11,1.1828571428571428e-11,0.00011626472987213822,0.9893684801357333,1.0065662862101696e-07,533.7823579311371,0.07,0.001,1000000,20251006_040508
425,4,1.1,0.9090909090909091,1.0753246753246752e-11,1.1828571428571428e-11,0.00010537839852431955,0.9864029505077012,1.0065662862101696e-07,533.7444093227386,0.07,0.001,1000000,20251006_041402
426,4,1.2000000000000002,0.8333333333333333,9.857142857142855e-12,1.1828571428571428e-11,9.624571424940735e-05,0.9828171566517366,1.0065662862101696e-07,597.824312210083,0.07,0.001,1000000,20251006_022043
427,4,1.3000000000000003,0.769230769230769,9.098901098901096e-12,1.1828571428571428e-11,8.843987233614222e-05,0.978366429997173,1.0065662862101696e-07,602.7161338329315,0.07,0.001,1000000,20251006_023046
428,4,1.4000000000000004,0.7142857142857141,8.448979591836732e-12,1.1828571428571428e-11,8.165894889972955e-05,0.972841087333699,1.0065662862101696e-07,595.7732317447662,0.07,0.001,1000000,20251006_024042
429,4,1.5000000000000004,0.6666666666666665,7.885714285714283e-12,1.1828571428571428e-11,7.56435389226149e-05,0.9655464716375299,1.0065662862101696e-07,594.5050711631775,0.07,0.001,1000000,20251006_025036
430,4,1.6000000000000005,0.6249999999999998,7.39285714285714e-12,1.1828571428571428e-11,7.017492995981598e-05,0.9554589960250732,1.0065662862101696e-07,612.7061624526978,0.07,0.001,1000000,20251006_030049
431,4,1.7000000000000006,0.5882352941176469,6.957983193277308e-12,1.1828571428571428e-11,6.50414054136125e-05,0.940911814221175,1.0065662862101696e-07,613.5061750411987,0.07,0.001,1000000,20251006_031102
432,4,1.8000000000000007,0.5555555555555554,6.571428571428569e-12,1.1828571428571428e-11,5.9875885642140874e-05,0.9171376845880045,1.0065662862101696e-07,605.7169103622437,0.07,0.001,1000000,20251006_032108
433,4,1.9000000000000008,0.526315789473684,6.225563909774433e-12,1.1828571428571428e-11,5.379479201782689e-05,0.8697689848435658,1.0065662862101696e-07,596.7153570652008,0.07,0.001,1000000,20251006_033105
434,4,2.000000000000001,0.4999999999999998,5.9142857142857115e-12,1.1828571428571428e-11,4.764843306524659e-05,0.810939961834623,1.0065662862101696e-07,603.5863463878632,0.07,0.001,1000000,20251006_034109
435,4,2.100000000000001,0.47619047619047594,5.632653061224486e-12,1.1828571428571428e-11,4.492055183342733e-05,0.8027391806669333,1.0065662862101696e-07,598.873619556427,0.07,0.001,1000000,20251006_035107
436,4,2.200000000000001,0.4545454545454543,5.3766233766233736e-12,1.1828571428571428e-11,4.2991277562025876e-05,0.8048466028545902,1.0065662862101696e-07,599.5426995754242,0.07,0.001,1000000,20251006_040107
437,4,2.300000000000001,0.43478260869565194,5.14285714285714e-12,1.1828571428571428e-11,4.085212876349542e-05,0.7995628575909967,1.0065662862101696e-07,598.7303991317749,0.07,0.001,1000000,20251006_041106
438,4,2.4000000000000012,0.41666666666666646,4.928571428571426e-12,1.1828571428571428e-11,3.915164319848124e-05,0.7995973004441927,1.0065662862101696e-07,607.0673060417175,0.07,0.001,1000000,20251006_042113
439,4,2.5000000000000013,0.3999999999999998,4.731428571428569e-12,1.1828571428571428e-11,3.746388732647549e-05,0.7970084587332333,1.0065662862101696e-07,603.3678560256958,0.07,0.001,1000000,20251006_043116
440,4,2.6000000000000014,0.3846153846153844,4.549450549450547e-12,1.1828571428571428e-11,3.5941490020799566e-05,0.7952057449105667,1.0065662862101696e-07,602.0487117767334,0.07,0.001,1000000,20251006_044118
441,4,2.7000000000000015,0.3703703703703702,4.380952380952379e-12,1.1828571428571428e-11,3.4503782327431886e-05,0.7927578530305125,1.0065662862101696e-07,606.400940656662,0.07,0.001,1000000,20251006_045125
442,4,2.8000000000000016,0.35714285714285693,4.224489795918364e-12,1.1828571428571428e-11,3.313070660072736e-05,0.7894030738299677,1.0065662862101696e-07,598.8975315093994,0.07,0.001,1000000,20251006_050124
443,4,2.9000000000000017,0.34482758620689635,4.078817733990145e-12,1.1828571428571428e-11,3.184886493351691e-05,0.78596288892709,1.0065662862101696e-07,595.6011345386505,0.07,0.001,1000000,20251006_022041
444,4,3.0000000000000018,0.33333333333333315,3.942857142857141e-12,1.1828571428571428e-11,3.06483363754353e-05,0.7824169379260646,1.0065662862101696e-07,603.1619946956635,0.07,0.001,1000000,20251006_023044
445,4,3.100000000000002,0.32258064516129015,3.815668202764975e-12,1.1828571428571428e-11,2.9503846806653185e-05,0.7783060772308951,1.0065662862101696e-07,595.8475539684296,0.07,0.001,1000000,20251006_024040
446,4,3.200000000000002,0.31249999999999983,3.696428571428569e-12,1.1828571428571428e-11,2.84159330996281e-05,0.7737879874203871,1.0065662862101696e-07,595.6695387363434,0.07,0.001,1000000,20251006_025036
447,4,3.300000000000002,0.3030303030303028,3.5844155844155817e-12,1.1828571428571428e-11,2.7351582670258728e-05,0.7680800493690957,1.0065662862101696e-07,607.5178036689758,0.07,0.001,1000000,20251006_030043
448,4,3.400000000000002,0.2941176470588234,3.4789915966386535e-12,1.1828571428571428e-11,2.6319492308991625e-05,0.7614940390771647,1.0065662862101696e-07,610.110847234726,0.07,0.001,1000000,20251006_031053
449,4,3.500000000000002,0.28571428571428553,3.3795918367346915e-12,1.1828571428571428e-11,2.5286734145107402e-05,0.7531316001584593,1.0065662862101696e-07,602.0489065647125,0.07,0.001,1000000,20251006_032055
450,4,3.6000000000000023,0.2777777777777776,3.2857142857142837e-12,1.1828571428571428e-11,2.4249340839885386e-05,0.7428694898510275,1.0065662862101696e-07,599.7276048660278,0.07,0.001,1000000,20251006_033055
451,4,3.7000000000000024,0.2702702702702701,3.1969111969111947e-12,1.1828571428571428e-11,2.3115745868175756e-05,0.7278128492899166,1.0065662862101696e-07,597.1622948646545,0.07,0.001,1000000,20251006_034052
452,4,3.8000000000000025,0.2631578947368419,3.1127819548872156e-12,1.1828571428571428e-11,2.1827257217370727e-05,0.7058181894478063,1.0065662862101696e-07,603.4614436626434,0.07,0.001,1000000,20251006_035056
453,4,3.9000000000000026,0.2564102564102562,3.0329670329670305e-12,1.1828571428571428e-11,2.009185239782602e-05,0.6667985847303626,1.0065662862101696e-07,609.0352885723114,0.07,0.001,1000000,20251006_040105
454,4,4.000000000000003,0.24999999999999983,2.957142857142855e-12,1.1828571428571428e-11,1.7590823265507072e-05,0.5987647706289199,1.0065662862101696e-07,598.0080020427704,0.07,0.001,1000000,20251006_041103
455,4,4.100000000000003,0.24390243902439004,2.885017421602785e-12,1.1828571428571428e-11,1.6524245382433566e-05,0.5765215898689894,1.0065662862101696e-07,600.5282967090607,0.07,0.001,1000000,20251006_042103
456,4,4.200000000000003,0.23809523809523794,2.8163265306122427e-12,1.1828571428571428e-11,1.6053312234893946e-05,0.5737517543513225,1.0065662862101696e-07,604.5896461009979,0.07,0.001,1000000,20251006_043108
457,4,4.3000000000000025,0.23255813953488358,2.7508305647840515e-12,1.1828571428571428e-11,1.5609764376079382e-05,0.5711824914916012,1.0065662862101696e-07,593.4665358066559,0.07,0.001,1000000,20251006_044102
458,4,4.400000000000003,0.22727272727272713,2.6883116883116864e-12,1.1828571428571428e-11,1.5212044886767977e-05,0.5695742645434333,1.0065662862101696e-07,599.505598783493,0.07,0.001,1000000,20251006_045101
459,4,4.5000000000000036,0.22222222222222204,2.628571428571426e-12,1.1828571428571428e-11,1.4802802066415774e-05,0.5668478832091008,1.0065662862101696e-07,607.7368469238281,0.07,0.001,1000000,20251006_050109
460,4,4.600000000000003,0.21739130434782594,2.5714285714285694e-12,1.1828571428571428e-11,1.4427286576071254e-05,0.5647452326820067,1.0065662862101696e-07,602.362815618515,0.07,0.001,1000000,20251006_022048
461,4,4.700000000000003,0.21276595744680837,2.5167173252279616e-12,1.1828571428571428e-11,1.405026139578065e-05,0.561943103091724,1.0065662862101696e-07,594.635675907135,0.07,0.001,1000000,20251006_023042
462,4,4.800000000000003,0.20833333333333318,2.4642857142857122e-12,1.1828571428571428e-11,1.3700328533199336e-05,0.5596059227863873,1.0065662862101696e-07,607.0697064399719,0.07,0.001,1000000,20251006_024049
463,4,4.900000000000004,0.20408163265306106,2.413994169096208e-12,1.1828571428571428e-11,1.335536479192803e-05,0.5568803815556064,1.0065662862101696e-07,605.6369044780731,0.07,0.001,1000000,20251006_025055
464,4,5.0000000000000036,0.19999999999999984,2.3657142857142835e-12,1.1828571428571428e-11,1.3002029618402039e-05,0.5532115498993181,1.0065662862101696e-07,605.299667596817,0.07,0.001,1000000,20251006_030100
465,4,5.100000000000003,0.1960784313725489,2.3193277310924355e-12,1.1828571428571428e-11,1.2650640823116496e-05,0.5490258397206065,1.0065662862101696e-07,604.044379234314,0.07,0.001,1000000,20251006_031104
466,4,5.200000000000004,0.19230769230769218,2.274725274725273e-12,1.1828571428571428e-11,1.2305425144200157e-05,0.5445152531279067,1.0065662862101696e-07,600.9067468643188,0.07,0.001,1000000,20251006_032105
467,4,5.300000000000004,0.18867924528301872,2.2318059299191357e-12,1.1828571428571428e-11,1.196881950242399e-05,0.5398054568889543,1.0065662862101696e-07,601.6526052951813,0.07,0.001,1000000,20251006_033107
468,4,5.400000000000004,0.18518518518518506,2.190476190476189e-12,1.1828571428571428e-11,1.1613378258771225e-05,0.5336572511086761,1.0065662862101696e-07,599.5657606124878,0.07,0.001,1000000,20251006_034107
469,4,5.5000000000000036,0.1818181818181817,2.1506493506493493e-12,1.1828571428571428e-11,1.1228228234288802e-05,0.5255136543340192,1.0065662862101696e-07,605.8486003875732,0.07,0.001,1000000,20251006_035113
470,4,5.600000000000004,0.17857142857142844,2.1122448979591817e-12,1.1828571428571428e-11,1.0833211228604994e-05,0.5162443618466233,1.0065662862101696e-07,608.5325167179108,0.07,0.001,1000000,20251006_040121
471,4,5.700000000000005,0.17543859649122792,2.07518796992481e-12,1.1828571428571428e-11,1.0362689076934122e-05,0.5026404166991294,1.0065662862101696e-07,602.8056712150574,0.07,0.001,1000000,20251006_041124
472,4,5.800000000000004,0.17241379310344815,2.039408866995072e-12,1.1828571428571428e-11,9.779138092286955e-06,0.482657051814881,1.0065662862101696e-07,607.9783058166504,0.07,0.001,1000000,20251006_042132
473,4,5.900000000000004,0.1694915254237287,2.004842615012105e-12,1.1828571428571428e-11,8.926158495933148e-06,0.4481533931939357,1.0065662862101696e-07,599.6823863983154,0.07,0.001,1000000,20251006_043132
474,4,6.000000000000004,0.16666666666666655,1.97142857142857e-12,1.1828571428571428e-11,7.493024532738574e-06,0.3825766748898735,1.0065662862101696e-07,606.5225896835327,0.07,0.001,1000000,20251006_044138
475,4,6.100000000000005,0.16393442622950807,1.93911007025761e-12,1.1828571428571428e-11,6.1060640402415914e-06,0.3169576755140531,1.0065662862101696e-07,604.0968432426453,0.07,0.001,1000000,20251006_045142
476,4,6.200000000000005,0.16129032258064505,1.907834101382487e-12,1.1828571428571428e-11,5.866512278487728e-06,0.30951503974505684,1.0065662862101696e-07,605.3859775066376,0.07,0.001,1000000,20251006_050148
477,4,6.300000000000004,0.1587301587301586,1.8775510204081617e-12,1.1828571428571428e-11,5.738759932552648e-06,0.3076583384405447,1.0065662862101696e-07,607.1292488574982,0.07,0.001,1000000,20251006_022052
478,4,6.400000000000005,0.1562499999999999,1.848214285714284e-12,1.1828571428571428e-11,5.620783671625294e-06,0.30611663321020655,1.0065662862101696e-07,605.3277361392975,0.07,0.001,1000000,20251006_023058
479,4,6.500000000000005,0.15384615384615372,1.819780219780218e-12,1.1828571428571428e-11,5.505003311464055e-06,0.3044956021922409,1.0065662862101696e-07,595.8922243118286,0.07,0.001,1000000,20251006_024054
480,4,6.600000000000005,0.1515151515151514,1.7922077922077908e-12,1.1828571428571428e-11,5.400203820189437e-06,0.30329424566165675,1.0065662862101696e-07,613.1661052703857,0.07,0.001,1000000,20251006_025107
481,4,6.700000000000005,0.14925373134328349,1.7654584221748389e-12,1.1828571428571428e-11,5.284029294066959e-06,0.30126598711980274,1.0065662862101696e-07,615.8770236968994,0.07,0.001,1000000,20251006_030123
482,4,6.800000000000005,0.14705882352941166,1.7394957983193263e-12,1.1828571428571428e-11,5.175783185038753e-06,0.299498789466873,1.0065662862101696e-07,599.159252166748,0.07,0.001,1000000,20251006_031122
483,4,6.900000000000006,0.14492753623188395,1.714285714285713e-12,1.1828571428571428e-11,5.063838016641904e-06,0.29733016987223176,1.0065662862101696e-07,612.4317097663879,0.07,0.001,1000000,20251006_032134
484,4,7.000000000000005,0.14285714285714274,1.6897959183673454e-12,1.1828571428571428e-11,4.9577663433461915e-06,0.2953208965578115,1.0065662862101696e-07,604.5992271900177,0.07,0.001,1000000,20251006_033139
485,4,7.100000000000005,0.1408450704225351,1.6659959758551295e-12,1.1828571428571428e-11,4.843588900729463e-06,0.2926413606271522,1.0065662862101696e-07,608.290246963501,0.07,0.001,1000000,20251006_034147
486,4,7.2000000000000055,0.13888888888888878,1.6428571428571414e-12,1.1828571428571428e-11,4.725197785064618e-06,0.2895093348073661,1.0065662862101696e-07,605.3540065288544,0.07,0.001,1000000,20251006_035153
487,4,7.300000000000006,0.1369863013698629,1.6203522504892353e-12,1.1828571428571428e-11,4.606553248625319e-06,0.28616007379248454,1.0065662862101696e-07,605.3181133270264,0.07,0.001,1000000,20251006_040158
488,4,7.400000000000006,0.13513513513513503,1.5984555984555972e-12,1.1828571428571428e-11,4.482186188238641e-06,0.28224853477049594,1.0065662862101696e-07,612.9050722122192,0.07,0.001,1000000,20251006_041211
489,4,7.500000000000005,0.13333333333333325,1.577142857142856e-12,1.1828571428571428e-11,4.353256262934738e-06,0.27783412071126534,1.0065662862101696e-07,608.0846734046936,0.07,0.001,1000000,20251006_042219
490,4,7.600000000000006,0.13157894736842096,1.5563909774436078e-12,1.1828571428571428e-11,4.185272224400826e-06,0.27067452720737417,1.0065662862101696e-07,608.8876285552979,0.07,0.001,1000000,20251006_043228
491,4,7.700000000000006,0.12987012987012977,1.5361781076066777e-12,1.1828571428571428e-11,3.9885646458031784e-06,0.26134695468939867,1.0065662862101696e-07,610.5439410209656,0.07,0.001,1000000,20251006_044239
492,4,7.800000000000006,0.1282051282051281,1.5164835164835153e-12,1.1828571428571428e-11,3.7907039093453413e-06,0.2516080600071322,1.0065662862101696e-07,609.20680975914,0.07,0.001,1000000,20251006_045248
493,4,7.900000000000006,0.12658227848101256,1.497287522603977e-12,1.1828571428571428e-11,3.402859864168902e-06,0.2287606063806142,1.0065662862101696e-07,603.975489616394,0.07,0.001,1000000,20251006_050252
494,4,8.000000000000007,0.12499999999999989,1.478571428571427e-12,1.1828571428571428e-11,2.6445564743694795e-06,0.1800333306623579,1.0065662862101696e-07,598.9786677360535,0.07,0.001,1000000,20251006_022044
495,4,8.100000000000007,0.12345679012345669,1.460317460317459e-12,1.1828571428571428e-11,8.297629834514694e-07,0.05719382719055136,1.0065662862101696e-07,609.4507207870483,0.07,0.001,1000000,20251006_023054
496,4,8.200000000000006,0.12195121951219502,1.4425087108013924e-12,1.1828571428571428e-11,7.693905850109852e-08,0.005368720604600938,1.0065662862101696e-07,612.279443025589,0.07,0.001,1000000,20251006_024106
497,4,8.300000000000006,0.12048192771084329,1.4251290877796891e-12,1.1828571428571428e-11,1.4066555172498849e-08,0.0009935184343063137,1.0065662862101696e-07,598.2266376018524,0.07,0.001,1000000,20251006_025104
498,4,8.400000000000006,0.11904761904761897,1.4081632653061214e-12,1.1828571428571428e-11,1.4129200674721587e-08,0.0010099664861787888,1.0065662862101696e-07,599.5248608589172,0.07,0.001,1000000,20251006_030104
499,4,8.500000000000007,0.11764705882352931,1.391596638655461e-12,1.1828571428571428e-11,1.4076128944292484e-08,0.0010181511252686985,1.0065662862101696e-07,611.9707100391388,0.07,0.001,1000000,20251006_031116
500,4,8.600000000000007,0.11627906976744178,1.3754152823920255e-12,1.1828571428571428e-11,1.4049516192815438e-08,0.0010281817803171058,1.0065662862101696e-07,605.8504776954651,0.07,0.001,1000000,20251006_032122
501,4,8.700000000000006,0.1149425287356321,1.3596059113300481e-12,1.1828571428571428e-11,1.4019902432569758e-08,0.0010379449667716947,1.0065662862101696e-07,610.9574134349823,0.07,0.001,1000000,20251006_033133
502,4,8.800000000000008,0.11363636363636354,1.3441558441558428e-12,1.1828571428571428e-11,1.4041578081473742e-08,0.00105149854188786,1.0065662862101696e-07,609.1368346214294,0.07,0.001,1000000,20251006_034142
503,4,8.900000000000007,0.11235955056179765,1.3290529695024064e-12,1.1828571428571428e-11,1.4059020748476915e-08,0.0010647684198654887,1.0065662862101696e-07,609.5892870426178,0.07,0.001,1000000,20251006_035151
504,4,9.000000000000007,0.11111111111111102,1.314285714285713e-12,1.1828571428571428e-11,1.4028221486329429e-08,0.0010743733002760685,1.0065662862101696e-07,600.0134446620941,0.07,0.001,1000000,20251006_040151
505,4,9.100000000000007,0.1098901098901098,1.2998430141287273e-12,1.1828571428571428e-11,1.4019551848353328e-08,0.0010856394260646011,1.0065662862101696e-07,603.236001253128,0.07,0.001,1000000,20251006_041155
506,4,9.200000000000006,0.10869565217391297,1.2857142857142847e-12,1.1828571428571428e-11,1.3955330638921238e-08,0.0010925417482041966,1.0065662862101696e-07,604.9135429859161,0.07,0.001,1000000,20251006_042200
507,4,9.300000000000008,0.10752688172043001,1.2718894009216577e-12,1.1828571428571428e-11,1.3962744637543144e-08,0.001105003941767925,1.0065662862101696e-07,597.3701591491699,0.07,0.001,1000000,20251006_043157
508,4,9.400000000000007,0.10638297872340417,1.2583586626139806e-12,1.1828571428571428e-11,1.3909280513631042e-08,0.0011126090872516181,1.0065662862101696e-07,607.7991237640381,0.07,0.001,1000000,20251006_044205
509,4,9.500000000000007,0.10526315789473677,1.2451127819548862e-12,1.1828571428571428e-11,1.3945208493177095e-08,0.0011273498213844836,1.0065662862101696e-07,603.8952584266663,0.07,0.001,1000000,20251006_045209
510,4,9.600000000000009,0.10416666666666657,1.232142857142856e-12,1.1828571428571428e-11,1.3856949033079623e-08,0.0011320065401161043,1.0065662862101696e-07,601.7910568714142,0.07,0.001,1000000,20251006_050211
511,4,9.700000000000008,0.10309278350515455,1.2194403534609708e-12,1.1828571428571428e-11,1.3921497056484882e-08,0.001149126281647222,1.0065662862101696e-07,531.1768505573273,0.07,0.001,1000000,20251006_021936
512,4,9.800000000000008,0.10204081632653053,1.206997084548104e-12,1.1828571428571428e-11,1.3933613942179971e-08,0.0011619834230599897,1.0065662862101696e-07,536.4281322956085,0.07,0.001,1000000,20251006_022833
513,4,9.900000000000007,0.10101010101010094,1.194805194805194e-12,1.1828571428571428e-11,1.3863130678710118e-08,0.0011679025186018426,1.0065662862101696e-07,541.5848278999329,0.07,0.001,1000000,20251006_023735
514,4,10.000000000000007,0.09999999999999992,1.1828571428571418e-12,1.1828571428571428e-11,1.3835414209506829e-08,0.0011773409479867026,1.0065662862101696e-07,536.3730192184448,0.07,0.001,1000000,20251006_024631
515,4,10.100000000000009,0.09900990099009893,1.1711456859971702e-12,1.1828571428571428e-11,1.3917365351465049e-08,0.0011961578241844895,1.0065662862101696e-07,535.5104532241821,0.07,0.001,1000000,20251006_025526
516,4,10.200000000000008,0.09803921568627443,1.1596638655462173e-12,1.1828571428571428e-11,1.386629597764771e-08,0.0012035682459708072,1.0065662862101696e-07,538.0509762763977,0.07,0.001,1000000,20251006_030425
517,4,10.300000000000008,0.09708737864077663,1.1484049930651862e-12,1.1828571428571428e-11,1.385869430314059e-08,0.0012147016549624529,1.0065662862101696e-07,535.7296829223633,0.07,0.001,1000000,20251006_031320
518,4,10.40000000000001,0.09615384615384606,1.1373626373626361e-12,1.1828571428571428e-11,1.38337753059782e-08,0.0012242895428931442,1.0065662862101696e-07,537.1501407623291,0.07,0.001,1000000,20251006_032217
519,4,10.500000000000009,0.09523809523809516,1.126530612244897e-12,1.1828571428571428e-11,1.3852249582166604e-08,0.001237712252647307,1.0065662862101696e-07,532.910031080246,0.07,0.001,1000000,20251006_033110
520,4,10.600000000000009,0.09433962264150936,1.1159029649595678e-12,1.1828571428571428e-11,1.3886836656543596e-08,0.0012526198101006746,1.0065662862101696e-07,542.3082957267761,0.07,0.001,1000000,20251006_034013
521,4,10.700000000000008,0.09345794392523357,1.1054739652870486e-12,1.1828571428571428e-11,1.3865371633726663e-08,0.0012624825251909158,1.0065662862101696e-07,534.6959528923035,0.07,0.001,1000000,20251006_034907
522,4,10.800000000000008,0.09259259259259253,1.0952380952380945e-12,1.1828571428571428e-11,1.3870498248944582e-08,0.001274752583116614,1.0065662862101696e-07,535.0052542686462,0.07,0.001,1000000,20251006_035802
523,4,10.90000000000001,0.09174311926605497,1.0851900393184786e-12,1.1828571428571428e-11,1.3806400110878757e-08,0.0012806104352253858,1.0065662862101696e-07,543.8291094303131,0.07,0.001,1000000,20251006_040706
524,4,11.000000000000009,0.09090909090909084,1.0753246753246744e-12,1.1828571428571428e-11,1.3825940938545467e-08,0.0012941882896596749,1.0065662862101696e-07,538.1590058803558,0.07,0.001,1000000,20251006_041604
525,4,11.100000000000009,0.09009009009009002,1.0656370656370647e-12,1.1828571428571428e-11,1.3784450968857382e-08,0.0013020346294799858,1.0065662862101696e-07,534.1542015075684,0.07,0.001,1000000,20251006_042459
526,4,11.20000000000001,0.0892857142857142,1.0561224489795909e-12,1.1828571428571428e-11,1.3801923590172931e-08,0.0013154299469857558,1.0065662862101696e-07,534.81755900383,0.07,0.001,1000000,20251006_043353
527,4,11.30000000000001,0.08849557522123887,1.0467762326169397e-12,1.1828571428571428e-11,1.3740759339017932e-08,0.001321293383114511,1.0065662862101696e-07,535.8433682918549,0.07,0.001,1000000,20251006_044249
528,4,11.40000000000001,0.08771929824561396,1.037593984962405e-12,1.1828571428571428e-11,1.3797794968023012e-08,0.001338519251280693,1.0065662862101696e-07,605.9101836681366,0.07,0.001,1000000,20251006_022051
529,4,11.500000000000009,0.08695652173913036,1.0285714285714276e-12,1.1828571428571428e-11,1.3821613198348228e-08,0.0013525915147981108,1.0065662862101696e-07,615.8643500804901,0.07,0.001,1000000,20251006_023107
530,4,11.600000000000009,0.08620689655172407,1.019704433497536e-12,1.1828571428571428e-11,1.3751048711398694e-08,0.0013573876486397728,1.0065662862101696e-07,600.6026477813721,0.07,0.001,1000000,20251006_024108
531,4,11.70000000000001,0.0854700854700854,1.0109890109890102e-12,1.1828571428571428e-11,1.3728364250094977e-08,0.0013668307438317719,1.0065662862101696e-07,600.2820465564728,0.07,0.001,1000000,20251006_025108
532,4,11.80000000000001,0.08474576271186433,1.0024213075060524e-12,1.1828571428571428e-11,1.3810723550643819e-08,0.0013867830432328417,1.0065662862101696e-07,607.3629553318024,0.07,0.001,1000000,20251006_030116
533,4,11.90000000000001,0.08403361344537809,9.93997599039615e-13,1.1828571428571428e-11,1.3765671688756065e-08,0.0013939732895056462,1.0065662862101696e-07,594.714786529541,0.07,0.001,1000000,20251006_031110
534,4,12.00000000000001,0.08333333333333326,9.857142857142848e-13,1.1828571428571428e-11,1.3754279229609663e-08,0.0014045240050075535,1.0065662862101696e-07,608.2769811153412,0.07,0.001,1000000,20251006_032119
535,4,12.10000000000001,0.08264462809917349,9.77567886658795e-13,1.1828571428571428e-11,1.37311228414761e-08,0.0014138440422055657,1.0065662862101696e-07,610.9160017967224,0.07,0.001,1000000,20251006_033130
536,4,12.20000000000001,0.08196721311475404,9.69555035128805e-13,1.1828571428571428e-11,1.3762019136596403e-08,0.001428736275010613,1.0065662862101696e-07,604.5099053382874,0.07,0.001,1000000,20251006_034134
537,4,12.30000000000001,0.08130081300813002,9.61672473867595e-13,1.1828571428571428e-11,1.3793245802993474e-08,0.0014437156703535534,1.0065662862101696e-07,607.7619824409485,0.07,0.001,1000000,20251006_035142
538,4,12.40000000000001,0.08064516129032252,9.539170506912434e-13,1.1828571428571428e-11,1.3775974454033582e-08,0.0014536307360346085,1.0065662862101696e-07,605.7324855327606,0.07,0.001,1000000,20251006_040148
539,4,12.50000000000001,0.07999999999999993,9.462857142857135e-13,1.1828571428571428e-11,1.3779603301300933e-08,0.0014657395658677415,1.0065662862101696e-07,605.4707863330841,0.07,0.001,1000000,20251006_041153
540,4,12.60000000000001,0.0793650793650793,9.387755102040808e-13,1.1828571428571428e-11,1.3735930469754593e-08,0.0014727828293663438,1.0065662862101696e-07,601.301121711731,0.07,0.001,1000000,20251006_042154
541,4,12.70000000000001,0.0787401574803149,9.313835770528677e-13,1.1828571428571428e-11,1.3736834186342834e-08,0.00148456924857793,1.0065662862101696e-07,608.9228115081787,0.07,0.001,1000000,20251006_043203
542,4,12.800000000000011,0.07812499999999993,9.241071428571419e-13,1.1828571428571428e-11,1.370208618541048e-08,0.001492473909717676,1.0065662862101696e-07,605.8859722614288,0.07,0.001,1000000,20251006_044209
543,4,12.900000000000011,0.07751937984496117,9.169435215946836e-13,1.1828571428571428e-11,1.3725571906344074e-08,0.0015067119854723554,1.0065662862101696e-07,602.3792068958282,0.07,0.001,1000000,20251006_045212
544,4,13.00000000000001,0.07692307692307686,9.09890109890109e-13,1.1828571428571428e-11,1.3664672489869883e-08,0.001511654923039857,1.0065662862101696e-07,602.6086173057556,0.07,0.001,1000000,20251006_050214
545,4,13.10000000000001,0.07633587786259537,9.029443838604137e-13,1.1828571428571428e-11,1.3759931014447613e-08,0.0015339020771695485,1.0065662862101696e-07,534.1337418556213,0.07,0.001,1000000,20251006_032124
546,4,13.20000000000001,0.0757575757575757,8.961038961038954e-13,1.1828571428571428e-11,1.372046178626778e-08,0.0015411777948224539,1.0065662862101696e-07,531.9018580913544,0.07,0.001,1000000,20251006_033016
547,4,13.300000000000011,0.07518796992481197,8.893662728249186e-13,1.1828571428571428e-11,1.3701994061725565e-08,0.0015507632454485932,1.0065662862101696e-07,534.2862410545349,0.07,0.001,1000000,20251006_033910
548,4,13.400000000000011,0.07462686567164173,8.827292110874192e-13,1.1828571428571428e-11,1.3749688189523783e-08,0.0015678616277383136,1.0065662862101696e-07,536.3391621112823,0.07,0.001,1000000,20251006_034806
549,4,13.50000000000001,0.07407407407407401,8.761904761904755e-13,1.1828571428571428e-11,1.3765417426976693e-08,0.0015813690600527091,1.0065662862101696e-07,533.411602973938,0.07,0.001,1000000,20251006_035700
550,4,13.600000000000012,0.07352941176470582,8.697478991596631e-13,1.1828571428571428e-11,1.370663406221975e-08,0.0015862798585406692,1.0065662862101696e-07,542.0165994167328,0.07,0.001,1000000,20251006_040602
551,4,13.700000000000012,0.07299270072992695,8.633993743482787e-13,1.1828571428571428e-11,1.3721629717419115e-08,0.001599691901078709,1.0065662862101696e-07,536.2994613647461,0.07,0.001,1000000,20251006_041458
552,4,13.800000000000011,0.07246376811594198,8.571428571428565e-13,1.1828571428571428e-11,1.3667153358153567e-08,0.0016049711765245076,1.0065662862101696e-07,541.2828674316406,0.07,0.001,1000000,20251006_042359
553,4,13.900000000000011,0.07194244604316541,8.50976361767728e-13,1.1828571428571428e-11,1.3716476842875632e-08,0.0016224355664757677,1.0065662862101696e-07,534.7155938148499,0.07,0.001,1000000,20251006_043254
554,4,14.00000000000001,0.07142857142857137,8.448979591836727e-13,1.1828571428571428e-11,1.3675621578824376e-08,0.0016292404869237517,1.0065662862101696e-07,528.6543416976929,0.07,0.001,1000000,20251006_044143
555,4,14.100000000000012,0.07092198581560277,8.38905775075987e-13,1.1828571428571428e-11,1.3744391843796976e-08,0.0016491293617778402,1.0065662862101696e-07,533.0865702629089,0.07,0.001,1000000,20251006_045036
556,4,14.200000000000012,0.07042253521126755,8.329979879275648e-13,1.1828571428571428e-11,1.3736483480346357e-08,0.0016598696950996608,1.0065662862101696e-07,533.1873450279236,0.07,0.001,1000000,20251006_045929
557,4,14.300000000000011,0.06993006993006988,8.271728271728265e-13,1.1828571428571428e-11,1.3657855817525733e-08,0.0016619909112377646,1.0065662862101696e-07,535.350606918335,0.07,0.001,1000000,20251006_050824
558,4,14.400000000000013,0.06944444444444438,8.214285714285706e-13,1.1828571428571428e-11,1.367187581001315e-08,0.0016753312142135867,1.0065662862101696e-07,533.0187885761261,0.07,0.001,1000000,20251006_051717
559,4,14.500000000000012,0.06896551724137925,8.157635467980289e-13,1.1828571428571428e-11,1.3640261445217773e-08,0.00168306457915898,1.0065662862101696e-07,541.1084592342377,0.07,0.001,1000000,20251006_052619
560,4,14.600000000000012,0.06849315068493145,8.101761252446176e-13,1.1828571428571428e-11,1.3678571358223975e-08,0.0016994315610758329,1.0065662862101696e-07,533.8554039001465,0.07,0.001,1000000,20251006_053512
561,4,14.700000000000012,0.06802721088435369,8.046647230320693e-13,1.1828571428571428e-11,1.3685824640198339e-08,0.0017119788263986135,1.0065662862101696e-07,533.7779746055603,0.07,0.001,1000000,20251006_054406
562,4,14.800000000000011,0.06756756756756752,7.992277992277986e-13,1.1828571428571428e-11,1.3717425588877359e-08,0.0017276048386581674,1.0065662862101696e-07,533.4568903446198,0.07,0.001,1000000,20251006_032123
563,4,14.900000000000013,0.06711409395973149,7.938638542665381e-13,1.1828571428571428e-11,1.3677183618161911e-08,0.0017341754315124123,1.0065662862101696e-07,535.4108021259308,0.07,0.001,1000000,20251006_033019
564,4,15.000000000000012,0.06666666666666661,7.885714285714279e-13,1.1828571428571428e-11,1.3653255063561046e-08,0.0017427598497837308,1.0065662862101696e-07,535.8011474609375,0.07,0.001,1000000,20251006_033915
565,5,1.0,1.0,1.1828571428571428e-11,1.1828571428571428e-11,0.0001162653391468983,0.989373664831419,1.0065662862101696e-07,658.6118142604828,0.07,0.001,1000000,20251006_035013
566,5,1.1,0.9090909090909091,1.0753246753246752e-11,1.1828571428571428e-11,0.0001053766138951289,0.9863862453430389,1.0065662862101696e-07,654.904247045517,0.07,0.001,1000000,20251006_040108
567,5,1.2000000000000002,0.8333333333333333,9.857142857142855e-12,1.1828571428571428e-11,9.625046425838373e-05,0.9828656615680609,1.0065662862101696e-07,658.4758687019348,0.07,0.001,1000000,20251006_041207
568,5,1.3000000000000003,0.769230769230769,9.098901098901096e-12,1.1828571428571428e-11,8.845208592989478e-05,0.9785015429253295,1.0065662862101696e-07,652.0414385795593,0.07,0.001,1000000,20251006_042259
569,5,1.4000000000000004,0.7142857142857141,8.448979591836732e-12,1.1828571428571428e-11,8.165555664995226e-05,0.97280067388231,1.0065662862101696e-07,658.3314146995544,0.07,0.001,1000000,20251006_043357
570,5,1.5000000000000004,0.6666666666666665,7.885714285714283e-12,1.1828571428571428e-11,7.564256925504792e-05,0.9655340943861308,1.0065662862101696e-07,655.0439019203186,0.07,0.001,1000000,20251006_044452
571,5,1.6000000000000005,0.6249999999999998,7.39285714285714e-12,1.1828571428571428e-11,7.01949384213628e-05,0.9557314190199018,1.0065662862101696e-07,650.821277141571,0.07,0.001,1000000,20251006_045543
572,5,1.7000000000000006,0.5882352941176469,6.957983193277308e-12,1.1828571428571428e-11,6.504948261330996e-05,0.9410286618288308,1.0065662862101696e-07,653.9741659164429,0.07,0.001,1000000,20251006_050637
573,5,1.8000000000000007,0.5555555555555554,6.571428571428569e-12,1.1828571428571428e-11,5.9912935309305014e-05,0.9177051859383939,1.0065662862101696e-07,656.0280549526215,0.07,0.001,1000000,20251006_051733
574,5,1.9000000000000008,0.526315789473684,6.225563909774433e-12,1.1828571428571428e-11,5.418299295536382e-05,0.8760455243131285,1.0065662862101696e-07,656.9323842525482,0.07,0.001,1000000,20251006_052830
575,5,2.000000000000001,0.4999999999999998,5.9142857142857115e-12,1.1828571428571428e-11,5.075367781428157e-05,0.863788857302421,1.0065662862101696e-07,657.249862909317,0.07,0.001,1000000,20251006_053927
576,5,2.100000000000001,0.47619047619047594,5.632653061224486e-12,1.1828571428571428e-11,4.791668315673914e-05,0.8562806423249377,1.0065662862101696e-07,653.1501944065094,0.07,0.001,1000000,20251006_055020
577,5,2.200000000000001,0.4545454545454543,5.3766233766233736e-12,1.1828571428571428e-11,4.584634676612703e-05,0.8582968113653812,1.0065662862101696e-07,644.1120889186859,0.07,0.001,1000000,20251006_060105
578,5,2.300000000000001,0.43478260869565194,5.14285714285714e-12,1.1828571428571428e-11,4.356960657233113e-05,0.8527496654279083,1.0065662862101696e-07,654.6819360256195,0.07,0.001,1000000,20251006_061159
579,5,2.4000000000000012,0.41666666666666646,4.928571428571426e-12,1.1828571428571428e-11,4.176411100250485e-05,0.8529519500307952,1.0065662862101696e-07,657.8463914394379,0.07,0.001,1000000,20251006_032330
580,5,2.5000000000000013,0.3999999999999998,4.731428571428569e-12,1.1828571428571428e-11,3.995076753090677e-05,0.8499144623605517,1.0065662862101696e-07,654.7841231822968,0.07,0.001,1000000,20251006_033424
581,5,2.6000000000000014,0.3846153846153844,4.549450549450547e-12,1.1828571428571428e-11,3.83353097457412e-05,0.8481690248539471,1.0065662862101696e-07,648.2841234207153,0.07,0.001,1000000,20251006_034513
582,5,2.7000000000000015,0.3703703703703702,4.380952380952379e-12,1.1828571428571428e-11,3.6787542190770246e-05,0.8452294501706897,1.0065662862101696e-07,657.2202773094177,0.07,0.001,1000000,20251006_035610
583,5,2.8000000000000016,0.35714285714285693,4.224489795918364e-12,1.1828571428571428e-11,3.533681907109536e-05,0.8419679643501381,1.0065662862101696e-07,647.7483508586884,0.07,0.001,1000000,20251006_040658
584,5,2.9000000000000017,0.34482758620689635,4.078817733990145e-12,1.1828571428571428e-11,3.398013668457456e-05,0.8385581856840284,1.0065662862101696e-07,651.7227656841278,0.07,0.001,1000000,20251006_041749
585,5,3.0000000000000018,0.33333333333333315,3.942857142857141e-12,1.1828571428571428e-11,3.269347103842569e-05,0.8346268843669397,1.0065662862101696e-07,648.0868723392487,0.07,0.001,1000000,20251006_042838
586,5,3.100000000000002,0.32258064516129015,3.815668202764975e-12,1.1828571428571428e-11,3.146803530392349e-05,0.8301210101876295,1.0065662862101696e-07,660.4532244205475,0.07,0.001,1000000,20251006_043938
587,5,3.200000000000002,0.31249999999999983,3.696428571428569e-12,1.1828571428571428e-11,3.0302429254334506e-05,0.8251587468358389,1.0065662862101696e-07,650.0251607894897,0.07,0.001,1000000,20251006_045028
588,5,3.300000000000002,0.3030303030303028,3.5844155844155817e-12,1.1828571428571428e-11,2.9178752347332316e-05,0.8193901542610669,1.0065662862101696e-07,649.3243908882141,0.07,0.001,1000000,20251006_050117
589,5,3.400000000000002,0.2941176470588234,3.4789915966386535e-12,1.1828571428571428e-11,2.807561825735714e-05,0.812303508570321,1.0065662862101696e-07,647.0989487171173,0.07,0.001,1000000,20251006_051205
590,5,3.500000000000002,0.28571428571428553,3.3795918367346915e-12,1.1828571428571428e-11,2.6986005848823215e-05,0.803742138078442,1.0065662862101696e-07,653.5545206069946,0.07,0.001,1000000,20251006_052258
591,5,3.6000000000000023,0.2777777777777776,3.2857142857142837e-12,1.1828571428571428e-11,2.5870653239094776e-05,0.7925377889954225,1.0065662862101696e-07,659.9656164646149,0.07,0.001,1000000,20251006_053358
592,5,3.7000000000000024,0.2702702702702701,3.1969111969111947e-12,1.1828571428571428e-11,2.465472242804353e-05,0.7762684311004875,1.0065662862101696e-07,654.2787933349609,0.07,0.001,1000000,20251006_054452
593,5,3.8000000000000025,0.2631578947368419,3.1127819548872156e-12,1.1828571428571428e-11,2.329976269976722e-05,0.7534339362723746,1.0065662862101696e-07,658.7814674377441,0.07,0.001,1000000,20251006_055551
594,5,3.9000000000000026,0.2564102564102562,3.0329670329670305e-12,1.1828571428571428e-11,2.1675928226659122e-05,0.719370119691757,1.0065662862101696e-07,658.7676351070404,0.07,0.001,1000000,20251006_060650
595,5,4.000000000000003,0.24999999999999983,2.957142857142855e-12,1.1828571428571428e-11,2.0462731093368345e-05,0.6965201289690052,1.0065662862101696e-07,651.8319044113159,0.07,0.001,1000000,20251006_061742
596,5,4.100000000000003,0.24390243902439004,2.885017421602785e-12,1.1828571428571428e-11,1.9815980883466345e-05,0.6913683826006598,1.0065662862101696e-07,655.7192375659943,0.07,0.001,1000000,20251006_032330
597,5,4.200000000000003,0.23809523809523794,2.8163265306122427e-12,1.1828571428571428e-11,1.9255107212044894e-05,0.6881851783284987,1.0065662862101696e-07,661.6043646335602,0.07,0.001,1000000,20251006_033432
598,5,4.3000000000000025,0.23255813953488358,2.7508305647840515e-12,1.1828571428571428e-11,1.8733714784717507e-05,0.6854920822523999,1.0065662862101696e-07,654.0485119819641,0.07,0.001,1000000,20251006_034526
599,5,4.400000000000003,0.22727272727272713,2.6883116883116864e-12,1.1828571428571428e-11,1.8241401372529665e-05,0.6830004018748088,1.0065662862101696e-07,668.8621077537537,0.07,0.001,1000000,20251006_035635
600,5,4.5000000000000036,0.22222222222222204,2.628571428571426e-12,1.1828571428571428e-11,1.777036915828121e-05,0.6804857685741527,1.0065662862101696e-07,659.5273988246918,0.07,0.001,1000000,20251006_040734
601,5,4.600000000000003,0.21739130434782594,2.5714285714285694e-12,1.1828571428571428e-11,1.7302797960888112e-05,0.6773049532875133,1.0065662862101696e-07,655.8389403820038,0.07,0.001,1000000,20251006_041830
602,5,4.700000000000003,0.21276595744680837,2.5167173252279616e-12,1.1828571428571428e-11,1.686948099281717e-05,0.6746983724799118,1.0065662862101696e-07,661.9715549945831,0.07,0.001,1000000,20251006_042932
603,5,4.800000000000003,0.20833333333333318,2.4642857142857122e-12,1.1828571428571428e-11,1.6430349705837788e-05,0.6711168266189945,1.0065662862101696e-07,660.9681177139282,0.07,0.001,1000000,20251006_044033
604,5,4.900000000000004,0.20408163265306106,2.413994169096208e-12,1.1828571428571428e-11,1.602126396049565e-05,0.6680407256802381,1.0065662862101696e-07,654.8710701465607,0.07,0.001,1000000,20251006_045128
605,5,5.0000000000000036,0.19999999999999984,2.3657142857142835e-12,1.1828571428571428e-11,1.558993503681259e-05,0.6633219872333084,1.0065662862101696e-07,658.5255405902863,0.07,0.001,1000000,20251006_050226
606,5,5.100000000000003,0.1960784313725489,2.3193277310924355e-12,1.1828571428571428e-11,1.5181805487427887e-05,0.6588759907702939,1.0065662862101696e-07,653.8994519710541,0.07,0.001,1000000,20251006_051320
607,5,5.200000000000004,0.19230769230769218,2.274725274725273e-12,1.1828571428571428e-11,1.4775287195300995e-05,0.6538066871244036,1.0065662862101696e-07,661.2315945625305,0.07,0.001,1000000,20251006_052422
608,5,5.300000000000004,0.18867924528301872,2.2318059299191357e-12,1.1828571428571428e-11,1.435794326078392e-05,0.6475572733220244,1.0065662862101696e-07,654.6182615756989,0.07,0.001,1000000,20251006_053516
609,5,5.400000000000004,0.18518518518518506,2.190476190476189e-12,1.1828571428571428e-11,1.392752533377642e-05,0.6399967966905766,1.0065662862101696e-07,658.4433562755585,0.07,0.001,1000000,20251006_054615
610,5,5.5000000000000036,0.1818181818181817,2.1506493506493493e-12,1.1828571428571428e-11,1.3474386783696539e-05,0.6306403905280867,1.0065662862101696e-07,657.2337508201599,0.07,0.001,1000000,20251006_055712
611,5,5.600000000000004,0.17857142857142844,2.1122448979591817e-12,1.1828571428571428e-11,1.2989278679196599e-05,0.618989304379445,1.0065662862101696e-07,662.3765897750854,0.07,0.001,1000000,20251006_060814
612,5,5.700000000000005,0.17543859649122792,2.07518796992481e-12,1.1828571428571428e-11,1.2427921824899938e-05,0.6028141690245583,1.0065662862101696e-07,654.0635025501251,0.07,0.001,1000000,20251006_061908
613,5,5.800000000000004,0.17241379310344815,2.039408866995072e-12,1.1828571428571428e-11,1.1764071198165835e-05,0.5806249864009451,1.0065662862101696e-07,657.1944179534912,0.07,0.001,1000000,20251006_032337
614,5,5.900000000000004,0.1694915254237287,2.004842615012105e-12,1.1828571428571428e-11,1.0856033051473775e-05,0.5450461193199864,1.0065662862101696e-07,653.2288980484009,0.07,0.001,1000000,20251006_033430
615,5,6.000000000000004,0.16666666666666655,1.97142857142857e-12,1.1828571428571428e-11,9.968699533065985e-06,0.5089789715319059,1.0065662862101696e-07,652.0714223384857,0.07,0.001,1000000,20251006_034522
616,5,6.100000000000005,0.16393442622950807,1.93911007025761e-12,1.1828571428571428e-11,9.587426354463085e-06,0.49767057001789305,1.0065662862101696e-07,652.1365191936493,0.07,0.001,1000000,20251006_035615
617,5,6.200000000000005,0.16129032258064505,1.907834101382487e-12,1.1828571428571428e-11,9.363404157982456e-06,0.49400977489372067,1.0065662862101696e-07,655.6177580356598,0.07,0.001,1000000,20251006_040710
618,5,6.300000000000004,0.1587301587301586,1.8775510204081617e-12,1.1828571428571428e-11,9.168835306199353e-06,0.49154672244419007,1.0065662862101696e-07,653.184807062149,0.07,0.001,1000000,20251006_041803
619,5,6.400000000000005,0.1562499999999999,1.848214285714284e-12,1.1828571428571428e-11,8.986452074094043e-06,0.4894161764868457,1.0065662862101696e-07,656.3756146430969,0.07,0.001,1000000,20251006_042900
620,5,6.500000000000005,0.15384615384615372,1.819780219780218e-12,1.1828571428571428e-11,8.798219634021739e-06,0.48665169376048234,1.0065662862101696e-07,660.6816310882568,0.07,0.001,1000000,20251006_044000
621,5,6.600000000000005,0.1515151515151514,1.7922077922077908e-12,1.1828571428571428e-11,8.62374228163602e-06,0.48433938739697047,1.0065662862101696e-07,654.3019578456879,0.07,0.001,1000000,20251006_045055
622,5,6.700000000000005,0.14925373134328349,1.7654584221748389e-12,1.1828571428571428e-11,8.443620783587411e-06,0.48140833607583505,1.0065662862101696e-07,648.2877414226532,0.07,0.001,1000000,20251006_050143
623,5,6.800000000000005,0.14705882352941166,1.7394957983193263e-12,1.1828571428571428e-11,8.26912319197339e-06,0.47849616133600315,1.0065662862101696e-07,659.4004981517792,0.07,0.001,1000000,20251006_051243
624,5,6.900000000000006,0.14492753623188395,1.714285714285713e-12,1.1828571428571428e-11,8.09148346938412e-06,0.4751025104996892,1.0065662862101696e-07,651.6158373355865,0.07,0.001,1000000,20251006_052334
625,5,7.000000000000005,0.14285714285714274,1.6897959183673454e-12,1.1828571428571428e-11,7.921456075672712e-06,0.47185997650951306,1.0065662862101696e-07,656.6676688194275,0.07,0.001,1000000,20251006_053431
626,5,7.100000000000005,0.1408450704225351,1.6659959758551295e-12,1.1828571428571428e-11,7.73311986047735e-06,0.4672218811803215,1.0065662862101696e-07,658.8745129108429,0.07,0.001,1000000,20251006_054530
627,5,7.2000000000000055,0.13888888888888878,1.6428571428571414e-12,1.1828571428571428e-11,7.553867609361782e-06,0.4628198196743488,1.0065662862101696e-07,654.7203862667084,0.07,0.001,1000000,20251006_055624
628,5,7.300000000000006,0.1369863013698629,1.6203522504892353e-12,1.1828571428571428e-11,7.366183653942648e-06,0.4575889052428213,1.0065662862101696e-07,658.0270671844482,0.07,0.001,1000000,20251006_060723
629,5,7.400000000000006,0.13513513513513503,1.5984555984555972e-12,1.1828571428571428e-11,7.155980762573016e-06,0.45062052316835915,1.0065662862101696e-07,658.268363237381,0.07,0.001,1000000,20251006_061821
630,5,7.500000000000005,0.13333333333333325,1.577142857142856e-12,1.1828571428571428e-11,6.93788146766811e-06,0.4427904264632191,1.0065662862101696e-07,667.2017314434052,0.07,0.001,1000000,20251006_032352
631,5,7.600000000000006,0.13157894736842096,1.5563909774436078e-12,1.1828571428571428e-11,6.684919808961106e-06,0.43233448428048216,1.0065662862101696e-07,663.0196113586426,0.07,0.001,1000000,20251006_033455
632,5,7.700000000000006,0.12987012987012977,1.5361781076066777e-12,1.1828571428571428e-11,6.3955826224839845e-06,0.4190645483480797,1.0065662862101696e-07,655.3497343063354,0.07,0.001,1000000,20251006_034550
633,5,7.800000000000006,0.1282051282051281,1.5164835164835153e-12,1.1828571428571428e-11,6.003978777333234e-06,0.39851423076451764,1.0065662862101696e-07,666.0167784690857,0.07,0.001,1000000,20251006_035656
634,5,7.900000000000006,0.12658227848101256,1.497287522603977e-12,1.1828571428571428e-11,5.482221831495193e-06,0.3685477629247542,1.0065662862101696e-07,652.0334150791168,0.07,0.001,1000000,20251006_040749
635,5,8.000000000000007,0.12499999999999989,1.478571428571427e-12,1.1828571428571428e-11,4.720408957953964e-06,0.3213510299459575,1.0065662862101696e-07,663.9804530143738,0.07,0.001,1000000,20251006_041853
636,5,8.100000000000007,0.12345679012345669,1.460317460317459e-12,1.1828571428571428e-11,3.993386096274797e-06,0.2752557523661208,1.0065662862101696e-07,663.9535045623779,0.07,0.001,1000000,20251006_042957
637,5,8.200000000000006,0.12195121951219502,1.4425087108013924e-12,1.1828571428571428e-11,3.843347916859515e-06,0.26818447682979074,1.0065662862101696e-07,669.909567117691,0.07,0.001,1000000,20251006_044106
638,5,8.300000000000006,0.12048192771084329,1.4251290877796891e-12,1.1828571428571428e-11,3.77353958155893e-06,0.2665244682076149,1.0065662862101696e-07,672.5498967170715,0.07,0.001,1000000,20251006_045219
639,5,8.400000000000006,0.11904761904761897,1.4081632653061214e-12,1.1828571428571428e-11,3.702714669813168e-06,0.2646729854353596,1.0065662862101696e-07,659.976482629776,0.07,0.001,1000000,20251006_050319
640,5,8.500000000000007,0.11764705882352931,1.391596638655461e-12,1.1828571428571428e-11,3.6376374889121488e-06,0.2631167075346557,1.0065662862101696e-07,663.1174068450928,0.07,0.001,1000000,20251006_051422
641,5,8.600000000000007,0.11627906976744178,1.3754152823920255e-12,1.1828571428571428e-11,3.5719069813461416e-06,0.2614018610182202,1.0065662862101696e-07,665.9214942455292,0.07,0.001,1000000,20251006_052528
642,5,8.700000000000006,0.1149425287356321,1.3596059113300481e-12,1.1828571428571428e-11,3.510123861723456e-06,0.259867385849795,1.0065662862101696e-07,666.2730176448822,0.07,0.001,1000000,20251006_053634
643,5,8.800000000000008,0.11363636363636354,1.3441558441558428e-12,1.1828571428571428e-11,3.4403809823587044e-06,0.2576316967721636,1.0065662862101696e-07,659.8229055404663,0.07,0.001,1000000,20251006_054734
644,5,8.900000000000007,0.11235955056179765,1.3290529695024064e-12,1.1828571428571428e-11,3.37741189001753e-06,0.2557903274848264,1.0065662862101696e-07,664.2563650608063,0.07,0.001,1000000,20251006_055838
645,5,9.000000000000007,0.11111111111111102,1.314285714285713e-12,1.1828571428571428e-11,3.3039618766460704e-06,0.25303909186618856,1.0065662862101696e-07,666.8012380599976,0.07,0.001,1000000,20251006_060945
646,5,9.100000000000007,0.1098901098901098,1.2998430141287273e-12,1.1828571428571428e-11,3.232758529313697e-06,0.2503368261933272,1.0065662862101696e-07,662.8520565032959,0.07,0.001,1000000,20251006_062048
647,5,9.200000000000006,0.10869565217391297,1.2857142857142847e-12,1.1828571428571428e-11,3.1625698484790737e-06,0.2475928145649655,1.0065662862101696e-07,669.8317453861237,0.07,0.001,1000000,20251006_032417
648,5,9.300000000000008,0.10752688172043001,1.2718894009216577e-12,1.1828571428571428e-11,3.0832733253891514e-06,0.24400855752543532,1.0065662862101696e-07,670.2450437545776,0.07,0.001,1000000,20251006_033528
649,5,9.400000000000007,0.10638297872340417,1.2583586626139806e-12,1.1828571428571428e-11,2.9963041840492418e-06,0.2396756079565872,1.0065662862101696e-07,670.3521838188171,0.07,0.001,1000000,20251006_034638
650,5,9.500000000000007,0.10526315789473677,1.2451127819548862e-12,1.1828571428571428e-11,2.908184954948987e-06,0.23510166887206163,1.0065662862101696e-07,664.7766652107239,0.07,0.001,1000000,20251006_035743
651,5,9.600000000000009,0.10416666666666657,1.232142857142856e-12,1.1828571428571428e-11,2.7887360842423464e-06,0.22781836596814825,1.0065662862101696e-07,659.7207205295563,0.07,0.001,1000000,20251006_040843
652,5,9.700000000000008,0.10309278350515455,1.2194403534609708e-12,1.1828571428571428e-11,2.680280305046444e-06,0.221239176233248,1.0065662862101696e-07,668.7090444564819,0.07,0.001,1000000,20251006_041951
653,5,9.800000000000008,0.10204081632653053,1.206997084548104e-12,1.1828571428571428e-11,2.4697706508606504e-06,0.2059646956610856,1.0065662862101696e-07,664.2963564395905,0.07,0.001,1000000,20251006_043056
654,5,9.900000000000007,0.10101010101010094,1.194805194805194e-12,1.1828571428571428e-11,2.1946901871525134e-06,0.18489216155644425,1.0065662862101696e-07,665.519300699234,0.07,0.001,1000000,20251006_044201
655,5,10.000000000000007,0.09999999999999992,1.1828571428571418e-12,1.1828571428571428e-11,1.7386445441085417e-06,0.14795201536981123,1.0065662862101696e-07,659.389933347702,0.07,0.001,1000000,20251006_045301
656,5,10.100000000000009,0.09900990099009893,1.1711456859971702e-12,1.1828571428571428e-11,7.652543109421304e-07,0.06577142357105552,1.0065662862101696e-07,664.9577624797821,0.07,0.001,1000000,20251006_050406
657,5,10.200000000000008,0.09803921568627443,1.1596638655462173e-12,1.1828571428571428e-11,1.495227018208661e-07,0.012978287514809311,1.0065662862101696e-07,673.7650485038757,0.07,0.001,1000000,20251006_051519
658,5,10.300000000000008,0.09708737864077663,1.1484049930651862e-12,1.1828571428571428e-11,1.127343724903845e-08,0.0009881062807207694,1.0065662862101696e-07,658.7036426067352,0.07,0.001,1000000,20251006_052618
659,5,10.40000000000001,0.09615384615384606,1.1373626373626361e-12,1.1828571428571428e-11,1.1240716920286926e-08,0.000994803795474557,1.0065662862101696e-07,664.9628562927246,0.07,0.001,1000000,20251006_053723
660,5,10.500000000000009,0.09523809523809516,1.126530612244897e-12,1.1828571428571428e-11,1.1290314130747526e-08,0.0010088007765795372,1.0065662862101696e-07,663.2284865379333,0.07,0.001,1000000,20251006_054826
661,5,10.600000000000009,0.09433962264150936,1.1159029649595678e-12,1.1828571428571428e-11,1.123196389803308e-08,0.001013145097978971,1.0065662862101696e-07,663.6298122406006,0.07,0.001,1000000,20251006_055930
662,5,10.700000000000008,0.09345794392523357,1.1054739652870486e-12,1.1828571428571428e-11,1.1171252389489599e-08,0.0010171751106852383,1.0065662862101696e-07,667.951003074646,0.07,0.001,1000000,20251006_061038
663,5,10.800000000000008,0.09259259259259253,1.0952380952380945e-12,1.1828571428571428e-11,1.1152825293403646e-08,0.0010249878985346755,1.0065662862101696e-07,666.4815173149109,0.07,0.001,1000000,20251006_062144
664,5,10.90000000000001,0.09174311926605497,1.0851900393184786e-12,1.1828571428571428e-11,1.1144282676955896e-08,0.0010336861582018037,1.0065662862101696e-07,750.7586550712585,0.07,0.001,1000000,20251006_033301
665,5,11.000000000000009,0.09090909090909084,1.0753246753246744e-12,1.1828571428571428e-11,1.1174693909109473e-08,0.0010460161852262507,1.0065662862101696e-07,748.8263266086578,0.07,0.001,1000000,20251006_034530
666,5,11.100000000000009,0.09009009009009002,1.0656370656370647e-12,1.1828571428571428e-11,1.1122237773708582e-08,0.0010505705864815708,1.0065662862101696e-07,752.1785876750946,0.07,0.001,1000000,20251006_035802
667,5,11.20000000000001,0.0892857142857142,1.0561224489795909e-12,1.1828571428571428e-11,1.1186213579877244e-08,0.001066132574942396,1.0065662862101696e-07,749.4528269767761,0.07,0.001,1000000,20251006_041031
668,5,11.30000000000001,0.08849557522123887,1.0467762326169397e-12,1.1828571428571428e-11,1.1091110709123803e-08,0.0010665066485622005,1.0065662862101696e-07,748.2123186588287,0.07,0.001,1000000,20251006_042300
669,5,11.40000000000001,0.08771929824561396,1.037593984962405e-12,1.1828571428571428e-11,1.1119346181995398e-08,0.0010786838738181261,1.0065662862101696e-07,751.2608361244202,0.07,0.001,1000000,20251006_043531
670,5,11.500000000000009,0.08695652173913036,1.0285714285714276e-12,1.1828571428571428e-11,1.1069596901783682e-08,0.00108327751809589,1.0065662862101696e-07,752.8086214065552,0.07,0.001,1000000,20251006_044804
671,5,11.600000000000009,0.08620689655172407,1.019704433497536e-12,1.1828571428571428e-11,1.107622641878954e-08,0.00109335173265292,1.0065662862101696e-07,756.4124083518982,0.07,0.001,1000000,20251006_050040
672,5,11.70000000000001,0.0854700854700854,1.0109890109890102e-12,1.1828571428571428e-11,1.1047366309342594e-08,0.001099903792972009,1.0065662862101696e-07,746.7190749645233,0.07,0.001,1000000,20251006_051307
673,5,11.80000000000001,0.08474576271186433,1.0024213075060524e-12,1.1828571428571428e-11,1.1022026931207428e-08,0.0011067602645294875,1.0065662862101696e-07,746.6262483596802,0.07,0.001,1000000,20251006_052533
674,5,11.90000000000001,0.08403361344537809,9.93997599039615e-13,1.1828571428571428e-11,1.1036135107811386e-08,0.0011175682456694396,1.0065662862101696e-07,755.4163722991943,0.07,0.001,1000000,20251006_053809
675,5,12.00000000000001,0.08333333333333326,9.857142857142848e-13,1.1828571428571428e-11,1.1024920641679544e-08,0.0011258144055420378,1.0065662862101696e-07,747.21759557724,0.07,0.001,1000000,20251006_055036
676,5,12.10000000000001,0.08264462809917349,9.77567886658795e-13,1.1828571428571428e-11,1.1035683635549694e-08,0.0011363044187950831,1.0065662862101696e-07,750.6858654022217,0.07,0.001,1000000,20251006_060307
677,5,12.20000000000001,0.08196721311475404,9.69555035128805e-13,1.1828571428571428e-11,1.1062646977590062e-08,0.0011484946269612914,1.0065662862101696e-07,748.8671588897705,0.07,0.001,1000000,20251006_061536
678,5,12.30000000000001,0.08130081300813002,9.61672473867595e-13,1.1828571428571428e-11,1.1051400490923049e-08,0.0011567313666400343,1.0065662862101696e-07,753.4053156375885,0.07,0.001,1000000,20251006_062809
679,5,12.40000000000001,0.08064516129032252,9.539170506912434e-13,1.1828571428571428e-11,1.0992847145595061e-08,0.0011599571805745118,1.0065662862101696e-07,754.9883751869202,0.07,0.001,1000000,20251006_064044
680,5,12.50000000000001,0.07999999999999993,9.462857142857135e-13,1.1828571428571428e-11,1.10013039477186e-08,0.0011702112259491363,1.0065662862101696e-07,757.9010591506958,0.07,0.001,1000000,20251006_065322
681,5,12.60000000000001,0.0793650793650793,9.387755102040808e-13,1.1828571428571428e-11,1.09707601637828e-08,0.0011762979748545768,1.0065662862101696e-07,656.3610970973969,0.07,0.001,1000000,20251006_035124
682,5,12.70000000000001,0.0787401574803149,9.313835770528677e-13,1.1828571428571428e-11,1.1029260187246386e-08,0.001191955896565279,1.0065662862101696e-07,661.6317863464355,0.07,0.001,1000000,20251006_040226
683,5,12.800000000000011,0.07812499999999993,9.241071428571419e-13,1.1828571428571428e-11,1.0966087679874828e-08,0.001194460429778659,1.0065662862101696e-07,662.5979161262512,0.07,0.001,1000000,20251006_041329
684,5,12.900000000000011,0.07751937984496117,9.169435215946836e-13,1.1828571428571428e-11,1.1012590721961881e-08,0.0012088969804028562,1.0065662862101696e-07,659.9065256118774,0.07,0.001,1000000,20251006_042429
685,5,13.00000000000001,0.07692307692307686,9.09890109890109e-13,1.1828571428571428e-11,1.0937070345051002e-08,0.0012099138302060402,1.0065662862101696e-07,666.2053654193878,0.07,0.001,1000000,20251006_043535
686,5,13.10000000000001,0.07633587786259537,9.029443838604137e-13,1.1828571428571428e-11,1.0997555113447891e-08,0.0012259634597435163,1.0065662862101696e-07,666.8720083236694,0.07,0.001,1000000,20251006_044642
687,5,13.20000000000001,0.0757575757575757,8.961038961038954e-13,1.1828571428571428e-11,1.0912775848888407e-08,0.0012257989621759313,1.0065662862101696e-07,656.9665198326111,0.07,0.001,1000000,20251006_045739
688,5,13.300000000000011,0.07518796992481197,8.893662728249186e-13,1.1828571428571428e-11,1.0971747048670954e-08,0.001241759555929574,1.0065662862101696e-07,655.8608808517456,0.07,0.001,1000000,20251006_050835
689,5,13.400000000000011,0.07462686567164173,8.827292110874192e-13,1.1828571428571428e-11,1.0999643514848317e-08,0.001254277096906921,1.0065662862101696e-07,660.9722142219543,0.07,0.001,1000000,20251006_051936
690,5,13.50000000000001,0.07407407407407401,8.761904761904755e-13,1.1828571428571428e-11,1.0930329437114468e-08,0.0012556745830433166,1.0065662862101696e-07,652.2567460536957,0.07,0.001,1000000,20251006_053028
691,5,13.600000000000012,0.07352941176470582,8.697478991596631e-13,1.1828571428571428e-11,1.0961961675504547e-08,0.0012686367008131487,1.0065662862101696e-07,666.039148569107,0.07,0.001,1000000,20251006_054134
692,5,13.700000000000012,0.07299270072992695,8.633993743482787e-13,1.1828571428571428e-11,1.0975882974975786e-08,0.0012795878816032442,1.0065662862101696e-07,660.2367684841156,0.07,0.001,1000000,20251006_055234
693,5,13.800000000000011,0.07246376811594198,8.571428571428565e-13,1.1828571428571428e-11,1.1000831765630885e-08,0.0012918577438146275,1.0065662862101696e-07,663.9775385856628,0.07,0.001,1000000,20251006_060338
694,5,13.900000000000011,0.07194244604316541,8.50976361767728e-13,1.1828571428571428e-11,1.0932932200719555e-08,0.0012931876203712428,1.0065662862101696e-07,658.5810887813568,0.07,0.001,1000000,20251006_061437
695,5,14.00000000000001,0.07142857142857137,8.448979591836727e-13,1.1828571428571428e-11,1.0915134170849406e-08,0.001300370766246481,1.0065662862101696e-07,661.4369168281555,0.07,0.001,1000000,20251006_062538
696,5,14.100000000000012,0.07092198581560277,8.38905775075987e-13,1.1828571428571428e-11,1.0918027022404611e-08,0.0013100062294467637,1.0065662862101696e-07,659.7892587184906,0.07,0.001,1000000,20251006_063638
697,5,14.200000000000012,0.07042253521126755,8.329979879275648e-13,1.1828571428571428e-11,1.0888463998234952e-08,0.0013157247590122078,1.0065662862101696e-07,662.2831468582153,0.07,0.001,1000000,20251006_064740
698,5,14.300000000000011,0.06993006993006988,8.271728271728265e-13,1.1828571428571428e-11,1.0887812184771194e-08,0.0013249111087505752,1.0065662862101696e-07,654.7154040336609,0.07,0.001,1000000,20251006_035206
699,5,14.400000000000013,0.06944444444444438,8.214285714285706e-13,1.1828571428571428e-11,1.092613539172253e-08,0.0013388722898631232,1.0065662862101696e-07,659.1464035511017,0.07,0.001,1000000,20251006_040305
700,5,14.500000000000012,0.06896551724137925,8.157635467980289e-13,1.1828571428571428e-11,1.0880266806157256e-08,0.0013425103138080005,1.0065662862101696e-07,662.02401471138,0.07,0.001,1000000,20251006_041407
701,5,14.600000000000012,0.06849315068493145,8.101761252446176e-13,1.1828571428571428e-11,1.0928725041559625e-08,0.0013577894775377835,1.0065662862101696e-07,662.2068057060242,0.07,0.001,1000000,20251006_042510
702,5,14.700000000000012,0.06802721088435369,8.046647230320693e-13,1.1828571428571428e-11,1.0862144140548176e-08,0.0013587607080166964,1.0065662862101696e-07,661.721488237381,0.07,0.001,1000000,20251006_043611
703,5,14.800000000000011,0.06756756756756752,7.992277992277986e-13,1.1828571428571428e-11,1.0915480017938535e-08,0.0013747212239706029,1.0065662862101696e-07,665.0366089344025,0.07,0.001,1000000,20251006_044716
704,5,14.900000000000013,0.06711409395973149,7.938638542665381e-13,1.1828571428571428e-11,1.0848097897236807e-08,0.001375466278528895,1.0065662862101696e-07,660.8200755119324,0.07,0.001,1000000,20251006_045817
705,5,15.000000000000012,0.06666666666666661,7.885714285714279e-13,1.1828571428571428e-11,1.0891938209215514e-08,0.001390293560691395,1.0065662862101696e-07,656.8853805065155,0.07,0.001,1000000,20251006_050914
706,6,1.0,1.0,1.1828571428571428e-11,1.1828571428571428e-11,0.00011626446590369156,0.9893662338649928,1.0065662862101696e-07,798.7911229133606,0.07,0.001,1000000,20251006_052233
707,6,1.1,0.9090909090909091,1.0753246753246752e-11,1.1828571428571428e-11,0.00010538157460525525,0.9864326804680147,1.0065662862101696e-07,782.0850360393524,0.07,0.001,1000000,20251006_053535
708,6,1.2000000000000002,0.8333333333333333,9.857142857142855e-12,1.1828571428571428e-11,9.625327767382214e-05,0.9828943908780693,1.0065662862101696e-07,788.3310475349426,0.07,0.001,1000000,20251006_054843
709,6,1.3000000000000003,0.769230769230769,9.098901098901096e-12,1.1828571428571428e-11,8.845118013748954e-05,0.978491522593341,1.0065662862101696e-07,787.5005915164948,0.07,0.001,1000000,20251006_060151
710,6,1.4000000000000004,0.7142857142857141,8.448979591836732e-12,1.1828571428571428e-11,8.165463715059222e-05,0.972789719458217,1.0065662862101696e-07,794.3313109874725,0.07,0.001,1000000,20251006_061505
711,6,1.5000000000000004,0.6666666666666665,7.885714285714283e-12,1.1828571428571428e-11,7.563824298470458e-05,0.9654788720218037,1.0065662862101696e-07,794.1146647930145,0.07,0.001,1000000,20251006_062819
712,6,1.6000000000000005,0.6249999999999998,7.39285714285714e-12,1.1828571428571428e-11,7.018149403398044e-05,0.955548368450733,1.0065662862101696e-07,785.4899406433105,0.07,0.001,1000000,20251006_064125
713,6,1.7000000000000006,0.5882352941176469,6.957983193277308e-12,1.1828571428571428e-11,6.505815185065857e-05,0.9411540740610808,1.0065662862101696e-07,795.7957396507263,0.07,0.001,1000000,20251006_065441
714,6,1.8000000000000007,0.5555555555555554,6.571428571428569e-12,1.1828571428571428e-11,5.999462969123495e-05,0.9189565243609246,1.0065662862101696e-07,792.0882203578949,0.07,0.001,1000000,20251006_070753
715,6,1.9000000000000008,0.526315789473684,6.225563909774433e-12,1.1828571428571428e-11,5.571384926298084e-05,0.900796829907473,1.0065662862101696e-07,892.655609369278,0.07,0.001,1000000,20251006_035803
716,6,2.000000000000001,0.4999999999999998,5.9142857142857115e-12,1.1828571428571428e-11,5.280786496084871e-05,0.8987495546239315,1.0065662862101696e-07,902.495353937149,0.07,0.001,1000000,20251006_041306
717,6,2.100000000000001,0.47619047619047594,5.632653061224486e-12,1.1828571428571428e-11,4.990728642461765e-05,0.8918531179751727,1.0065662862101696e-07,899.8643522262573,0.07,0.001,1000000,20251006_042806
718,6,2.200000000000001,0.4545454545454543,5.3766233766233736e-12,1.1828571428571428e-11,4.7752308487752405e-05,0.8939786264639874,1.0065662862101696e-07,892.7893259525299,0.07,0.001,1000000,20251006_044258
719,6,2.300000000000001,0.43478260869565194,5.14285714285714e-12,1.1828571428571428e-11,4.537459812387463e-05,0.8880771807022003,1.0065662862101696e-07,901.3259792327881,0.07,0.001,1000000,20251006_045800
720,6,2.4000000000000012,0.41666666666666646,4.928571428571426e-12,1.1828571428571428e-11,4.350859534838347e-05,0.8885797004820407,1.0065662862101696e-07,895.2020163536072,0.07,0.001,1000000,20251006_051255
721,6,2.5000000000000013,0.3999999999999998,4.731428571428569e-12,1.1828571428571428e-11,4.160600123484407e-05,0.8851279801602937,1.0065662862101696e-07,904.15580534935,0.07,0.001,1000000,20251006_052759
722,6,2.6000000000000014,0.3846153846153844,4.549450549450547e-12,1.1828571428571428e-11,3.9929670984677295e-05,0.8834442796063516,1.0065662862101696e-07,905.1241710186005,0.07,0.001,1000000,20251006_054304
723,6,2.7000000000000015,0.3703703703703702,4.380952380952379e-12,1.1828571428571428e-11,3.832127364807051e-05,0.8804684174721977,1.0065662862101696e-07,898.6958954334259,0.07,0.001,1000000,20251006_055803
724,6,2.8000000000000016,0.35714285714285693,4.224489795918364e-12,1.1828571428571428e-11,3.680278513668866e-05,0.8768974372483818,1.0065662862101696e-07,886.6340219974518,0.07,0.001,1000000,20251006_061250
725,6,2.9000000000000017,0.34482758620689635,4.078817733990145e-12,1.1828571428571428e-11,3.5390440986568386e-05,0.8733615246970577,1.0065662862101696e-07,900.0292861461639,0.07,0.001,1000000,20251006_062750
726,6,3.0000000000000018,0.33333333333333315,3.942857142857141e-12,1.1828571428571428e-11,3.404561061600702e-05,0.8691454596977612,1.0065662862101696e-07,901.5172255039215,0.07,0.001,1000000,20251006_064251
727,6,3.100000000000002,0.32258064516129015,3.815668202764975e-12,1.1828571428571428e-11,3.27739929464757e-05,0.86457193370501,1.0065662862101696e-07,902.1439566612244,0.07,0.001,1000000,20251006_065753
728,6,3.200000000000002,0.31249999999999983,3.696428571428569e-12,1.1828571428571428e-11,3.1549451284078546e-05,0.8591161278333734,1.0065662862101696e-07,904.1767456531525,0.07,0.001,1000000,20251006_071258
729,6,3.300000000000002,0.3030303030303028,3.5844155844155817e-12,1.1828571428571428e-11,3.039217270767228e-05,0.8534651100510592,1.0065662862101696e-07,900.415524482727,0.07,0.001,1000000,20251006_072758
730,6,3.400000000000002,0.2941176470588234,3.4789915966386535e-12,1.1828571428571428e-11,2.9245917042300206e-05,0.846163415068933,1.0065662862101696e-07,896.562043428421,0.07,0.001,1000000,20251006_074255
731,6,3.500000000000002,0.28571428571428553,3.3795918367346915e-12,1.1828571428571428e-11,2.8110246842956794e-05,0.8372261544016564,1.0065662862101696e-07,899.9257054328918,0.07,0.001,1000000,20251006_075755
732,6,3.6000000000000023,0.2777777777777776,3.2857142857142837e-12,1.1828571428571428e-11,2.6938642881153774e-05,0.8252552523607607,1.0065662862101696e-07,896.495023727417,0.07,0.001,1000000,20251006_040708
733,6,3.7000000000000024,0.2702702702702701,3.1969111969111947e-12,1.1828571428571428e-11,2.5706257366016395e-05,0.8093766268601396,1.0065662862101696e-07,885.8743009567261,0.07,0.001,1000000,20251006_042154
734,6,3.8000000000000025,0.2631578947368419,3.1127819548872156e-12,1.1828571428571428e-11,2.4409736983944452e-05,0.7893266749609589,1.0065662862101696e-07,882.3636403083801,0.07,0.001,1000000,20251006_043636
735,6,3.9000000000000026,0.2564102564102562,3.0329670329670305e-12,1.1828571428571428e-11,2.339501811862799e-05,0.7764224354410576,1.0065662862101696e-07,898.3309769630432,0.07,0.001,1000000,20251006_045135
736,6,4.000000000000003,0.24999999999999983,2.957142857142855e-12,1.1828571428571428e-11,2.26659434815621e-05,0.7715141153420246,1.0065662862101696e-07,889.2955160140991,0.07,0.001,1000000,20251006_050624
737,6,4.100000000000003,0.24390243902439004,2.885017421602785e-12,1.1828571428571428e-11,2.199796124315193e-05,0.7674964451484444,1.0065662862101696e-07,887.5186784267426,0.07,0.001,1000000,20251006_052112
738,6,4.200000000000003,0.23809523809523794,2.8163265306122427e-12,1.1828571428571428e-11,2.1384296048953426e-05,0.7642832329010723,1.0065662862101696e-07,896.3561234474182,0.07,0.001,1000000,20251006_053608
739,6,4.3000000000000025,0.23255813953488358,2.7508305647840515e-12,1.1828571428571428e-11,2.0809117494042663e-05,0.7614338877659628,1.0065662862101696e-07,896.0062606334686,0.07,0.001,1000000,20251006_055104
740,6,4.400000000000003,0.22727272727272713,2.6883116883116864e-12,1.1828571428571428e-11,2.0260574203077348e-05,0.7586029187294397,1.0065662862101696e-07,892.5031936168671,0.07,0.001,1000000,20251006_060556
741,6,4.5000000000000036,0.22222222222222204,2.628571428571426e-12,1.1828571428571428e-11,1.973356736710403e-05,0.7556630724385262,1.0065662862101696e-07,892.4162089824677,0.07,0.001,1000000,20251006_062049
742,6,4.600000000000003,0.21739130434782594,2.5714285714285694e-12,1.1828571428571428e-11,1.922632905341631e-05,0.7526001246070204,1.0065662862101696e-07,890.4238283634186,0.07,0.001,1000000,20251006_063539
743,6,4.700000000000003,0.21276595744680837,2.5167173252279616e-12,1.1828571428571428e-11,1.872045845243764e-05,0.7487285978338915,1.0065662862101696e-07,897.4141414165497,0.07,0.001,1000000,20251006_065037
744,6,4.800000000000003,0.20833333333333318,2.4642857142857122e-12,1.1828571428571428e-11,1.8241506804587677e-05,0.7450956539953599,1.0065662862101696e-07,891.2651388645172,0.07,0.001,1000000,20251006_070528
745,6,4.900000000000004,0.20408163265306106,2.413994169096208e-12,1.1828571428571428e-11,1.7779951399026415e-05,0.7413729443851887,1.0065662862101696e-07,898.8549568653107,0.07,0.001,1000000,20251006_072027
746,6,5.0000000000000036,0.19999999999999984,2.3657142857142835e-12,1.1828571428571428e-11,1.7307696740648654e-05,0.7364094699130804,1.0065662862101696e-07,905.3606424331665,0.07,0.001,1000000,20251006_073532
747,6,5.100000000000003,0.1960784313725489,2.3193277310924355e-12,1.1828571428571428e-11,1.6868636239591914e-05,0.732082849072769,1.0065662862101696e-07,896.3854548931122,0.07,0.001,1000000,20251006_075029
748,6,5.200000000000004,0.19230769230769218,2.274725274725273e-12,1.1828571428571428e-11,1.6407442975787647e-05,0.7260296056779122,1.0065662862101696e-07,899.2682740688324,0.07,0.001,1000000,20251006_080528
749,6,5.300000000000004,0.18867924528301872,2.2318059299191357e-12,1.1828571428571428e-11,1.5936729074506497e-05,0.7187620564949776,1.0065662862101696e-07,888.0258905887604,0.07,0.001,1000000,20251006_040700
750,6,5.400000000000004,0.18518518518518506,2.190476190476189e-12,1.1828571428571428e-11,1.5471203203144857e-05,0.7109317882157404,1.0065662862101696e-07,887.3725836277008,0.07,0.001,1000000,20251006_042147
751,6,5.5000000000000036,0.1818181818181817,2.1506493506493493e-12,1.1828571428571428e-11,1.4960579643695017e-05,0.7001985278055124,1.0065662862101696e-07,896.9093837738037,0.07,0.001,1000000,20251006_043644
752,6,5.600000000000004,0.17857142857142844,2.1122448979591817e-12,1.1828571428571428e-11,1.4414828382639302e-05,0.6869222543981062,1.0065662862101696e-07,889.0150163173676,0.07,0.001,1000000,20251006_045133
753,6,5.700000000000005,0.17543859649122792,2.07518796992481e-12,1.1828571428571428e-11,1.382173993215882e-05,0.6704210719272816,1.0065662862101696e-07,889.8469269275665,0.07,0.001,1000000,20251006_050623
754,6,5.800000000000004,0.17241379310344815,2.039408866995072e-12,1.1828571428571428e-11,1.3142756499477938e-05,0.6486710837800845,1.0065662862101696e-07,897.9327766895294,0.07,0.001,1000000,20251006_052121
755,6,5.900000000000004,0.1694915254237287,2.004842615012105e-12,1.1828571428571428e-11,1.258375635698302e-05,0.6317894885103253,1.0065662862101696e-07,891.6559216976166,0.07,0.001,1000000,20251006_053613
756,6,6.000000000000004,0.16666666666666655,1.97142857142857e-12,1.1828571428571428e-11,1.2234699687836255e-05,0.6246757506795252,1.0065662862101696e-07,897.2072706222534,0.07,0.001,1000000,20251006_055110
757,6,6.100000000000005,0.16393442622950807,1.93911007025761e-12,1.1828571428571428e-11,1.1947435586609741e-05,0.6201755151811136,1.0065662862101696e-07,892.7749280929565,0.07,0.001,1000000,20251006_060603
758,6,6.200000000000005,0.16129032258064505,1.907834101382487e-12,1.1828571428571428e-11,1.1695737458311982e-05,0.6170628258175828,1.0065662862101696e-07,889.9766237735748,0.07,0.001,1000000,20251006_062053
759,6,6.300000000000004,0.1587301587301586,1.8775510204081617e-12,1.1828571428571428e-11,1.1455783442490555e-05,0.6141513743167917,1.0065662862101696e-07,903.1080138683319,0.07,0.001,1000000,20251006_063556
760,6,6.400000000000005,0.1562499999999999,1.848214285714284e-12,1.1828571428571428e-11,1.1211475136244695e-05,0.6105943979578157,1.0065662862101696e-07,894.7394030094147,0.07,0.001,1000000,20251006_065050
761,6,6.500000000000005,0.15384615384615372,1.819780219780218e-12,1.1828571428571428e-11,1.0982939281156142e-05,0.6074940415189418,1.0065662862101696e-07,901.8429799079895,0.07,0.001,1000000,20251006_070552
762,6,6.600000000000005,0.1515151515151514,1.7922077922077908e-12,1.1828571428571428e-11,1.076555364536143e-05,0.6046309696298564,1.0065662862101696e-07,894.2997884750366,0.07,0.001,1000000,20251006_072047
763,6,6.700000000000005,0.14925373134328349,1.7654584221748389e-12,1.1828571428571428e-11,1.0544638813299623e-05,0.6011967088216981,1.0065662862101696e-07,882.2115502357483,0.07,0.001,1000000,20251006_073529
764,6,6.800000000000005,0.14705882352941166,1.7394957983193263e-12,1.1828571428571428e-11,1.0332159575075357e-05,0.5978745968839229,1.0065662862101696e-07,900.9468901157379,0.07,0.001,1000000,20251006_075030
765,6,6.900000000000006,0.14492753623188395,1.714285714285713e-12,1.1828571428571428e-11,1.0109978469250084e-05,0.5936212030850407,1.0065662862101696e-07,893.7182409763336,0.07,0.001,1000000,20251006_080524
766,6,7.000000000000005,0.14285714285714274,1.6897959183673454e-12,1.1828571428571428e-11,9.882771919685865e-06,0.5886903217443933,1.0065662862101696e-07,894.6287236213684,0.07,0.001,1000000,20251006_040719
767,6,7.100000000000005,0.1408450704225351,1.6659959758551295e-12,1.1828571428571428e-11,9.664388752322133e-06,0.5839058458663487,1.0065662862101696e-07,900.9202923774719,0.07,0.001,1000000,20251006_042220
768,6,7.2000000000000055,0.13888888888888878,1.6428571428571414e-12,1.1828571428571428e-11,9.431836752901102e-06,0.5778815847613721,1.0065662862101696e-07,901.996503829956,0.07,0.001,1000000,20251006_043722
769,6,7.300000000000006,0.1369863013698629,1.6203522504892353e-12,1.1828571428571428e-11,9.186430093181022e-06,0.5706630036543399,1.0065662862101696e-07,899.4851875305176,0.07,0.001,1000000,20251006_045221
770,6,7.400000000000006,0.13513513513513503,1.5984555984555972e-12,1.1828571428571428e-11,8.942043807325968e-06,0.5630910132858954,1.0065662862101696e-07,898.6151163578033,0.07,0.001,1000000,20251006_050720
771,6,7.500000000000005,0.13333333333333325,1.577142857142856e-12,1.1828571428571428e-11,8.660438814695027e-06,0.5527277186830243,1.0065662862101696e-07,899.288449048996,0.07,0.001,1000000,20251006_052219
772,6,7.600000000000006,0.13157894736842096,1.5563909774436078e-12,1.1828571428571428e-11,8.348559574362746e-06,0.5399272244415938,1.0065662862101696e-07,906.3334383964539,0.07,0.001,1000000,20251006_053725
773,6,7.700000000000006,0.12987012987012977,1.5361781076066777e-12,1.1828571428571428e-11,7.984328584946915e-06,0.5231656363175723,1.0065662862101696e-07,905.3851947784424,0.07,0.001,1000000,20251006_055231
774,6,7.800000000000006,0.1282051282051281,1.5164835164835153e-12,1.1828571428571428e-11,7.539919850231512e-06,0.5004623551443904,1.0065662862101696e-07,900.3539566993713,0.07,0.001,1000000,20251006_060731
775,6,7.900000000000006,0.12658227848101256,1.497287522603977e-12,1.1828571428571428e-11,7.050615408654162e-06,0.4739845661067667,1.0065662862101696e-07,895.3230924606323,0.07,0.001,1000000,20251006_062227
776,6,8.000000000000007,0.12499999999999989,1.478571428571427e-12,1.1828571428571428e-11,6.704071395554525e-06,0.4563927123650056,1.0065662862101696e-07,899.3516957759857,0.07,0.001,1000000,20251006_063726
777,6,8.100000000000007,0.12345679012345669,1.460317460317459e-12,1.1828571428571428e-11,6.5213024256258146e-06,0.4494997383917172,1.0065662862101696e-07,903.821222782135,0.07,0.001,1000000,20251006_065230
778,6,8.200000000000006,0.12195121951219502,1.4425087108013924e-12,1.1828571428571428e-11,6.3903163670390095e-06,0.4459090586499847,1.0065662862101696e-07,898.6934506893158,0.07,0.001,1000000,20251006_070728
779,6,8.300000000000006,0.12048192771084329,1.4251290877796891e-12,1.1828571428571428e-11,6.277096850637383e-06,0.4433502985312984,1.0065662862101696e-07,903.8685717582703,0.07,0.001,1000000,20251006_072232
780,6,8.400000000000006,0.11904761904761897,1.4081632653061214e-12,1.1828571428571428e-11,6.151439387477337e-06,0.4397097731244948,1.0065662862101696e-07,896.7828588485718,0.07,0.001,1000000,20251006_073729
781,6,8.500000000000007,0.11764705882352931,1.391596638655461e-12,1.1828571428571428e-11,6.057431818902901e-06,0.43814468076147645,1.0065662862101696e-07,895.5331561565399,0.07,0.001,1000000,20251006_075225
782,6,8.600000000000007,0.11627906976744178,1.3754152823920255e-12,1.1828571428571428e-11,5.9406067513207815e-06,0.4347497480988211,1.0065662862101696e-07,904.1308388710022,0.07,0.001,1000000,20251006_080729
783,6,8.700000000000006,0.1149425287356321,1.3596059113300481e-12,1.1828571428571428e-11,5.8310059494801966e-06,0.43169082706443884,1.0065662862101696e-07,908.5050895214081,0.07,0.001,1000000,20251006_040742
784,6,8.800000000000008,0.11363636363636354,1.3441558441558428e-12,1.1828571428571428e-11,5.725215349623745e-06,0.4287306994408369,1.0065662862101696e-07,904.6945743560791,0.07,0.001,1000000,20251006_042247
785,6,8.900000000000007,0.11235955056179765,1.3290529695024064e-12,1.1828571428571428e-11,5.6091212230091994e-06,0.42481018047466107,1.0065662862101696e-07,903.3107845783234,0.07,0.001,1000000,20251006_043750
786,6,9.000000000000007,0.11111111111111102,1.314285714285713e-12,1.1828571428571428e-11,5.495770997483683e-06,0.4209022241259892,1.0065662862101696e-07,910.032425403595,0.07,0.001,1000000,20251006_045300
787,6,9.100000000000007,0.1098901098901098,1.2998430141287273e-12,1.1828571428571428e-11,5.3835109230160395e-06,0.41688577294730855,1.0065662862101696e-07,901.8005557060242,0.07,0.001,1000000,20251006_050802
788,6,9.200000000000006,0.10869565217391297,1.2857142857142847e-12,1.1828571428571428e-11,5.259249906933358e-06,0.4117387281056851,1.0065662862101696e-07,897.2263202667236,0.07,0.001,1000000,20251006_052259
789,6,9.300000000000008,0.10752688172043001,1.2718894009216577e-12,1.1828571428571428e-11,5.126799271798039e-06,0.4057320785454532,1.0065662862101696e-07,905.9539985656738,0.07,0.001,1000000,20251006_053805
790,6,9.400000000000007,0.10638297872340417,1.2583586626139806e-12,1.1828571428571428e-11,4.987658635008936e-06,0.39896487212128884,1.0065662862101696e-07,900.1809630393982,0.07,0.001,1000000,20251006_055305
791,6,9.500000000000007,0.10526315789473677,1.2451127819548862e-12,1.1828571428571428e-11,4.8242956594505395e-06,0.3900026917954261,1.0065662862101696e-07,906.5966000556946,0.07,0.001,1000000,20251006_060812
792,6,9.600000000000009,0.10416666666666657,1.232142857142856e-12,1.1828571428571428e-11,4.6420053940030125e-06,0.3792162656239344,1.0065662862101696e-07,895.0459940433502,0.07,0.001,1000000,20251006_062307
793,6,9.700000000000008,0.10309278350515455,1.2194403534609708e-12,1.1828571428571428e-11,4.42478149286002e-06,0.36523605782922364,1.0065662862101696e-07,906.1324989795685,0.07,0.001,1000000,20251006_063813
794,6,9.800000000000008,0.10204081632653053,1.206997084548104e-12,1.1828571428571428e-11,4.101586434261554e-06,0.34204876528350264,1.0065662862101696e-07,902.4991703033447,0.07,0.001,1000000,20251006_065316
795,6,9.900000000000007,0.10101010101010094,1.194805194805194e-12,1.1828571428571428e-11,3.7201810664533686e-06,0.3134074790074789,1.0065662862101696e-07,910.3615350723267,0.07,0.001,1000000,20251006_070826
796,6,10.000000000000007,0.09999999999999992,1.1828571428571418e-12,1.1828571428571428e-11,3.2746839378301285e-06,0.27866310566058433,1.0065662862101696e-07,903.1824061870575,0.07,0.001,1000000,20251006_072329
797,6,10.100000000000009,0.09900990099009893,1.1711456859971702e-12,1.1828571428571428e-11,2.9151199050883014e-06,0.2505462344954719,1.0065662862101696e-07,909.7506339550018,0.07,0.001,1000000,20251006_073839
798,6,10.200000000000008,0.09803921568627443,1.1596638655462173e-12,1.1828571428571428e-11,2.8206497148564103e-06,0.24482705657518294,1.0065662862101696e-07,909.3971865177155,0.07,0.001,1000000,20251006_075348
799,6,10.300000000000008,0.09708737864077663,1.1484049930651862e-12,1.1828571428571428e-11,2.7628518043010668e-06,0.24216138877816037,1.0065662862101696e-07,903.6471915245056,0.07,0.001,1000000,20251006_080852
800,6,10.40000000000001,0.09615384615384606,1.1373626373626361e-12,1.1828571428571428e-11,2.7097404041225073e-06,0.2398121096623988,1.0065662862101696e-07,908.6347777843475,0.07,0.001,1000000,20251006_040754
801,6,10.500000000000009,0.09523809523809516,1.126530612244897e-12,1.1828571428571428e-11,2.665511143933305e-06,0.23816606702361906,1.0065662862101696e-07,907.8726334571838,0.07,0.001,1000000,20251006_042302
802,6,10.600000000000009,0.09433962264150936,1.1159029649595678e-12,1.1828571428571428e-11,2.623814378803975e-06,0.23667318556441438,1.0065662862101696e-07,912.3883481025696,0.07,0.001,1000000,20251006_043814
803,6,10.700000000000008,0.09345794392523357,1.1054739652870486e-12,1.1828571428571428e-11,2.5739331120515444e-06,0.2343641166509397,1.0065662862101696e-07,903.1863923072815,0.07,0.001,1000000,20251006_045318
804,6,10.800000000000008,0.09259259259259253,1.0952380952380945e-12,1.1828571428571428e-11,2.5322753482739154e-06,0.23272592544541937,1.0065662862101696e-07,914.9974081516266,0.07,0.001,1000000,20251006_050833
805,6,10.90000000000001,0.09174311926605497,1.0851900393184786e-12,1.1828571428571428e-11,2.4794914941197633e-06,0.22998483717130602,1.0065662862101696e-07,906.964516878128,0.07,0.001,1000000,20251006_052340
806,6,11.000000000000009,0.09090909090909084,1.0753246753246744e-12,1.1828571428571428e-11,2.4274181297371222e-06,0.2272204207711503,1.0065662862101696e-07,904.5218372344971,0.07,0.001,1000000,20251006_053844
807,6,11.100000000000009,0.09009009009009002,1.0656370656370647e-12,1.1828571428571428e-11,2.3754335211884243e-06,0.22437576306829754,1.0065662862101696e-07,904.5568332672119,0.07,0.001,1000000,20251006_055349
808,6,11.20000000000001,0.0892857142857142,1.0561224489795909e-12,1.1828571428571428e-11,2.32014392799984e-06,0.22112764096022017,1.0065662862101696e-07,913.3543000221252,0.07,0.001,1000000,20251006_060902
809,6,11.30000000000001,0.08849557522123887,1.0467762326169397e-12,1.1828571428571428e-11,2.258502450535048e-06,0.21717463132959194,1.0065662862101696e-07,902.7447962760925,0.07,0.001,1000000,20251006_062405
810,6,11.40000000000001,0.08771929824561396,1.037593984962405e-12,1.1828571428571428e-11,2.187235366176887e-06,0.2121829358600204,1.0065662862101696e-07,910.18936419487,0.07,0.001,1000000,20251006_063915
811,6,11.500000000000009,0.08695652173913036,1.0285714285714276e-12,1.1828571428571428e-11,2.110911891277614e-06,0.20657512778390785,1.0065662862101696e-07,911.8945064544678,0.07,0.001,1000000,20251006_065427
812,6,11.600000000000009,0.08620689655172407,1.019704433497536e-12,1.1828571428571428e-11,2.0243655847989974e-06,0.19982831119344435,1.0065662862101696e-07,914.1871063709259,0.07,0.001,1000000,20251006_070941
813,6,11.70000000000001,0.0854700854700854,1.0109890109890102e-12,1.1828571428571428e-11,1.931598863077946e-06,0.19231487908598932,1.0065662862101696e-07,911.0243430137634,0.07,0.001,1000000,20251006_072452
814,6,11.80000000000001,0.08474576271186433,1.0024213075060524e-12,1.1828571428571428e-11,1.7770311754204439e-06,0.178437914011704,1.0065662862101696e-07,911.5466299057007,0.07,0.001,1000000,20251006_074004
815,6,11.90000000000001,0.08403361344537809,9.93997599039615e-13,1.1828571428571428e-11,1.6197116365684961e-06,0.164019221809727,1.0065662862101696e-07,911.4962158203125,0.07,0.001,1000000,20251006_075515
816,6,12.00000000000001,0.08333333333333326,9.857142857142848e-13,1.1828571428571428e-11,1.2338391497098701e-06,0.12599400340477176,1.0065662862101696e-07,911.7448379993439,0.07,0.001,1000000,20251006_081027
817,6,12.10000000000001,0.08264462809917349,9.77567886658795e-13,1.1828571428571428e-11,6.161641654802101e-07,0.06344419494619491,1.0065662862101696e-07,915.0227601528168,0.07,0.001,1000000,20251006_042119
818,6,12.20000000000001,0.08196721311475404,9.69555035128805e-13,1.1828571428571428e-11,8.19921364330424e-08,0.008512205834388855,1.0065662862101696e-07,920.2993767261505,0.07,0.001,1000000,20251006_043639
819,6,12.30000000000001,0.08130081300813002,9.61672473867595e-13,1.1828571428571428e-11,1.9084586831803995e-08,0.0019975513715066893,1.0065662862101696e-07,915.999452829361,0.07,0.001,1000000,20251006_045155
820,6,12.40000000000001,0.08064516129032252,9.539170506912434e-13,1.1828571428571428e-11,8.762984531361956e-09,0.0009246637104828445,1.0065662862101696e-07,918.6595687866211,0.07,0.001,1000000,20251006_050714
821,6,12.50000000000001,0.07999999999999993,9.462857142857135e-13,1.1828571428571428e-11,8.64270164756129e-09,0.0009193261579326392,1.0065662862101696e-07,910.2159368991852,0.07,0.001,1000000,20251006_052224
822,6,12.60000000000001,0.0793650793650793,9.387755102040808e-13,1.1828571428571428e-11,8.633730872788863e-09,0.0009257189100376039,1.0065662862101696e-07,910.9840219020844,0.07,0.001,1000000,20251006_053735
823,6,12.70000000000001,0.0787401574803149,9.313835770528677e-13,1.1828571428571428e-11,8.597493108079621e-09,0.0009291495922550515,1.0065662862101696e-07,919.2294540405273,0.07,0.001,1000000,20251006_055254
824,6,12.800000000000011,0.07812499999999993,9.241071428571419e-13,1.1828571428571428e-11,8.599344759852581e-09,0.0009366674184558057,1.0065662862101696e-07,910.8056027889252,0.07,0.001,1000000,20251006_060805
825,6,12.900000000000011,0.07751937984496117,9.169435215946836e-13,1.1828571428571428e-11,8.62716157457918e-09,0.0009470386978204475,1.0065662862101696e-07,900.486528635025,0.07,0.001,1000000,20251006_062306
826,6,13.00000000000001,0.07692307692307686,9.09890109890109e-13,1.1828571428571428e-11,8.557589512583516e-09,0.0009466836710240323,1.0065662862101696e-07,906.4379556179047,0.07,0.001,1000000,20251006_063812
827,6,13.10000000000001,0.07633587786259537,9.029443838604137e-13,1.1828571428571428e-11,8.514272907476064e-09,0.0009491370912145693,1.0065662862101696e-07,903.8640341758728,0.07,0.001,1000000,20251006_065316
828,6,13.20000000000001,0.0757575757575757,8.961038961038954e-13,1.1828571428571428e-11,8.535677315891557e-09,0.0009587867047002792,1.0065662862101696e-07,913.0329570770264,0.07,0.001,1000000,20251006_070829
829,6,13.300000000000011,0.07518796992481197,8.893662728249186e-13,1.1828571428571428e-11,8.479394681795557e-09,0.0009596802886458726,1.0065662862101696e-07,915.7162940502167,0.07,0.001,1000000,20251006_072345
830,6,13.400000000000011,0.07462686567164173,8.827292110874192e-13,1.1828571428571428e-11,8.510926291511998e-09,0.0009704914442451057,1.0065662862101696e-07,910.4546644687653,0.07,0.001,1000000,20251006_073855
831,6,13.50000000000001,0.07407407407407401,8.761904761904755e-13,1.1828571428571428e-11,8.535757775523137e-09,0.0009805865548155224,1.0065662862101696e-07,912.3484740257263,0.07,0.001,1000000,20251006_075408
832,6,13.600000000000012,0.07352941176470582,8.697478991596631e-13,1.1828571428571428e-11,8.490407319329429e-09,0.0009826017139088498,1.0065662862101696e-07,912.2728691101074,0.07,0.001,1000000,20251006_080920
833,6,13.700000000000012,0.07299270072992695,8.633993743482787e-13,1.1828571428571428e-11,8.536116335104546e-09,0.0009951555645462203,1.0065662862101696e-07,916.0156900882721,0.07,0.001,1000000,20251006_082436
834,6,13.800000000000011,0.07246376811594198,8.571428571428565e-13,1.1828571428571428e-11,8.509150393732165e-09,0.0009992527895726594,1.0065662862101696e-07,804.925395488739,0.07,0.001,1000000,20251006_042257
835,6,13.900000000000011,0.07194244604316541,8.50976361767728e-13,1.1828571428571428e-11,8.461223641900712e-09,0.001000824798509071,1.0065662862101696e-07,798.2360680103302,0.07,0.001,1000000,20251006_043616
836,6,14.00000000000001,0.07142857142857137,8.448979591836727e-13,1.1828571428571428e-11,8.39232875312145e-09,0.0009998172079674643,1.0065662862101696e-07,806.8419210910797,0.07,0.001,1000000,20251006_044943
837,6,14.100000000000012,0.07092198581560277,8.38905775075987e-13,1.1828571428571428e-11,8.503967057478105e-09,0.0010203537504940915,1.0065662862101696e-07,800.6635384559631,0.07,0.001,1000000,20251006_050303
838,6,14.200000000000012,0.07042253521126755,8.329979879275648e-13,1.1828571428571428e-11,8.444753194584516e-09,0.0010204351011918117,1.0065662862101696e-07,800.5148727893829,0.07,0.001,1000000,20251006_051624
839,6,14.300000000000011,0.06993006993006988,8.271728271728265e-13,1.1828571428571428e-11,8.499056154402528e-09,0.0010342292576109027,1.0065662862101696e-07,804.5174560546875,0.07,0.001,1000000,20251006_052948
840,6,14.400000000000013,0.06944444444444438,8.214285714285706e-13,1.1828571428571428e-11,8.4493112892287e-09,0.0010353659686613602,1.0065662862101696e-07,810.1458039283752,0.07,0.001,1000000,20251006_054318
841,6,14.500000000000012,0.06896551724137925,8.157635467980289e-13,1.1828571428571428e-11,8.525095900178138e-09,0.001051907032804985,1.0065662862101696e-07,804.291601896286,0.07,0.001,1000000,20251006_055643
842,6,14.600000000000012,0.06849315068493145,8.101761252446176e-13,1.1828571428571428e-11,8.40786435145548e-09,0.0010445966662678626,1.0065662862101696e-07,803.2314856052399,0.07,0.001,1000000,20251006_061006
843,6,14.700000000000012,0.06802721088435369,8.046647230320693e-13,1.1828571428571428e-11,8.408201250578574e-09,0.0010517935811341981,1.0065662862101696e-07,796.5630574226379,0.07,0.001,1000000,20251006_062323
844,6,14.800000000000011,0.06756756756756752,7.992277992277986e-13,1.1828571428571428e-11,8.400992619108198e-09,0.0010580407675089619,1.0065662862101696e-07,805.3171627521515,0.07,0.001,1000000,20251006_063648
845,6,14.900000000000013,0.06711409395973149,7.938638542665381e-13,1.1828571428571428e-11,8.519400227467439e-09,0.0010802029846317732,1.0065662862101696e-07,798.5250511169434,0.07,0.001,1000000,20251006_065006
846,6,15.000000000000012,0.06666666666666661,7.885714285714279e-13,1.1828571428571428e-11,8.39963575822242e-09,0.0010721654201939245,1.0065662862101696e-07,806.0312275886536,0.07,0.001,1000000,20251006_070332
847,7,1.0,1.0,1.1828571428571428e-11,1.1828571428571428e-11,0.00011626829068012941,0.9893987812527977,1.0065662862101696e-07,945.260258436203,0.07,0.001,1000000,20251006_071918
848,7,1.1,0.9090909090909091,1.0753246753246752e-11,1.1828571428571428e-11,0.0001053866455883358,0.9864801478118221,1.0065662862101696e-07,942.7051184177399,0.07,0.001,1000000,20251006_073500
849,7,1.2000000000000002,0.8333333333333333,9.857142857142855e-12,1.1828571428571428e-11,9.624945584084401e-05,0.9828553640699661,1.0065662862101696e-07,944.705732345581,0.07,0.001,1000000,20251006_075045
850,7,1.3000000000000003,0.769230769230769,9.098901098901096e-12,1.1828571428571428e-11,8.844856953438049e-05,0.9784626427863437,1.0065662862101696e-07,944.7650871276855,0.07,0.001,1000000,20251006_080630
851,7,1.4000000000000004,0.7142857142857141,8.448979591836732e-12,1.1828571428571428e-11,8.166244765261339e-05,0.9728827696061956,1.0065662862101696e-07,937.4409630298615,0.07,0.001,1000000,20251006_042513
852,7,1.5000000000000004,0.6666666666666665,7.885714285714283e-12,1.1828571428571428e-11,7.565779671993556e-05,0.9657284642583452,1.0065662862101696e-07,941.6872107982635,0.07,0.001,1000000,20251006_044055
853,7,1.6000000000000005,0.6249999999999998,7.39285714285714e-12,1.1828571428571428e-11,7.020459623253687e-05,0.9558629138795826,1.0065662862101696e-07,942.4462811946869,0.07,0.001,1000000,20251006_045637
854,7,1.7000000000000006,0.5882352941176469,6.957983193277308e-12,1.1828571428571428e-11,6.512061691660671e-05,0.9420577156437457,1.0065662862101696e-07,945.2261645793915,0.07,0.001,1000000,20251006_051222
855,7,1.8000000000000007,0.5555555555555554,6.571428571428569e-12,1.1828571428571428e-11,6.064433846228606e-05,0.9289083169991108,1.0065662862101696e-07,939.5929780006409,0.07,0.001,1000000,20251006_052802
856,7,1.9000000000000008,0.526315789473684,6.225563909774433e-12,1.1828571428571428e-11,5.7249257354709165e-05,0.925621729998556,1.0065662862101696e-07,941.3821127414703,0.07,0.001,1000000,20251006_054343
857,7,2.000000000000001,0.4999999999999998,5.9142857142857115e-12,1.1828571428571428e-11,5.422553488578852e-05,0.9228772146720705,1.0065662862101696e-07,944.171135187149,0.07,0.001,1000000,20251006_055928
858,7,2.100000000000001,0.47619047619047594,5.632653061224486e-12,1.1828571428571428e-11,5.132866644058787e-05,0.9172534610891063,1.0065662862101696e-07,946.5723695755005,0.07,0.001,1000000,20251006_061514
859,7,2.200000000000001,0.4545454545454543,5.3766233766233736e-12,1.1828571428571428e-11,4.91041546590247e-05,0.9192867554666841,1.0065662862101696e-07,943.4163267612457,0.07,0.001,1000000,20251006_063058
860,7,2.300000000000001,0.43478260869565194,5.14285714285714e-12,1.1828571428571428e-11,4.666236785938587e-05,0.9132815673721221,1.0065662862101696e-07,926.855877161026,0.07,0.001,1000000,20251006_064624
861,7,2.4000000000000012,0.41666666666666646,4.928571428571426e-12,1.1828571428571428e-11,4.4737901991518947e-05,0.9136859334001872,1.0065662862101696e-07,934.4169805049896,0.07,0.001,1000000,20251006_070159
862,7,2.5000000000000013,0.3999999999999998,4.731428571428569e-12,1.1828571428571428e-11,4.280002734964544e-05,0.910529746537392,1.0065662862101696e-07,932.8689255714417,0.07,0.001,1000000,20251006_071732
863,7,2.6000000000000014,0.3846153846153844,4.549450549450547e-12,1.1828571428571428e-11,4.107018530494425e-05,0.9086781677702591,1.0065662862101696e-07,925.7729020118713,0.07,0.001,1000000,20251006_073258
864,7,2.7000000000000015,0.3703703703703702,4.380952380952379e-12,1.1828571428571428e-11,3.940589417264391e-05,0.9053886256468829,1.0065662862101696e-07,932.9880857467651,0.07,0.001,1000000,20251006_074831
865,7,2.8000000000000016,0.35714285714285693,4.224489795918364e-12,1.1828571428571428e-11,3.785144866009609e-05,0.9018838710956157,1.0065662862101696e-07,937.0653946399689,0.07,0.001,1000000,20251006_080408
866,7,2.9000000000000017,0.34482758620689635,4.078817733990145e-12,1.1828571428571428e-11,3.6395892144744595e-05,0.8981739410454854,1.0065662862101696e-07,930.8720078468323,0.07,0.001,1000000,20251006_081939
867,7,3.0000000000000018,0.33333333333333315,3.942857142857141e-12,1.1828571428571428e-11,3.501528499749598e-05,0.8939001364624694,1.0065662862101696e-07,928.3306968212128,0.07,0.001,1000000,20251006_083507
868,7,3.100000000000002,0.32258064516129015,3.815668202764975e-12,1.1828571428571428e-11,3.371674125058202e-05,0.8894414613701145,1.0065662862101696e-07,943.0438492298126,0.07,0.001,1000000,20251006_042535
869,7,3.200000000000002,0.31249999999999983,3.696428571428569e-12,1.1828571428571428e-11,3.2472653763638186e-05,0.8842556503025236,1.0065662862101696e-07,935.0822863578796,0.07,0.001,1000000,20251006_044110
870,7,3.300000000000002,0.3030303030303028,3.5844155844155817e-12,1.1828571428571428e-11,3.125918041402299e-05,0.8778121955534038,1.0065662862101696e-07,937.0792331695557,0.07,0.001,1000000,20251006_045647
871,7,3.400000000000002,0.2941176470588234,3.4789915966386535e-12,1.1828571428571428e-11,3.0084862484400423e-05,0.8704363738999822,1.0065662862101696e-07,938.573872089386,0.07,0.001,1000000,20251006_051225
872,7,3.500000000000002,0.28571428571428553,3.3795918367346915e-12,1.1828571428571428e-11,2.8911685501386125e-05,0.8610959343340134,1.0065662862101696e-07,935.9801640510559,0.07,0.001,1000000,20251006_052801
873,7,3.6000000000000023,0.2777777777777776,3.2857142857142837e-12,1.1828571428571428e-11,2.773642642509266e-05,0.8496950529396957,1.0065662862101696e-07,951.1616704463959,0.07,0.001,1000000,20251006_054353
874,7,3.7000000000000024,0.2702702702702701,3.1969111969111947e-12,1.1828571428571428e-11,2.6629853659091507e-05,0.8384565991651668,1.0065662862101696e-07,937.9242522716522,0.07,0.001,1000000,20251006_055930
875,7,3.8000000000000025,0.2631578947368419,3.1127819548872156e-12,1.1828571428571428e-11,2.573113192117486e-05,0.83205602812033,1.0065662862101696e-07,944.9522969722748,0.07,0.001,1000000,20251006_061515
876,7,3.9000000000000026,0.2564102564102562,3.0329670329670305e-12,1.1828571428571428e-11,2.4942373190984157e-05,0.8277752998705256,1.0065662862101696e-07,947.2331326007843,0.07,0.001,1000000,20251006_063103
877,7,4.000000000000003,0.24999999999999983,2.957142857142855e-12,1.1828571428571428e-11,2.422314552335004e-05,0.8245188956926026,1.0065662862101696e-07,936.5424408912659,0.07,0.001,1000000,20251006_064639
878,7,4.100000000000003,0.24390243902439004,2.885017421602785e-12,1.1828571428571428e-11,2.3536038983947163e-05,0.8211591089459715,1.0065662862101696e-07,939.9486684799194,0.07,0.001,1000000,20251006_070219
879,7,4.200000000000003,0.23809523809523794,2.8163265306122427e-12,1.1828571428571428e-11,2.2895408827658867e-05,0.8182910037036861,1.0065662862101696e-07,945.317875623703,0.07,0.001,1000000,20251006_071805
880,7,4.3000000000000025,0.23255813953488358,2.7508305647840515e-12,1.1828571428571428e-11,2.2278056432241823e-05,0.8151843597369149,1.0065662862101696e-07,943.4782474040985,0.07,0.001,1000000,20251006_073348
881,7,4.400000000000003,0.22727272727272713,2.6883116883116864e-12,1.1828571428571428e-11,2.1683634628437023e-05,0.8118856036812926,1.0065662862101696e-07,945.4986221790314,0.07,0.001,1000000,20251006_074934
882,7,4.5000000000000036,0.22222222222222204,2.628571428571426e-12,1.1828571428571428e-11,2.1120094999817733e-05,0.8087577669489548,1.0065662862101696e-07,940.5085868835449,0.07,0.001,1000000,20251006_080514
883,7,4.600000000000003,0.21739130434782594,2.5714285714285694e-12,1.1828571428571428e-11,2.058920309774781e-05,0.8059487993716036,1.0065662862101696e-07,942.1399047374725,0.07,0.001,1000000,20251006_082056
884,7,4.700000000000003,0.21276595744680837,2.5167173252279616e-12,1.1828571428571428e-11,2.005716688322053e-05,0.8021905272858646,1.0065662862101696e-07,939.353940486908,0.07,0.001,1000000,20251006_083636
885,7,4.800000000000003,0.20833333333333318,2.4642857142857122e-12,1.1828571428571428e-11,1.9542784991564383e-05,0.7982478816124041,1.0065662862101696e-07,945.3045885562897,0.07,0.001,1000000,20251006_042558
886,7,4.900000000000004,0.20408163265306106,2.413994169096208e-12,1.1828571428571428e-11,1.9044357383181967e-05,0.7940950450441918,1.0065662862101696e-07,937.4493193626404,0.07,0.001,1000000,20251006_044135
887,7,5.0000000000000036,0.19999999999999984,2.3657142857142835e-12,1.1828571428571428e-11,1.8546047672965268e-05,0.7890989390723065,1.0065662862101696e-07,944.0517194271088,0.07,0.001,1000000,20251006_045719
888,7,5.100000000000003,0.1960784313725489,2.3193277310924355e-12,1.1828571428571428e-11,1.8051012872879436e-05,0.7833968760088991,1.0065662862101696e-07,941.0578758716583,0.07,0.001,1000000,20251006_051300
889,7,5.200000000000004,0.19230769230769218,2.274725274725273e-12,1.1828571428571428e-11,1.755847656657924e-05,0.7769628598892885,1.0065662862101696e-07,940.9595766067505,0.07,0.001,1000000,20251006_052841
890,7,5.300000000000004,0.18867924528301872,2.2318059299191357e-12,1.1828571428571428e-11,1.706235963552257e-05,0.7695290948945785,1.0065662862101696e-07,945.5335211753845,0.07,0.001,1000000,20251006_054427
891,7,5.400000000000004,0.18518518518518506,2.190476190476189e-12,1.1828571428571428e-11,1.6550115173912947e-05,0.7605098854479978,1.0065662862101696e-07,951.99032330513,0.07,0.001,1000000,20251006_060019
892,7,5.5000000000000036,0.1818181818181817,2.1506493506493493e-12,1.1828571428571428e-11,1.60006482765442e-05,0.7488767570507681,1.0065662862101696e-07,954.9589450359344,0.07,0.001,1000000,20251006_061614
893,7,5.600000000000004,0.17857142857142844,2.1122448979591817e-12,1.1828571428571428e-11,1.5438618905128553e-05,0.7357098275187627,1.0065662862101696e-07,942.0486199855804,0.07,0.001,1000000,20251006_063156
894,7,5.700000000000005,0.17543859649122792,2.07518796992481e-12,1.1828571428571428e-11,1.4959378673633078e-05,0.7256020396107076,1.0065662862101696e-07,942.8623313903809,0.07,0.001,1000000,20251006_064739
895,7,5.800000000000004,0.17241379310344815,2.039408866995072e-12,1.1828571428571428e-11,1.457765474289469e-05,0.7194916151281512,1.0065662862101696e-07,949.6099755764008,0.07,0.001,1000000,20251006_070328
896,7,5.900000000000004,0.1694915254237287,2.004842615012105e-12,1.1828571428571428e-11,1.4239624002139604e-05,0.7149252186449714,1.0065662862101696e-07,943.4473912715912,0.07,0.001,1000000,20251006_071912
897,7,6.000000000000004,0.16666666666666655,1.97142857142857e-12,1.1828571428571428e-11,1.3925672026994763e-05,0.7110129262779045,1.0065662862101696e-07,943.3070213794708,0.07,0.001,1000000,20251006_073455
898,7,6.100000000000005,0.16393442622950807,1.93911007025761e-12,1.1828571428571428e-11,1.3622791415463968e-05,0.7071410113948654,1.0065662862101696e-07,944.0093352794647,0.07,0.001,1000000,20251006_075039
899,7,6.200000000000005,0.16129032258064505,1.907834101382487e-12,1.1828571428571428e-11,1.3337136558803922e-05,0.7036624413488104,1.0065662862101696e-07,942.4694623947144,0.07,0.001,1000000,20251006_080622
900,7,6.300000000000004,0.1587301587301586,1.8775510204081617e-12,1.1828571428571428e-11,1.3075094015104303e-05,0.7009635787032455,1.0065662862101696e-07,948.268385887146,0.07,0.001,1000000,20251006_082210
901,7,6.400000000000005,0.1562499999999999,1.848214285714284e-12,1.1828571428571428e-11,1.280896878459759e-05,0.6975963901670398,1.0065662862101696e-07,953.7167763710022,0.07,0.001,1000000,20251006_083804
902,7,6.500000000000005,0.15384615384615372,1.819780219780218e-12,1.1828571428571428e-11,1.2546566597686234e-05,0.6939822077221415,1.0065662862101696e-07,954.9928367137909,0.07,0.001,1000000,20251006_042957
903,7,6.600000000000005,0.1515151515151514,1.7922077922077908e-12,1.1828571428571428e-11,1.2298931326938646e-05,0.6907507982018208,1.0065662862101696e-07,944.8135042190552,0.07,0.001,1000000,20251006_044542
904,7,6.700000000000005,0.14925373134328349,1.7654584221748389e-12,1.1828571428571428e-11,1.203995792850925e-05,0.6864514953174048,1.0065662862101696e-07,948.7382428646088,0.07,0.001,1000000,20251006_050130
905,7,6.800000000000005,0.14705882352941166,1.7394957983193263e-12,1.1828571428571428e-11,1.1783553807020856e-05,0.6818601117260836,1.0065662862101696e-07,947.6677765846252,0.07,0.001,1000000,20251006_051718
906,7,6.900000000000006,0.14492753623188395,1.714285714285713e-12,1.1828571428571428e-11,1.1534472307021596e-05,0.6772623056192457,1.0065662862101696e-07,943.540070772171,0.07,0.001,1000000,20251006_053302
907,7,7.000000000000005,0.14285714285714274,1.6897959183673454e-12,1.1828571428571428e-11,1.128735030111753e-05,0.6723573036397428,1.0065662862101696e-07,947.6982576847076,0.07,0.001,1000000,20251006_054849
908,7,7.100000000000005,0.1408450704225351,1.6659959758551295e-12,1.1828571428571428e-11,1.1027775240994204e-05,0.6662793266226494,1.0065662862101696e-07,949.1088361740112,0.07,0.001,1000000,20251006_060438
909,7,7.2000000000000055,0.13888888888888878,1.6428571428571414e-12,1.1828571428571428e-11,1.0753784041841105e-05,0.6588763066079598,1.0065662862101696e-07,946.5560877323151,0.07,0.001,1000000,20251006_062025
910,7,7.300000000000006,0.1369863013698629,1.6203522504892353e-12,1.1828571428571428e-11,1.0474210688972755e-05,0.6506602099018228,1.0065662862101696e-07,942.3851282596588,0.07,0.001,1000000,20251006_063607
911,7,7.400000000000006,0.13513513513513503,1.5984555984555972e-12,1.1828571428571428e-11,1.0181200243011003e-05,0.6411221511358319,1.0065662862101696e-07,955.5701067447662,0.07,0.001,1000000,20251006_065203
912,7,7.500000000000005,0.13333333333333325,1.577142857142856e-12,1.1828571428571428e-11,9.874083393956712e-06,0.6301851101548157,1.0065662862101696e-07,953.9298236370087,0.07,0.001,1000000,20251006_070757
913,7,7.600000000000006,0.13157894736842096,1.5563909774436078e-12,1.1828571428571428e-11,9.529665344073098e-06,0.6163129954636972,1.0065662862101696e-07,945.9150595664978,0.07,0.001,1000000,20251006_072343
914,7,7.700000000000006,0.12987012987012977,1.5361781076066777e-12,1.1828571428571428e-11,9.166058100149412e-06,0.600597353612093,1.0065662862101696e-07,953.3441476821899,0.07,0.001,1000000,20251006_073936
915,7,7.800000000000006,0.1282051282051281,1.5164835164835153e-12,1.1828571428571428e-11,8.888419493428167e-06,0.5899690502752208,1.0065662862101696e-07,944.029354095459,0.07,0.001,1000000,20251006_075520
916,7,7.900000000000006,0.12658227848101256,1.497287522603977e-12,1.1828571428571428e-11,8.687367505074375e-06,0.584016838083173,1.0065662862101696e-07,955.6864984035492,0.07,0.001,1000000,20251006_081116
917,7,8.000000000000007,0.12499999999999989,1.478571428571427e-12,1.1828571428571428e-11,8.51082398241373e-06,0.5793909122702078,1.0065662862101696e-07,951.1501786708832,0.07,0.001,1000000,20251006_082707
918,7,8.100000000000007,0.12345679012345669,1.460317460317459e-12,1.1828571428571428e-11,8.351214871133243e-06,0.5756317764188297,1.0065662862101696e-07,949.4953699111938,0.07,0.001,1000000,20251006_084257
919,7,8.200000000000006,0.12195121951219502,1.4425087108013924e-12,1.1828571428571428e-11,8.198171884820754e-06,0.5720591748269037,1.0065662862101696e-07,1075.4218378067017,0.07,0.001,1000000,20251006_044237
920,7,8.300000000000006,0.12048192771084329,1.4251290877796891e-12,1.1828571428571428e-11,8.0625942104865e-06,0.5694596778115578,1.0065662862101696e-07,1083.9519546031952,0.07,0.001,1000000,20251006_050041
921,7,8.400000000000006,0.11904761904761897,1.4081632653061214e-12,1.1828571428571428e-11,7.907435733361423e-06,0.5652297866075143,1.0065662862101696e-07,1078.5842776298523,0.07,0.001,1000000,20251006_051840
922,7,8.500000000000007,0.11764705882352931,1.391596638655461e-12,1.1828571428571428e-11,7.766593482335204e-06,0.561771345292375,1.0065662862101696e-07,1066.4633378982544,0.07,0.001,1000000,20251006_053626
923,7,8.600000000000007,0.11627906976744178,1.3754152823920255e-12,1.1828571428571428e-11,7.634929991125964e-06,0.5587449278066027,1.0065662862101696e-07,1066.35596036911,0.07,0.001,1000000,20251006_055413
924,7,8.700000000000006,0.1149425287356321,1.3596059113300481e-12,1.1828571428571428e-11,7.488210208602369e-06,0.5543797564590204,1.0065662862101696e-07,1067.4670960903168,0.07,0.001,1000000,20251006_061200
925,7,8.800000000000008,0.11363636363636354,1.3441558441558428e-12,1.1828571428571428e-11,7.349311473155376e-06,0.5503505555474947,1.0065662862101696e-07,1062.7268795967102,0.07,0.001,1000000,20251006_062943
926,7,8.900000000000007,0.11235955056179765,1.3290529695024064e-12,1.1828571428571428e-11,7.200416263511022e-06,0.5453278705846549,1.0065662862101696e-07,1065.6187591552734,0.07,0.001,1000000,20251006_064728
927,7,9.000000000000007,0.11111111111111102,1.314285714285713e-12,1.1828571428571428e-11,7.041371536993753e-06,0.5392744607035285,1.0065662862101696e-07,1067.0887050628662,0.07,0.001,1000000,20251006_070516
928,7,9.100000000000007,0.1098901098901098,1.2998430141287273e-12,1.1828571428571428e-11,6.905138921172051e-06,0.5347168822773796,1.0065662862101696e-07,1059.895788192749,0.07,0.001,1000000,20251006_072255
929,7,9.200000000000006,0.10869565217391297,1.2857142857142847e-12,1.1828571428571428e-11,6.742884755463594e-06,0.5278902585172349,1.0065662862101696e-07,1073.1713123321533,0.07,0.001,1000000,20251006_074049
930,7,9.300000000000008,0.10752688172043001,1.2718894009216577e-12,1.1828571428571428e-11,6.571883366063339e-06,0.5200952400728606,1.0065662862101696e-07,1072.692822933197,0.07,0.001,1000000,20251006_075841
931,7,9.400000000000007,0.10638297872340417,1.2583586626139806e-12,1.1828571428571428e-11,6.392874983700852e-06,0.5113687076451309,1.0065662862101696e-07,1072.7790191173553,0.07,0.001,1000000,20251006_081634
932,7,9.500000000000007,0.10526315789473677,1.2451127819548862e-12,1.1828571428571428e-11,6.1764584661541684e-06,0.4993133915505351,1.0065662862101696e-07,1064.8019733428955,0.07,0.001,1000000,20251006_083419
933,7,9.600000000000009,0.10416666666666657,1.232142857142856e-12,1.1828571428571428e-11,5.944828804114115e-06,0.4856469537459335,1.0065662862101696e-07,1073.2397401332855,0.07,0.001,1000000,20251006_085212
934,7,9.700000000000008,0.10309278350515455,1.2194403534609708e-12,1.1828571428571428e-11,5.682973658796763e-06,0.4690913888596651,1.0065662862101696e-07,1072.7273170948029,0.07,0.001,1000000,20251006_091005
935,7,9.800000000000008,0.10204081632653053,1.206997084548104e-12,1.1828571428571428e-11,5.38702016549083e-06,0.44924656000702157,1.0065662862101696e-07,1071.1292662620544,0.07,0.001,1000000,20251006_092756
936,7,9.900000000000007,0.10101010101010094,1.194805194805194e-12,1.1828571428571428e-11,5.148273102055738e-06,0.4337174092699573,1.0065662862101696e-07,1079.2432906627655,0.07,0.001,1000000,20251006_044351
937,7,10.000000000000007,0.09999999999999992,1.1828571428571418e-12,1.1828571428571428e-11,5.007947774929239e-06,0.4261572433987328,1.0065662862101696e-07,1077.4714982509613,0.07,0.001,1000000,20251006_050149
938,7,10.100000000000009,0.09900990099009893,1.1711456859971702e-12,1.1828571428571428e-11,4.89294023724614e-06,0.4205342462632829,1.0065662862101696e-07,1079.16330575943,0.07,0.001,1000000,20251006_051948
939,7,10.200000000000008,0.09803921568627443,1.1596638655462173e-12,1.1828571428571428e-11,4.803486130968459e-06,0.4169335045576862,1.0065662862101696e-07,1076.9084031581879,0.07,0.001,1000000,20251006_053745
940,7,10.300000000000008,0.09708737864077663,1.1484049930651862e-12,1.1828571428571428e-11,4.723465819708075e-06,0.41400738214261285,1.0065662862101696e-07,1077.4485411643982,0.07,0.001,1000000,20251006_055543
941,7,10.40000000000001,0.09615384615384606,1.1373626373626361e-12,1.1828571428571428e-11,4.633140495015754e-06,0.4100330772577529,1.0065662862101696e-07,1081.3756229877472,0.07,0.001,1000000,20251006_061344
942,7,10.500000000000009,0.09523809523809516,1.126530612244897e-12,1.1828571428571428e-11,4.562042267856536e-06,0.40762300581778743,1.0065662862101696e-07,1064.009667634964,0.07,0.001,1000000,20251006_063128
943,7,10.600000000000009,0.09433962264150936,1.1159029649595678e-12,1.1828571428571428e-11,4.477770250745368e-06,0.4039036290183575,1.0065662862101696e-07,1077.3850178718567,0.07,0.001,1000000,20251006_064925
944,7,10.700000000000008,0.09345794392523357,1.1054739652870486e-12,1.1828571428571428e-11,4.393827084300406e-06,0.40007077049033174,1.0065662862101696e-07,1078.8758552074432,0.07,0.001,1000000,20251006_070724
945,7,10.800000000000008,0.09259259259259253,1.0952380952380945e-12,1.1828571428571428e-11,4.326564467861334e-06,0.3976280543380233,1.0065662862101696e-07,1063.8740801811218,0.07,0.001,1000000,20251006_072508
946,7,10.90000000000001,0.09174311926605497,1.0851900393184786e-12,1.1828571428571428e-11,4.244529297385789e-06,0.3937006364583874,1.0065662862101696e-07,1077.372812986374,0.07,0.001,1000000,20251006_074306
947,7,11.000000000000009,0.09090909090909084,1.0753246753246744e-12,1.1828571428571428e-11,4.1582713773209834e-06,0.38923832711829776,1.0065662862101696e-07,1079.7584357261658,0.07,0.001,1000000,20251006_080105
948,7,11.100000000000009,0.09009009009009002,1.0656370656370647e-12,1.1828571428571428e-11,4.061684304479874e-06,0.38365355503792664,1.0065662862101696e-07,1078.140525341034,0.07,0.001,1000000,20251006_081904
949,7,11.20000000000001,0.0892857142857142,1.0561224489795909e-12,1.1828571428571428e-11,3.961055527245073e-06,0.37751919347833,1.0065662862101696e-07,1067.487990617752,0.07,0.001,1000000,20251006_083651
950,7,11.30000000000001,0.08849557522123887,1.0467762326169397e-12,1.1828571428571428e-11,3.8533890053304835e-06,0.37053682912936214,1.0065662862101696e-07,1083.7339878082275,0.07,0.001,1000000,20251006_085455
951,7,11.40000000000001,0.08771929824561396,1.037593984962405e-12,1.1828571428571428e-11,3.760793199720706e-06,0.3648332294818084,1.0065662862101696e-07,1076.935571193695,0.07,0.001,1000000,20251006_091252
952,7,11.500000000000009,0.08695652173913036,1.0285714285714276e-12,1.1828571428571428e-11,3.6192218410146074e-06,0.35417926128285654,1.0065662862101696e-07,1079.025985956192,0.07,0.001,1000000,20251006_093051
953,7,11.600000000000009,0.08620689655172407,1.019704433497536e-12,1.1828571428571428e-11,3.469432099683588e-06,0.34247309996081315,1.0065662862101696e-07,1088.8608195781708,0.07,0.001,1000000,20251006_044446
954,7,11.70000000000001,0.0854700854700854,1.0109890109890102e-12,1.1828571428571428e-11,3.318461184598876e-06,0.33039440727913116,1.0065662862101696e-07,1080.90944647789,0.07,0.001,1000000,20251006_050247
955,7,11.80000000000001,0.08474576271186433,1.0024213075060524e-12,1.1828571428571428e-11,3.08461902298337e-06,0.3097373819858539,1.0065662862101696e-07,1090.1819505691528,0.07,0.001,1000000,20251006_052057
956,7,11.90000000000001,0.08403361344537809,9.93997599039615e-13,1.1828571428571428e-11,2.7974263861700418e-06,0.28327986820029466,1.0065662862101696e-07,1088.1579740047455,0.07,0.001,1000000,20251006_053905
957,7,12.00000000000001,0.08333333333333326,9.857142857142848e-13,1.1828571428571428e-11,2.496989789667308e-06,0.2549811619569704,1.0065662862101696e-07,1081.1651425361633,0.07,0.001,1000000,20251006_055707
958,7,12.10000000000001,0.08264462809917349,9.77567886658795e-13,1.1828571428571428e-11,2.302587374731728e-06,0.23708909162102004,1.0065662862101696e-07,1096.814372062683,0.07,0.001,1000000,20251006_061523
959,7,12.20000000000001,0.08196721311475404,9.69555035128805e-13,1.1828571428571428e-11,2.2288961024427725e-06,0.23139807343541785,1.0065662862101696e-07,1080.88419175148,0.07,0.001,1000000,20251006_063324
960,7,12.30000000000001,0.08130081300813002,9.61672473867595e-13,1.1828571428571428e-11,2.177200123978942e-06,0.227883848470382,1.0065662862101696e-07,1086.5842292308807,0.07,0.001,1000000,20251006_065131
961,7,12.40000000000001,0.08064516129032252,9.539170506912434e-13,1.1828571428571428e-11,2.1337307071419882e-06,0.22514970165426623,1.0065662862101696e-07,1085.991648197174,0.07,0.001,1000000,20251006_070937
962,7,12.50000000000001,0.07999999999999993,9.462857142857135e-13,1.1828571428571428e-11,2.104704944665935e-06,0.22387794803810399,1.0065662862101696e-07,1083.1391999721527,0.07,0.001,1000000,20251006_072740
963,7,12.60000000000001,0.0793650793650793,9.387755102040808e-13,1.1828571428571428e-11,2.0670288675535298e-06,0.2216292977487521,1.0065662862101696e-07,1090.226951122284,0.07,0.001,1000000,20251006_074550
964,7,12.70000000000001,0.0787401574803149,9.313835770528677e-13,1.1828571428571428e-11,2.0329795483615257e-06,0.2197084771894506,1.0065662862101696e-07,1088.576821088791,0.07,0.001,1000000,20251006_080359
965,7,12.800000000000011,0.07812499999999993,9.241071428571419e-13,1.1828571428571428e-11,1.9894034233568916e-06,0.2166920179223965,1.0065662862101696e-07,1097.66286611557,0.07,0.001,1000000,20251006_082217
966,7,12.900000000000011,0.07751937984496117,9.169435215946836e-13,1.1828571428571428e-11,1.950834878266368e-06,0.2141510978790508,1.0065662862101696e-07,1098.2839939594269,0.07,0.001,1000000,20251006_084035
967,7,13.00000000000001,0.07692307692307686,9.09890109890109e-13,1.1828571428571428e-11,1.907518800484875e-06,0.21101934112813134,1.0065662862101696e-07,1089.5918695926666,0.07,0.001,1000000,20251006_085845
968,7,13.10000000000001,0.07633587786259537,9.029443838604137e-13,1.1828571428571428e-11,1.8732464347993029e-06,0.20882202057351318,1.0065662862101696e-07,1088.4575324058533,0.07,0.001,1000000,20251006_091653
969,7,13.20000000000001,0.0757575757575757,8.961038961038954e-13,1.1828571428571428e-11,1.820647083208601e-06,0.20450775641223023,1.0065662862101696e-07,1089.5436367988586,0.07,0.001,1000000,20251006_093503
970,7,13.300000000000011,0.07518796992481197,8.893662728249186e-13,1.1828571428571428e-11,1.773943957403839e-06,0.20077129476445377,1.0065662862101696e-07,971.3972475528717,0.07,0.001,1000000,20251006_045901
971,7,13.400000000000011,0.07462686567164173,8.827292110874192e-13,1.1828571428571428e-11,1.7190699321441959e-06,0.1960236293984599,1.0065662862101696e-07,960.1889395713806,0.07,0.001,1000000,20251006_051501
972,7,13.50000000000001,0.07407407407407401,8.761904761904755e-13,1.1828571428571428e-11,1.649167342693298e-06,0.18945609346169381,1.0065662862101696e-07,959.5213475227356,0.07,0.001,1000000,20251006_053100
973,7,13.600000000000012,0.07352941176470582,8.697478991596631e-13,1.1828571428571428e-11,1.603826724976403e-06,0.1856121655302513,1.0065662862101696e-07,959.4570324420929,0.07,0.001,1000000,20251006_054700
974,7,13.700000000000012,0.07299270072992695,8.633993743482787e-13,1.1828571428571428e-11,1.4769781099583177e-06,0.17218872460692364,1.0065662862101696e-07,967.5196084976196,0.07,0.001,1000000,20251006_060308
975,7,13.800000000000011,0.07246376811594198,8.571428571428565e-13,1.1828571428571428e-11,1.379599491416283e-06,0.16201013926210492,1.0065662862101696e-07,959.3644244670868,0.07,0.001,1000000,20251006_061907
976,7,13.900000000000011,0.07194244604316541,8.50976361767728e-13,1.1828571428571428e-11,1.196498927836398e-06,0.141526314520057,1.0065662862101696e-07,953.7875919342041,0.07,0.001,1000000,20251006_063501
977,7,14.00000000000001,0.07142857142857137,8.448979591836727e-13,1.1828571428571428e-11,8.769879034156922e-07,0.10447965312228617,1.0065662862101696e-07,960.7234125137329,0.07,0.001,1000000,20251006_065101
978,7,14.100000000000012,0.07092198581560277,8.38905775075987e-13,1.1828571428571428e-11,5.144451987355597e-07,0.06172602556026047,1.0065662862101696e-07,962.6497232913971,0.07,0.001,1000000,20251006_070704
979,7,14.200000000000012,0.07042253521126755,8.329979879275648e-13,1.1828571428571428e-11,1.4094841337245144e-07,0.017031724332071403,1.0065662862101696e-07,950.9517982006073,0.07,0.001,1000000,20251006_072255
980,7,14.300000000000011,0.06993006993006988,8.271728271728265e-13,1.1828571428571428e-11,6.2945708733673154e-09,0.0007659708611255242,1.0065662862101696e-07,962.4681143760681,0.07,0.001,1000000,20251006_073858
981,7,14.400000000000013,0.06944444444444438,8.214285714285706e-13,1.1828571428571428e-11,6.284253405598131e-09,0.0007700630136440991,1.0065662862101696e-07,965.1409630775452,0.07,0.001,1000000,20251006_075503
982,7,14.500000000000012,0.06896551724137925,8.157635467980289e-13,1.1828571428571428e-11,6.1751183279708555e-09,0.0007619445544841052,1.0065662862101696e-07,969.581193447113,0.07,0.001,1000000,20251006_081112
983,7,14.600000000000012,0.06849315068493145,8.101761252446176e-13,1.1828571428571428e-11,6.202259715259567e-09,0.0007705714020904791,1.0065662862101696e-07,962.3443217277527,0.07,0.001,1000000,20251006_082715
984,7,14.700000000000012,0.06802721088435369,8.046647230320693e-13,1.1828571428571428e-11,6.090408146031069e-09,0.0007618576201470106,1.0065662862101696e-07,957.5009341239929,0.07,0.001,1000000,20251006_084312
985,7,14.800000000000011,0.06756756756756752,7.992277992277986e-13,1.1828571428571428e-11,6.150555481439898e-09,0.0007746154219190263,1.0065662862101696e-07,962.094571352005,0.07,0.001,1000000,20251006_085914
986,7,14.900000000000013,0.06711409395973149,7.938638542665381e-13,1.1828571428571428e-11,6.170187814066584e-09,0.0007823385584121852,1.0065662862101696e-07,964.0729684829712,0.07,0.001,1000000,20251006_091518
987,7,15.000000000000012,0.06666666666666661,7.885714285714279e-13,1.1828571428571428e-11,6.1951248006711895e-09,0.0007907722163503779,1.0065662862101696e-07,1096.8658571243286,0.07,0.001,1000000,20251006_051926
988,8,1.0,1.0,1.1828571428571428e-11,1.1828571428571428e-11,0.000116266315157138,0.9893819703060761,1.0065662862101696e-07,1258.670309305191,0.07,0.001,1000000,20251006_054024
989,8,1.1,0.9090909090909091,1.0753246753246752e-11,1.1828571428571428e-11,0.00010538963617942707,0.986508141479571,1.0065662862101696e-07,1249.7792358398438,0.07,0.001,1000000,20251006_060114
990,8,1.2000000000000002,0.8333333333333333,9.857142857142855e-12,1.1828571428571428e-11,9.625936712432961e-05,0.9829565735578905,1.0065662862101696e-07,1254.8692371845245,0.07,0.001,1000000,20251006_062209
991,8,1.3000000000000003,0.769230769230769,9.098901098901096e-12,1.1828571428571428e-11,8.844989143337354e-05,0.9784772662990703,1.0065662862101696e-07,1259.2604558467865,0.07,0.001,1000000,20251006_064308
992,8,1.4000000000000004,0.7142857142857141,8.448979591836732e-12,1.1828571428571428e-11,8.166799993061725e-05,0.9729489164797867,1.0065662862101696e-07,1258.9364535808563,0.07,0.001,1000000,20251006_070407
993,8,1.5000000000000004,0.6666666666666665,7.885714285714283e-12,1.1828571428571428e-11,7.566595033216407e-05,0.9658325404508458,1.0065662862101696e-07,1255.6559209823608,0.07,0.001,1000000,20251006_072503
994,8,1.6000000000000005,0.6249999999999998,7.39285714285714e-12,1.1828571428571428e-11,7.029604068568448e-05,0.9571079657157084,1.0065662862101696e-07,1255.455174446106,0.07,0.001,1000000,20251006_074558
995,8,1.7000000000000006,0.5882352941176469,6.957983193277308e-12,1.1828571428571428e-11,6.561955971786846e-05,0.9492755974429226,1.0065662862101696e-07,1259.9966931343079,0.07,0.001,1000000,20251006_080658
996,8,1.8000000000000007,0.5555555555555554,6.571428571428569e-12,1.1828571428571428e-11,6.171158667394074e-05,0.9452556919601713,1.0065662862101696e-07,1243.1770741939545,0.07,0.001,1000000,20251006_082742
997,8,1.9000000000000008,0.526315789473684,6.225563909774433e-12,1.1828571428571428e-11,5.840515704485511e-05,0.944310633930856,1.0065662862101696e-07,1258.228607416153,0.07,0.001,1000000,20251006_084840
998,8,2.000000000000001,0.4999999999999998,5.9142857142857115e-12,1.1828571428571428e-11,5.524212685675165e-05,0.9401788340769596,1.0065662862101696e-07,1257.6869640350342,0.07,0.001,1000000,20251006_090938
999,8,2.100000000000001,0.47619047619047594,5.632653061224486e-12,1.1828571428571428e-11,5.239961441032427e-05,0.9363915139552196,1.0065662862101696e-07,1258.62517952919,0.07,0.001,1000000,20251006_093036
1000,8,2.200000000000001,0.4545454545454543,5.3766233766233736e-12,1.1828571428571428e-11,5.011882886376569e-05,0.938282634003016,1.0065662862101696e-07,1254.3323180675507,0.07,0.001,1000000,20251006_095131
1001,8,2.300000000000001,0.43478260869565194,5.14285714285714e-12,1.1828571428571428e-11,4.761761301783895e-05,0.9319777423747624,1.0065662862101696e-07,1259.3911526203156,0.07,0.001,1000000,20251006_101230
1002,8,2.4000000000000012,0.41666666666666646,4.928571428571426e-12,1.1828571428571428e-11,4.566356789679456e-05,0.9325908860025424,1.0065662862101696e-07,1264.434769153595,0.07,0.001,1000000,20251006_103334
1003,8,2.5000000000000013,0.3999999999999998,4.731428571428569e-12,1.1828571428571428e-11,4.367622663976971e-05,0.9291700504567236,1.0065662862101696e-07,1248.6390907764435,0.07,0.001,1000000,20251006_105423
1004,8,2.6000000000000014,0.3846153846153844,4.549450549450547e-12,1.1828571428571428e-11,4.191754938369843e-05,0.9274261045716056,1.0065662862101696e-07,1244.1775059700012,0.07,0.001,1000000,20251006_052208
1005,8,2.7000000000000015,0.3703703703703702,4.380952380952379e-12,1.1828571428571428e-11,4.022120711994627e-05,0.9241212311194584,1.0065662862101696e-07,1250.2059404850006,0.07,0.001,1000000,20251006_054258
1006,8,2.8000000000000016,0.35714285714285693,4.224489795918364e-12,1.1828571428571428e-11,3.863882317566378e-05,0.9206445896741585,1.0065662862101696e-07,1256.9372081756592,0.07,0.001,1000000,20251006_060355
1007,8,2.9000000000000017,0.34482758620689635,4.078817733990145e-12,1.1828571428571428e-11,3.7152346880833756e-05,0.9168416502702977,1.0065662862101696e-07,1263.0645532608032,0.07,0.001,1000000,20251006_062458
1008,8,3.0000000000000018,0.33333333333333315,3.942857142857141e-12,1.1828571428571428e-11,3.574010758947109e-05,0.9124040273753653,1.0065662862101696e-07,1243.836250782013,0.07,0.001,1000000,20251006_064542
1009,8,3.100000000000002,0.32258064516129015,3.815668202764975e-12,1.1828571428571428e-11,3.4404801736439734e-05,0.9075923710177588,1.0065662862101696e-07,1258.0892374515533,0.07,0.001,1000000,20251006_070640
1010,8,3.200000000000002,0.31249999999999983,3.696428571428569e-12,1.1828571428571428e-11,3.313016442056919e-05,0.902160177532029,1.0065662862101696e-07,1249.9898064136505,0.07,0.001,1000000,20251006_072730
1011,8,3.300000000000002,0.3030303030303028,3.5844155844155817e-12,1.1828571428571428e-11,3.190731654128462e-05,0.8960129861484696,1.0065662862101696e-07,1256.927076101303,0.07,0.001,1000000,20251006_074827
1012,8,3.400000000000002,0.2941176470588234,3.4789915966386535e-12,1.1828571428571428e-11,3.072152033949757e-05,0.888856606171047,1.0065662862101696e-07,1242.9847826957703,0.07,0.001,1000000,20251006_080910
1013,8,3.500000000000002,0.28571428571428553,3.3795918367346915e-12,1.1828571428571428e-11,2.9590163455683477e-05,0.8813034939366073,1.0065662862101696e-07,1250.8825976848602,0.07,0.001,1000000,20251006_083001
1014,8,3.6000000000000023,0.2777777777777776,3.2857142857142837e-12,1.1828571428571428e-11,2.8607384376166173e-05,0.8763765241214393,1.0065662862101696e-07,1250.528161764145,0.07,0.001,1000000,20251006_085051
1015,8,3.7000000000000024,0.2702702702702701,3.1969111969111947e-12,1.1828571428571428e-11,2.7727149548448763e-05,0.8730056053837684,1.0065662862101696e-07,1259.254393339157,0.07,0.001,1000000,20251006_091151
1016,8,3.8000000000000025,0.2631578947368419,3.1127819548872156e-12,1.1828571428571428e-11,2.689571737145526e-05,0.8697147034998463,1.0065662862101696e-07,1252.844493150711,0.07,0.001,1000000,20251006_093244
1017,8,3.9000000000000026,0.2564102564102562,3.0329670329670305e-12,1.1828571428571428e-11,2.6117444960659505e-05,0.866773007869859,1.0065662862101696e-07,1256.1241626739502,0.07,0.001,1000000,20251006_095340
1018,8,4.000000000000003,0.24999999999999983,2.957142857142855e-12,1.1828571428571428e-11,2.5376992005417466e-05,0.8637940685340468,1.0065662862101696e-07,1256.0313568115234,0.07,0.001,1000000,20251006_101436
1019,8,4.100000000000003,0.24390243902439004,2.885017421602785e-12,1.1828571428571428e-11,2.4670681951705137e-05,0.8607461613387482,1.0065662862101696e-07,1255.9653236865997,0.07,0.001,1000000,20251006_103532
1020,8,4.200000000000003,0.23809523809523794,2.8163265306122427e-12,1.1828571428571428e-11,2.3996401958923386e-05,0.8576409354404337,1.0065662862101696e-07,1253.2889251708984,0.07,0.001,1000000,20251006_105625
1021,8,4.3000000000000025,0.23255813953488358,2.7508305647840515e-12,1.1828571428571428e-11,2.335881302413087e-05,0.8547307121339526,1.0065662862101696e-07,1252.1788606643677,0.07,0.001,1000000,20251006_052240
1022,8,4.400000000000003,0.22727272727272713,2.6883116883116864e-12,1.1828571428571428e-11,2.2742770782154536e-05,0.8515421193105457,1.0065662862101696e-07,1253.001228570938,0.07,0.001,1000000,20251006_054333
1023,8,4.5000000000000036,0.22222222222222204,2.628571428571426e-12,1.1828571428571428e-11,2.2157982092972638e-05,0.8485018707426333,1.0065662862101696e-07,1251.9693915843964,0.07,0.001,1000000,20251006_060425
1024,8,4.600000000000003,0.21739130434782594,2.5714285714285694e-12,1.1828571428571428e-11,2.1589856725963802e-05,0.8451186296180075,1.0065662862101696e-07,1259.5510876178741,0.07,0.001,1000000,20251006_062524
1025,8,4.700000000000003,0.21276595744680837,2.5167173252279616e-12,1.1828571428571428e-11,2.102785542185172e-05,0.8410134156413643,1.0065662862101696e-07,1249.7502093315125,0.07,0.001,1000000,20251006_064614
1026,8,4.800000000000003,0.20833333333333318,2.4642857142857122e-12,1.1828571428571428e-11,2.048612968949512e-05,0.8367798977543484,1.0065662862101696e-07,1259.1017594337463,0.07,0.001,1000000,20251006_070713
1027,8,4.900000000000004,0.20408163265306106,2.413994169096208e-12,1.1828571428571428e-11,1.9953435510805835e-05,0.8320009938866384,1.0065662862101696e-07,1251.4136996269226,0.07,0.001,1000000,20251006_072805
1028,8,5.0000000000000036,0.19999999999999984,2.3657142857142835e-12,1.1828571428571428e-11,1.943273555669023e-05,0.826825816554433,1.0065662862101696e-07,1263.4034886360168,0.07,0.001,1000000,20251006_074908
1029,8,5.100000000000003,0.1960784313725489,2.3193277310924355e-12,1.1828571428571428e-11,1.891670567602226e-05,0.8209671244122116,1.0065662862101696e-07,1253.4442327022552,0.07,0.001,1000000,20251006_081002
1030,8,5.200000000000004,0.19230769230769218,2.274725274725273e-12,1.1828571428571428e-11,1.8376489353423487e-05,0.8131599383705871,1.0065662862101696e-07,1242.466076850891,0.07,0.001,1000000,20251006_083044
1031,8,5.300000000000004,0.18867924528301872,2.2318059299191357e-12,1.1828571428571428e-11,1.7846787351566003e-05,0.804907551522605,1.0065662862101696e-07,1258.8425753116608,0.07,0.001,1000000,20251006_085143
1032,8,5.400000000000004,0.18518518518518506,2.190476190476189e-12,1.1828571428571428e-11,1.7358034576695916e-05,0.7976353486852679,1.0065662862101696e-07,1244.0265913009644,0.07,0.001,1000000,20251006_091227
1033,8,5.5000000000000036,0.1818181818181817,2.1506493506493493e-12,1.1828571428571428e-11,1.692189112995861e-05,0.7919935951061684,1.0065662862101696e-07,1245.2448692321777,0.07,0.001,1000000,20251006_093312
1034,8,5.600000000000004,0.17857142857142844,2.1122448979591817e-12,1.1828571428571428e-11,1.653945739294458e-05,0.7881690338100784,1.0065662862101696e-07,1243.925127029419,0.07,0.001,1000000,20251006_095356
1035,8,5.700000000000005,0.17543859649122792,2.07518796992481e-12,1.1828571428571428e-11,1.617095418780011e-05,0.7843692974896395,1.0065662862101696e-07,1251.0548672676086,0.07,0.001,1000000,20251006_101447
1036,8,5.800000000000004,0.17241379310344815,2.039408866995072e-12,1.1828571428571428e-11,1.5822588312556523e-05,0.7809362905962562,1.0065662862101696e-07,1246.9087045192719,0.07,0.001,1000000,20251006_103534
1037,8,5.900000000000004,0.1694915254237287,2.004842615012105e-12,1.1828571428571428e-11,1.5490002032112145e-05,0.7777026337180567,1.0065662862101696e-07,1242.9248373508453,0.07,0.001,1000000,20251006_105617
1038,8,6.000000000000004,0.16666666666666655,1.97142857142857e-12,1.1828571428571428e-11,1.5171184247828841e-05,0.7746059282625449,1.0065662862101696e-07,1250.9996736049652,0.07,0.001,1000000,20251006_052302
1039,8,6.100000000000005,0.16393442622950807,1.93911007025761e-12,1.1828571428571428e-11,1.485670293222727e-05,0.7711917196032649,1.0065662862101696e-07,1246.5223739147186,0.07,0.001,1000000,20251006_054348
1040,8,6.200000000000005,0.16129032258064505,1.907834101382487e-12,1.1828571428571428e-11,1.45580698686421e-05,0.7680784357218832,1.0065662862101696e-07,1257.0902631282806,0.07,0.001,1000000,20251006_060445
1041,8,6.300000000000004,0.1587301587301586,1.8775510204081617e-12,1.1828571428571428e-11,1.4260722582573722e-05,0.7645258324588288,1.0065662862101696e-07,1257.4732613563538,0.07,0.001,1000000,20251006_062543
1042,8,6.400000000000005,0.1562499999999999,1.848214285714284e-12,1.1828571428571428e-11,1.3965766107475884e-05,0.7605973740998886,1.0065662862101696e-07,1248.2709691524506,0.07,0.001,1000000,20251006_064631
1043,8,6.500000000000005,0.15384615384615372,1.819780219780218e-12,1.1828571428571428e-11,1.36848706836858e-05,0.7569446745062253,1.0065662862101696e-07,1252.7871525287628,0.07,0.001,1000000,20251006_070724
1044,8,6.600000000000005,0.1515151515151514,1.7922077922077908e-12,1.1828571428571428e-11,1.341129668192017e-05,0.7532251088894956,1.0065662862101696e-07,1243.0718038082123,0.07,0.001,1000000,20251006_072807
1045,8,6.700000000000005,0.14925373134328349,1.7654584221748389e-12,1.1828571428571428e-11,1.3139495016966185e-05,0.7491409899991909,1.0065662862101696e-07,1257.3766548633575,0.07,0.001,1000000,20251006_074904
1046,8,6.800000000000005,0.14705882352941166,1.7394957983193263e-12,1.1828571428571428e-11,1.286046326234528e-05,0.7441759133553745,1.0065662862101696e-07,1258.8029878139496,0.07,0.001,1000000,20251006_081003
1047,8,6.900000000000006,0.14492753623188395,1.714285714285713e-12,1.1828571428571428e-11,1.2572702419379071e-05,0.7382234056108343,1.0065662862101696e-07,1229.6498577594757,0.07,0.001,1000000,20251006_083033
1048,8,7.000000000000005,0.14285714285714274,1.6897959183673454e-12,1.1828571428571428e-11,1.2286130179524233e-05,0.7318519527877074,1.0065662862101696e-07,1250.6479516029358,0.07,0.001,1000000,20251006_085124
1049,8,7.100000000000005,0.1408450704225351,1.6659959758551295e-12,1.1828571428571428e-11,1.2005884805655965e-05,0.7253750343120327,1.0065662862101696e-07,1254.2042500972748,0.07,0.001,1000000,20251006_091218
1050,8,7.2000000000000055,0.13888888888888878,1.6428571428571414e-12,1.1828571428571428e-11,1.1693244298842318e-05,0.7164363340298933,1.0065662862101696e-07,1253.2322499752045,0.07,0.001,1000000,20251006_093311
1051,8,7.300000000000006,0.1369863013698629,1.6203522504892353e-12,1.1828571428571428e-11,1.1393095179939802e-05,0.7077415111589761,1.0065662862101696e-07,1248.734902381897,0.07,0.001,1000000,20251006_095400
1052,8,7.400000000000006,0.13513513513513503,1.5984555984555972e-12,1.1828571428571428e-11,1.1094538366335715e-05,0.6986361267343639,1.0065662862101696e-07,1258.376695394516,0.07,0.001,1000000,20251006_101458
1053,8,7.500000000000005,0.13333333333333325,1.577142857142856e-12,1.1828571428571428e-11,1.084018074102019e-05,0.6918435080828799,1.0065662862101696e-07,1249.7808120250702,0.07,0.001,1000000,20251006_103548
1054,8,7.600000000000006,0.13157894736842096,1.5563909774436078e-12,1.1828571428571428e-11,1.0622879329960523e-05,0.6870145324011017,1.0065662862101696e-07,1259.7670860290527,0.07,0.001,1000000,20251006_105648
1055,8,7.700000000000006,0.12987012987012977,1.5361781076066777e-12,1.1828571428571428e-11,1.042226498189085e-05,0.6829091304434998,1.0065662862101696e-07,1244.664785861969,0.07,0.001,1000000,20251006_052259
1056,8,7.800000000000006,0.1282051282051281,1.5164835164835153e-12,1.1828571428571428e-11,1.0229657766924824e-05,0.6789937718235968,1.0065662862101696e-07,1249.2046842575073,0.07,0.001,1000000,20251006_054348
1057,8,7.900000000000006,0.12658227848101256,1.497287522603977e-12,1.1828571428571428e-11,1.0047379188868587e-05,0.67544496321564,1.0065662862101696e-07,1265.041655778885,0.07,0.001,1000000,20251006_060453
1058,8,8.000000000000007,0.12499999999999989,1.478571428571427e-12,1.1828571428571428e-11,9.872452035260223e-06,0.6720863929124585,1.0065662862101696e-07,1261.3919014930725,0.07,0.001,1000000,20251006_062555
1059,8,8.100000000000007,0.12345679012345669,1.460317460317459e-12,1.1828571428571428e-11,9.691514443184982e-06,0.6680158229915467,1.0065662862101696e-07,1250.3940842151642,0.07,0.001,1000000,20251006_064645
1060,8,8.200000000000006,0.12195121951219502,1.4425087108013924e-12,1.1828571428571428e-11,9.524373613558965e-06,0.6646000336006378,1.0065662862101696e-07,1255.5852789878845,0.07,0.001,1000000,20251006_070741
1061,8,8.300000000000006,0.12048192771084329,1.4251290877796891e-12,1.1828571428571428e-11,9.359207422851987e-06,0.6610392516910804,1.0065662862101696e-07,1260.160352230072,0.07,0.001,1000000,20251006_072841
1062,8,8.400000000000006,0.11904761904761897,1.4081632653061214e-12,1.1828571428571428e-11,9.19998662646445e-06,0.6576223510397017,1.0065662862101696e-07,1256.821708202362,0.07,0.001,1000000,20251006_074938
1063,8,8.500000000000007,0.11764705882352931,1.391596638655461e-12,1.1828571428571428e-11,9.039711734596977e-06,0.6538582241686892,1.0065662862101696e-07,1260.131043434143,0.07,0.001,1000000,20251006_081038
1064,8,8.600000000000007,0.11627906976744178,1.3754152823920255e-12,1.1828571428571428e-11,8.869817194572905e-06,0.6491173296676842,1.0065662862101696e-07,1255.9710097312927,0.07,0.001,1000000,20251006_083134
1065,8,8.700000000000006,0.1149425287356321,1.3596059113300481e-12,1.1828571428571428e-11,8.698694291035942e-06,0.6439963473562859,1.0065662862101696e-07,1246.1174943447113,0.07,0.001,1000000,20251006_085220
1066,8,8.800000000000008,0.11363636363636354,1.3441558441558428e-12,1.1828571428571428e-11,8.539330712040685e-06,0.6394647197280404,1.0065662862101696e-07,1257.452311038971,0.07,0.001,1000000,20251006_091317
1067,8,8.900000000000007,0.11235955056179765,1.3290529695024064e-12,1.1828571428571428e-11,8.36133294289531e-06,0.6332505958169519,1.0065662862101696e-07,1260.8214302062988,0.07,0.001,1000000,20251006_093418
1068,8,9.000000000000007,0.11111111111111102,1.314285714285713e-12,1.1828571428571428e-11,8.197428417935003e-06,0.627812886454368,1.0065662862101696e-07,1272.1979486942291,0.07,0.001,1000000,20251006_095530
1069,8,9.100000000000007,0.1098901098901098,1.2998430141287273e-12,1.1828571428571428e-11,8.017416864617611e-06,0.6208489356559891,1.0065662862101696e-07,1258.604175567627,0.07,0.001,1000000,20251006_101629
1070,8,9.200000000000006,0.10869565217391297,1.2857142857142847e-12,1.1828571428571428e-11,7.813483057368296e-06,0.6117057818216561,1.0065662862101696e-07,1250.4644525051117,0.07,0.001,1000000,20251006_103720
1071,8,9.300000000000008,0.10752688172043001,1.2718894009216577e-12,1.1828571428571428e-11,7.603787395107308e-06,0.6017595581721727,1.0065662862101696e-07,1250.289344072342,0.07,0.001,1000000,20251006_105810
1072,8,9.400000000000007,0.10638297872340417,1.2583586626139806e-12,1.1828571428571428e-11,7.391098422871079e-06,0.5912170124111424,1.0065662862101696e-07,1259.8781476020813,0.07,0.001,1000000,20251006_052352
1073,8,9.500000000000007,0.10526315789473677,1.2451127819548862e-12,1.1828571428571428e-11,7.167582077850507e-06,0.5794371865560016,1.0065662862101696e-07,1246.0436465740204,0.07,0.001,1000000,20251006_054438
1074,8,9.600000000000009,0.10416666666666657,1.232142857142856e-12,1.1828571428571428e-11,6.9900730658305465e-06,0.5710353994605862,1.0065662862101696e-07,1261.3976261615753,0.07,0.001,1000000,20251006_060539
1075,8,9.700000000000008,0.10309278350515455,1.2194403534609708e-12,1.1828571428571428e-11,6.840551080703432e-06,0.5646416470795421,1.0065662862101696e-07,1256.2559750080109,0.07,0.001,1000000,20251006_062635
1076,8,9.800000000000008,0.10204081632653053,1.206997084548104e-12,1.1828571428571428e-11,6.7070972464467515e-06,0.5593334112429913,1.0065662862101696e-07,1261.8111069202423,0.07,0.001,1000000,20251006_064737
1077,8,9.900000000000007,0.10101010101010094,1.194805194805194e-12,1.1828571428571428e-11,6.591717234250753e-06,0.5553206803146808,1.0065662862101696e-07,1245.0444917678833,0.07,0.001,1000000,20251006_070822
1078,8,10.000000000000007,0.09999999999999992,1.1828571428571418e-12,1.1828571428571428e-11,6.4805144802656635e-06,0.5514670501440302,1.0065662862101696e-07,1264.9178783893585,0.07,0.001,1000000,20251006_072927
1079,8,10.100000000000009,0.09900990099009893,1.1711456859971702e-12,1.1828571428571428e-11,6.3770885972758265e-06,0.548092561236541,1.0065662862101696e-07,1261.2985126972198,0.07,0.001,1000000,20251006_075029
1080,8,10.200000000000008,0.09803921568627443,1.1596638655462173e-12,1.1828571428571428e-11,6.282438813209918e-06,0.5453037981464387,1.0065662862101696e-07,1255.9722211360931,0.07,0.001,1000000,20251006_081125
1081,8,10.300000000000008,0.09708737864077663,1.1484049930651862e-12,1.1828571428571428e-11,6.1669141497678275e-06,0.5405242846028274,1.0065662862101696e-07,1257.8489310741425,0.07,0.001,1000000,20251006_083222
1082,8,10.40000000000001,0.09615384615384606,1.1373626373626361e-12,1.1828571428571428e-11,6.062918669866444e-06,0.5365684900000788,1.0065662862101696e-07,1268.0126180648804,0.07,0.001,1000000,20251006_085330
1083,8,10.500000000000009,0.09523809523809516,1.126530612244897e-12,1.1828571428571428e-11,5.9672015732325435e-06,0.5331753847919787,1.0065662862101696e-07,1254.415832042694,0.07,0.001,1000000,20251006_091425
1084,8,10.600000000000009,0.09433962264150936,1.1159029649595678e-12,1.1828571428571428e-11,5.859194811221687e-06,0.5285108245524732,1.0065662862101696e-07,1263.934024810791,0.07,0.001,1000000,20251006_093529
1085,8,10.700000000000008,0.09345794392523357,1.1054739652870486e-12,1.1828571428571428e-11,5.757963174311171e-06,0.5242793399477643,1.0065662862101696e-07,1260.8549506664276,0.07,0.001,1000000,20251006_095630
1086,8,10.800000000000008,0.09259259259259253,1.0952380952380945e-12,1.1828571428571428e-11,5.65438271468946e-06,0.5196597009071955,1.0065662862101696e-07,1275.5519647598267,0.07,0.001,1000000,20251006_101745
1087,8,10.90000000000001,0.09174311926605497,1.0851900393184786e-12,1.1828571428571428e-11,5.543795561330698e-06,0.514213871072899,1.0065662862101696e-07,1253.5363519191742,0.07,0.001,1000000,20251006_103839
1088,8,11.000000000000009,0.09090909090909084,1.0753246753246744e-12,1.1828571428571428e-11,5.426388385590837e-06,0.5079414366799507,1.0065662862101696e-07,1267.2309799194336,0.07,0.001,1000000,20251006_105946
1089,8,11.100000000000009,0.09009009009009002,1.0656370656370647e-12,1.1828571428571428e-11,5.3068442959829496e-06,0.5012673382667844,1.0065662862101696e-07,1112.5594511032104,0.07,0.001,1000000,20251006_060239
1090,8,11.20000000000001,0.0892857142857142,1.0561224489795909e-12,1.1828571428571428e-11,5.184068094648683e-06,0.49408173971993585,1.0065662862101696e-07,1111.8132634162903,0.07,0.001,1000000,20251006_062111
1091,8,11.30000000000001,0.08849557522123887,1.0467762326169397e-12,1.1828571428571428e-11,5.034407788363568e-06,0.48410204520330113,1.0065662862101696e-07,1112.9095709323883,0.07,0.001,1000000,20251006_063944
1092,8,11.40000000000001,0.08771929824561396,1.037593984962405e-12,1.1828571428571428e-11,4.879420152302921e-06,0.4733508378752375,1.0065662862101696e-07,1108.8566374778748,0.07,0.001,1000000,20251006_065812
1093,8,11.500000000000009,0.08695652173913036,1.0285714285714276e-12,1.1828571428571428e-11,4.7227871676741184e-06,0.4621748386039933,1.0065662862101696e-07,1108.4159336090088,0.07,0.001,1000000,20251006_071641
1094,8,11.600000000000009,0.08620689655172407,1.019704433497536e-12,1.1828571428571428e-11,4.539904548245911e-06,0.44814111920673394,1.0065662862101696e-07,1113.6640396118164,0.07,0.001,1000000,20251006_073515
1095,8,11.70000000000001,0.0854700854700854,1.0109890109890102e-12,1.1828571428571428e-11,4.365792159875188e-06,0.43466933398535357,1.0065662862101696e-07,1121.1944952011108,0.07,0.001,1000000,20251006_075356
1096,8,11.80000000000001,0.08474576271186433,1.0024213075060524e-12,1.1828571428571428e-11,4.185091586480052e-06,0.4202396800735621,1.0065662862101696e-07,1111.2724192142487,0.07,0.001,1000000,20251006_081227
1097,8,11.90000000000001,0.08403361344537809,9.93997599039615e-13,1.1828571428571428e-11,4.0853847808574076e-06,0.4137042776139844,1.0065662862101696e-07,1120.10871052742,0.07,0.001,1000000,20251006_083107
1098,8,12.00000000000001,0.08333333333333326,9.857142857142848e-13,1.1828571428571428e-11,4.007038584910207e-06,0.40918042941735466,1.0065662862101696e-07,1115.3955614566803,0.07,0.001,1000000,20251006_084943
1099,8,12.10000000000001,0.08264462809917349,9.77567886658795e-13,1.1828571428571428e-11,3.926320910722923e-06,0.4042790594404135,1.0065662862101696e-07,1116.7477688789368,0.07,0.001,1000000,20251006_090819
1100,8,12.20000000000001,0.08196721311475404,9.69555035128805e-13,1.1828571428571428e-11,3.858448029543416e-06,0.4005738264374548,1.0065662862101696e-07,1117.840919971466,0.07,0.001,1000000,20251006_092657
1101,8,12.30000000000001,0.08130081300813002,9.61672473867595e-13,1.1828571428571428e-11,3.795666255232986e-06,0.39728595650218795,1.0065662862101696e-07,1113.0006458759308,0.07,0.001,1000000,20251006_094530
1102,8,12.40000000000001,0.08064516129032252,9.539170506912434e-13,1.1828571428571428e-11,3.737440249917655e-06,0.394371958187135,1.0065662862101696e-07,1115.8297646045685,0.07,0.001,1000000,20251006_100406
1103,8,12.50000000000001,0.07999999999999993,9.462857142857135e-13,1.1828571428571428e-11,3.6741165394593283e-06,0.39081661958919955,1.0065662862101696e-07,1110.2881500720978,0.07,0.001,1000000,20251006_102236
1104,8,12.60000000000001,0.0793650793650793,9.387755102040808e-13,1.1828571428571428e-11,3.6000492755468178e-06,0.3860015722686478,1.0065662862101696e-07,1109.9078500270844,0.07,0.001,1000000,20251006_104106
1105,8,12.70000000000001,0.0787401574803149,9.313835770528677e-13,1.1828571428571428e-11,3.5421523462004354e-06,0.3828080309927163,1.0065662862101696e-07,1120.6068420410156,0.07,0.001,1000000,20251006_105947
1106,8,12.800000000000011,0.07812499999999993,9.241071428571419e-13,1.1828571428571428e-11,3.4741365854707826e-06,0.37841377892745065,1.0065662862101696e-07,1120.9786429405212,0.07,0.001,1000000,20251006_063040
1107,8,12.900000000000011,0.07751937984496117,9.169435215946836e-13,1.1828571428571428e-11,3.402953733802256e-06,0.37355610474474255,1.0065662862101696e-07,1124.6924691200256,0.07,0.001,1000000,20251006_064925
1108,8,13.00000000000001,0.07692307692307686,9.09890109890109e-13,1.1828571428571428e-11,3.3325235328703845e-06,0.36866054479858695,1.0065662862101696e-07,1119.4322001934052,0.07,0.001,1000000,20251006_070804
1109,8,13.10000000000001,0.07633587786259537,9.029443838604137e-13,1.1828571428571428e-11,3.2665971427340296e-06,0.364147184840882,1.0065662862101696e-07,1130.990879535675,0.07,0.001,1000000,20251006_072656
1110,8,13.20000000000001,0.0757575757575757,8.961038961038954e-13,1.1828571428571428e-11,3.183021030035852e-06,0.3575390834770559,1.0065662862101696e-07,1121.3733463287354,0.07,0.001,1000000,20251006_074537
1111,8,13.300000000000011,0.07518796992481197,8.893662728249186e-13,1.1828571428571428e-11,3.0897154125049814e-06,0.34968757678802814,1.0065662862101696e-07,1132.5066027641296,0.07,0.001,1000000,20251006_080429
1112,8,13.400000000000011,0.07462686567164173,8.827292110874192e-13,1.1828571428571428e-11,2.986179015682924e-06,0.34051066669380087,1.0065662862101696e-07,1124.4653215408325,0.07,0.001,1000000,20251006_082314
1113,8,13.50000000000001,0.07407407407407401,8.761904761904755e-13,1.1828571428571428e-11,2.88998636716702e-06,0.3320011942431735,1.0065662862101696e-07,1123.149046421051,0.07,0.001,1000000,20251006_084157
1114,8,13.600000000000012,0.07352941176470582,8.697478991596631e-13,1.1828571428571428e-11,2.7513725024229265e-06,0.31841856754358533,1.0065662862101696e-07,1127.0485095977783,0.07,0.001,1000000,20251006_090044
1115,8,13.700000000000012,0.07299270072992695,8.633993743482787e-13,1.1828571428571428e-11,2.594750589826619e-06,0.3025006205054165,1.0065662862101696e-07,1128.1120624542236,0.07,0.001,1000000,20251006_091932
1116,8,13.800000000000011,0.07246376811594198,8.571428571428565e-13,1.1828571428571428e-11,2.4229419712043416e-06,0.2845326985267554,1.0065662862101696e-07,1130.518176317215,0.07,0.001,1000000,20251006_093823
1117,8,13.900000000000011,0.07194244604316541,8.50976361767728e-13,1.1828571428571428e-11,2.2159484402963406e-06,0.2621105699515441,1.0065662862101696e-07,1130.6759624481201,0.07,0.001,1000000,20251006_095714
1118,8,14.00000000000001,0.07142857142857137,8.448979591836727e-13,1.1828571428571428e-11,2.066634529228326e-06,0.24620779591525108,1.0065662862101696e-07,1121.6443243026733,0.07,0.001,1000000,20251006_101555
1119,8,14.100000000000012,0.07092198581560277,8.38905775075987e-13,1.1828571428571428e-11,1.919555772142402e-06,0.23031908733297965,1.0065662862101696e-07,1127.2042746543884,0.07,0.001,1000000,20251006_103442
1120,8,14.200000000000012,0.07042253521126755,8.329979879275648e-13,1.1828571428571428e-11,1.8639058655403935e-06,0.2252280116054122,1.0065662862101696e-07,1134.6331133842468,0.07,0.001,1000000,20251006_105337
1121,8,14.300000000000011,0.06993006993006988,8.271728271728265e-13,1.1828571428571428e-11,1.816517037524345e-06,0.22104749433655543,1.0065662862101696e-07,1127.1657600402832,0.07,0.001,1000000,20251006_111224
1122,8,14.400000000000013,0.06944444444444438,8.214285714285706e-13,1.1828571428571428e-11,1.7847276250361232e-06,0.2186978539479158,1.0065662862101696e-07,1126.0463769435883,0.07,0.001,1000000,20251006_113110
1123,8,14.500000000000012,0.06896551724137925,8.157635467980289e-13,1.1828571428571428e-11,1.7525042756660323e-06,0.21624056716539516,1.0065662862101696e-07,1119.656739473343,0.07,0.001,1000000,20251006_063622
1124,8,14.600000000000012,0.06849315068493145,8.101761252446176e-13,1.1828571428571428e-11,1.723081104166186e-06,0.2140763339990805,1.0065662862101696e-07,1123.0943803787231,0.07,0.001,1000000,20251006_065505
1125,8,14.700000000000012,0.06802721088435369,8.046647230320693e-13,1.1828571428571428e-11,1.695499355728409e-06,0.21209237101093387,1.0065662862101696e-07,1126.4644725322723,0.07,0.001,1000000,20251006_071351
1126,8,14.800000000000011,0.06756756756756752,7.992277992277986e-13,1.1828571428571428e-11,1.6577451226947858e-06,0.2087803193590259,1.0065662862101696e-07,1121.7534093856812,0.07,0.001,1000000,20251006_073233
1127,8,14.900000000000013,0.06711409395973149,7.938638542665381e-13,1.1828571428571428e-11,1.6268202694630706e-06,0.20626993257902915,1.0065662862101696e-07,1129.0760750770569,0.07,0.001,1000000,20251006_075122
1128,8,15.000000000000012,0.06666666666666661,7.885714285714279e-13,1.1828571428571428e-11,1.5863460518388972e-06,0.2024879923606072,1.0065662862101696e-07,1120.2935667037964,0.07,0.001,1000000,20251006_081002
1129,9,1.0,1.0,1.1828571428571428e-11,1.1828571428571428e-11,0.00011626871084804622,0.9894023567214174,1.0065662862101696e-07,1284.6220409870148,0.07,0.001,1000000,20251006_083127
1130,9,1.1,0.9090909090909091,1.0753246753246752e-11,1.1828571428571428e-11,0.00010539515809512842,0.9865598298143392,1.0065662862101696e-07,1277.1734261512756,0.07,0.001,1000000,20251006_085244
1131,9,1.2000000000000002,0.8333333333333333,9.857142857142855e-12,1.1828571428571428e-11,9.627072474274806e-05,0.9830725523557766,1.0065662862101696e-07,1277.027847290039,0.07,0.001,1000000,20251006_091401
1132,9,1.3000000000000003,0.769230769230769,9.098901098901096e-12,1.1828571428571428e-11,8.848280238114097e-05,0.9788413437861189,1.0065662862101696e-07,1275.1277272701263,0.07,0.001,1000000,20251006_093516
1133,9,1.4000000000000004,0.7142857142857141,8.448979591836732e-12,1.1828571428571428e-11,8.173813616599787e-05,0.9737844821147663,1.0065662862101696e-07,1269.2588148117065,0.07,0.001,1000000,20251006_095626
1134,9,1.5000000000000004,0.6666666666666665,7.885714285714283e-12,1.1828571428571428e-11,7.588442797973155e-05,0.9686212825528813,1.0065662862101696e-07,1281.511391878128,0.07,0.001,1000000,20251006_101747
1135,9,1.6000000000000005,0.6249999999999998,7.39285714285714e-12,1.1828571428571428e-11,7.08274139148553e-05,0.9643428191362802,1.0065662862101696e-07,1271.264920949936,0.07,0.001,1000000,20251006_103858
1136,9,1.7000000000000006,0.5882352941176469,6.957983193277308e-12,1.1828571428571428e-11,6.646278112448867e-05,0.9614739344629757,1.0065662862101696e-07,1285.8669538497925,0.07,0.001,1000000,20251006_110024
1137,9,1.8000000000000007,0.5555555555555554,6.571428571428569e-12,1.1828571428571428e-11,6.262414690189793e-05,0.9592336626497057,1.0065662862101696e-07,1274.3967924118042,0.07,0.001,1000000,20251006_112139
1138,9,1.9000000000000008,0.526315789473684,6.225563909774433e-12,1.1828571428571428e-11,5.931119501231853e-05,0.9589597048470377,1.0065662862101696e-07,1271.434092283249,0.07,0.001,1000000,20251006_114250
1139,9,2.000000000000001,0.4999999999999998,5.9142857142857115e-12,1.1828571428571428e-11,5.60118144462605e-05,0.9532783293658432,1.0065662862101696e-07,1322.69052028656,0.07,0.001,1000000,20251006_120453
1140,9,2.100000000000001,0.47619047619047594,5.632653061224486e-12,1.1828571428571428e-11,5.3230651557303286e-05,0.9512423127820785,1.0065662862101696e-07,1278.2691433429718,0.07,0.001,1000000,20251006_063939
1141,9,2.200000000000001,0.4545454545454543,5.3766233766233736e-12,1.1828571428571428e-11,5.0878709378452955e-05,0.9525084790000405,1.0065662862101696e-07,1278.9509007930756,0.07,0.001,1000000,20251006_070058
1142,9,2.300000000000001,0.43478260869565194,5.14285714285714e-12,1.1828571428571428e-11,4.834565190200277e-05,0.9462270084051668,1.0065662862101696e-07,1274.0930399894714,0.07,0.001,1000000,20251006_072212
1143,9,2.4000000000000012,0.41666666666666646,4.928571428571426e-12,1.1828571428571428e-11,4.6381174646294404e-05,0.9472466289753652,1.0065662862101696e-07,1280.236879825592,0.07,0.001,1000000,20251006_074332
1144,9,2.5000000000000013,0.3999999999999998,4.731428571428569e-12,1.1828571428571428e-11,4.434802605031399e-05,0.9434619419550574,1.0065662862101696e-07,1286.438016653061,0.07,0.001,1000000,20251006_080459
1145,9,2.6000000000000014,0.3846153846153844,4.549450549450547e-12,1.1828571428571428e-11,4.2556496321052064e-05,0.9415628105062395,1.0065662862101696e-07,1278.0722184181213,0.07,0.001,1000000,20251006_082617
1146,9,2.7000000000000015,0.3703703703703702,4.380952380952379e-12,1.1828571428571428e-11,4.084341702656477e-05,0.9384171070041447,1.0065662862101696e-07,1283.9694457054138,0.07,0.001,1000000,20251006_084741
1147,9,2.8000000000000016,0.35714285714285693,4.224489795918364e-12,1.1828571428571428e-11,3.9238066175552396e-05,0.934922711532048,1.0065662862101696e-07,1283.29403424263,0.07,0.001,1000000,20251006_090904
1148,9,2.9000000000000017,0.34482758620689635,4.078817733990145e-12,1.1828571428571428e-11,3.77310650901472e-05,0.9311231964609137,1.0065662862101696e-07,1266.9487040042877,0.07,0.001,1000000,20251006_093011
1149,9,3.0000000000000018,0.33333333333333315,3.942857142857141e-12,1.1828571428571428e-11,3.62997567381317e-05,0.9266912293899883,1.0065662862101696e-07,1274.9582085609436,0.07,0.001,1000000,20251006_095126
1150,9,3.100000000000002,0.32258064516129015,3.815668202764975e-12,1.1828571428571428e-11,3.49529518200598e-05,0.9220524698690014,1.0065662862101696e-07,1275.8892614841461,0.07,0.001,1000000,20251006_101242
1151,9,3.200000000000002,0.31249999999999983,3.696428571428569e-12,1.1828571428571428e-11,3.366873313177883e-05,0.9168258229526244,1.0065662862101696e-07,1283.2097022533417,0.07,0.001,1000000,20251006_103405
1152,9,3.300000000000002,0.3030303030303028,3.5844155844155817e-12,1.1828571428571428e-11,3.2491510065100146e-05,0.912418157140686,1.0065662862101696e-07,1275.7354838848114,0.07,0.001,1000000,20251006_105521
1153,9,3.400000000000002,0.2941176470588234,3.4789915966386535e-12,1.1828571428571428e-11,3.141649950339179e-05,0.9089642315148491,1.0065662862101696e-07,1275.9536921977997,0.07,0.001,1000000,20251006_111637
1154,9,3.500000000000002,0.28571428571428553,3.3795918367346915e-12,1.1828571428571428e-11,3.0422421778575513e-05,0.9060911964081085,1.0065662862101696e-07,1266.1594653129578,0.07,0.001,1000000,20251006_113743
1155,9,3.6000000000000023,0.2777777777777776,3.2857142857142837e-12,1.1828571428571428e-11,2.9496079771385126e-05,0.9036013752725842,1.0065662862101696e-07,1309.1470375061035,0.07,0.001,1000000,20251006_115932
1156,9,3.7000000000000024,0.2702702702702701,3.1969111969111947e-12,1.1828571428571428e-11,2.861879084268458e-05,0.9010794557627755,1.0065662862101696e-07,1373.2948124408722,0.07,0.001,1000000,20251006_122226
1157,9,3.8000000000000025,0.2631578947368419,3.1127819548872156e-12,1.1828571428571428e-11,2.778232839392621e-05,0.8983846449584962,1.0065662862101696e-07,1281.9354388713837,0.07,0.001,1000000,20251006_064030
1158,9,3.9000000000000026,0.2564102564102562,3.0329670329670305e-12,1.1828571428571428e-11,2.6993851638584297e-05,0.895858764669054,1.0065662862101696e-07,1281.858960866928,0.07,0.001,1000000,20251006_070152
1159,9,4.000000000000003,0.24999999999999983,2.957142857142855e-12,1.1828571428571428e-11,2.6235215389845037e-05,0.8930066824162395,1.0065662862101696e-07,1283.99644780159,0.07,0.001,1000000,20251006_072316
1160,9,4.100000000000003,0.24390243902439004,2.885017421602785e-12,1.1828571428571428e-11,2.5519584768316707e-05,0.8903639012203796,1.0065662862101696e-07,1277.3229458332062,0.07,0.001,1000000,20251006_074434
1161,9,4.200000000000003,0.23809523809523794,2.8163265306122427e-12,1.1828571428571428e-11,2.482291572476211e-05,0.8871808656558768,1.0065662862101696e-07,1276.1733870506287,0.07,0.001,1000000,20251006_080550
1162,9,4.3000000000000025,0.23255813953488358,2.7508305647840515e-12,1.1828571428571428e-11,2.415574523391546e-05,0.8838915446851608,1.0065662862101696e-07,1279.9801063537598,0.07,0.001,1000000,20251006_082710
1163,9,4.400000000000003,0.22727272727272713,2.6883116883116864e-12,1.1828571428571428e-11,2.3525334407307366e-05,0.8808431176031932,1.0065662862101696e-07,1277.4110839366913,0.07,0.001,1000000,20251006_084827
1164,9,4.5000000000000036,0.22222222222222204,2.628571428571426e-12,1.1828571428571428e-11,2.2910768933773122e-05,0.8773285499957149,1.0065662862101696e-07,1273.113355398178,0.07,0.001,1000000,20251006_090940
1165,9,4.600000000000003,0.21739130434782594,2.5714285714285694e-12,1.1828571428571428e-11,2.2325521562184904e-05,0.8739156738104156,1.0065662862101696e-07,1284.3578057289124,0.07,0.001,1000000,20251006_093105
1166,9,4.700000000000003,0.21276595744680837,2.5167173252279616e-12,1.1828571428571428e-11,2.1735454400112333e-05,0.8693139827544939,1.0065662862101696e-07,1277.6645166873932,0.07,0.001,1000000,20251006_095222
1167,9,4.800000000000003,0.20833333333333318,2.4642857142857122e-12,1.1828571428571428e-11,2.1171592941465287e-05,0.8647784449954158,1.0065662862101696e-07,1284.9462645053864,0.07,0.001,1000000,20251006_101347
1168,9,4.900000000000004,0.20408163265306106,2.413994169096208e-12,1.1828571428571428e-11,2.0607503747735824e-05,0.8592737621726173,1.0065662862101696e-07,1289.086633682251,0.07,0.001,1000000,20251006_103516
1169,9,5.0000000000000036,0.19999999999999984,2.3657142857142835e-12,1.1828571428571428e-11,2.006955633959905e-05,0.8539213256911353,1.0065662862101696e-07,1288.785983800888,0.07,0.001,1000000,20251006_105645
1170,9,5.100000000000003,0.1960784313725489,2.3193277310924355e-12,1.1828571428571428e-11,1.956913303054625e-05,0.8492818541703826,1.0065662862101696e-07,1286.529061794281,0.07,0.001,1000000,20251006_111812
1171,9,5.200000000000004,0.19230769230769218,2.274725274725273e-12,1.1828571428571428e-11,1.9108271277698636e-05,0.8455412998482859,1.0065662862101696e-07,1289.1447477340698,0.07,0.001,1000000,20251006_113941
1172,9,5.300000000000004,0.18867924528301872,2.2318059299191357e-12,1.1828571428571428e-11,1.867463620316486e-05,0.8422443438003909,1.0065662862101696e-07,1322.8955528736115,0.07,0.001,1000000,20251006_120144
1173,9,5.400000000000004,0.18518518518518506,2.190476190476189e-12,1.1828571428571428e-11,1.8265968359722052e-05,0.8393566666379042,1.0065662862101696e-07,1360.0016677379608,0.07,0.001,1000000,20251006_122424
1174,9,5.5000000000000036,0.1818181818181817,2.1506493506493493e-12,1.1828571428571428e-11,1.7866051693101708e-05,0.836183048460901,1.0065662862101696e-07,1292.6273503303528,0.07,0.001,1000000,20251006_064221
1175,9,5.600000000000004,0.17857142857142844,2.1122448979591817e-12,1.1828571428571428e-11,1.749286200466462e-05,0.8336024463940976,1.0065662862101696e-07,1278.3430602550507,0.07,0.001,1000000,20251006_070339
1176,9,5.700000000000005,0.17543859649122792,2.07518796992481e-12,1.1828571428571428e-11,1.7126758940917424e-05,0.8307304394502968,1.0065662862101696e-07,1283.6832435131073,0.07,0.001,1000000,20251006_072503
1177,9,5.800000000000004,0.17241379310344815,2.039408866995072e-12,1.1828571428571428e-11,1.6775250586008945e-05,0.8279556863692303,1.0065662862101696e-07,1288.1089749336243,0.07,0.001,1000000,20251006_074631
1178,9,5.900000000000004,0.1694915254237287,2.004842615012105e-12,1.1828571428571428e-11,1.6428405464194567e-05,0.8248168186682993,1.0065662862101696e-07,1288.2131316661835,0.07,0.001,1000000,20251006_080759
1179,9,6.000000000000004,0.16666666666666655,1.97142857142857e-12,1.1828571428571428e-11,1.6082961238983182e-05,0.8211591736166518,1.0065662862101696e-07,1291.1271731853485,0.07,0.001,1000000,20251006_082930
1180,9,6.100000000000005,0.16393442622950807,1.93911007025761e-12,1.1828571428571428e-11,1.5763223226333737e-05,0.818247984217046,1.0065662862101696e-07,1290.116635799408,0.07,0.001,1000000,20251006_085100
1181,9,6.200000000000005,0.16129032258064505,1.907834101382487e-12,1.1828571428571428e-11,1.5442272386948316e-05,0.8147286368302622,1.0065662862101696e-07,1283.8965108394623,0.07,0.001,1000000,20251006_091224
1182,9,6.300000000000004,0.1587301587301586,1.8775510204081617e-12,1.1828571428571428e-11,1.513292276959812e-05,0.8112850040361801,1.0065662862101696e-07,1278.7461037635803,0.07,0.001,1000000,20251006_093343
1183,9,6.400000000000005,0.1562499999999999,1.848214285714284e-12,1.1828571428571428e-11,1.4819144936963566e-05,0.8070737143039046,1.0065662862101696e-07,1284.5282135009766,0.07,0.001,1000000,20251006_095508
1184,9,6.500000000000005,0.15384615384615372,1.819780219780218e-12,1.1828571428571428e-11,1.4514368700476939e-05,0.8028262996115358,1.0065662862101696e-07,1288.1726913452148,0.07,0.001,1000000,20251006_101636
1185,9,6.600000000000005,0.1515151515151514,1.7922077922077908e-12,1.1828571428571428e-11,1.4205693272375102e-05,0.797841186852599,1.0065662862101696e-07,1284.4862370491028,0.07,0.001,1000000,20251006_103800
1186,9,6.700000000000005,0.14925373134328349,1.7654584221748389e-12,1.1828571428571428e-11,1.3891658901655149e-05,0.7920251949469417,1.0065662862101696e-07,1277.5704400539398,0.07,0.001,1000000,20251006_105918
1187,9,6.800000000000005,0.14705882352941166,1.7394957983193263e-12,1.1828571428571428e-11,1.3582429188204766e-05,0.7859527639499435,1.0065662862101696e-07,1295.800832271576,0.07,0.001,1000000,20251006_112054
1188,9,6.900000000000006,0.14492753623188395,1.714285714285713e-12,1.1828571428571428e-11,1.3284022576570152e-05,0.7799895407984327,1.0065662862101696e-07,1282.5393931865692,0.07,0.001,1000000,20251006_114216
1189,9,7.000000000000005,0.14285714285714274,1.6897959183673454e-12,1.1828571428571428e-11,1.300718247311331e-05,0.774803111648508,1.0065662862101696e-07,1332.9821829795837,0.07,0.001,1000000,20251006_120429
1190,9,7.100000000000005,0.1408450704225351,1.6659959758551295e-12,1.1828571428571428e-11,1.2756492821480542e-05,0.7707254873646172,1.0065662862101696e-07,1373.1412115097046,0.07,0.001,1000000,20251006_122722
1191,9,7.2000000000000055,0.13888888888888878,1.6428571428571414e-12,1.1828571428571428e-11,1.2506578657409616e-05,0.7662687219712108,1.0065662862101696e-07,1291.047587633133,0.07,0.001,1000000,20251006_064316
1192,9,7.300000000000006,0.1369863013698629,1.6203522504892353e-12,1.1828571428571428e-11,1.228354037858446e-05,0.7630561574899088,1.0065662862101696e-07,1290.9276373386383,0.07,0.001,1000000,20251006_070446
1193,9,7.400000000000006,0.13513513513513503,1.5984555984555972e-12,1.1828571428571428e-11,1.2071350583586518e-05,0.7601471406651131,1.0065662862101696e-07,1287.937465429306,0.07,0.001,1000000,20251006_072614
1194,9,7.500000000000005,0.13333333333333325,1.577142857142856e-12,1.1828571428571428e-11,1.1863926340065088e-05,0.7571811406877929,1.0065662862101696e-07,1283.601298570633,0.07,0.001,1000000,20251006_074738
1195,9,7.600000000000006,0.13157894736842096,1.5563909774436078e-12,1.1828571428571428e-11,1.1652274839409692e-05,0.753588730658764,1.0065662862101696e-07,1293.935337305069,0.07,0.001,1000000,20251006_080912
1196,9,7.700000000000006,0.12987012987012977,1.5361781076066777e-12,1.1828571428571428e-11,1.1448440567041502e-05,0.7501483224766352,1.0065662862101696e-07,1284.7183187007904,0.07,0.001,1000000,20251006_083037
1197,9,7.800000000000006,0.1282051282051281,1.5164835164835153e-12,1.1828571428571428e-11,1.1260869132410026e-05,0.747440450153545,1.0065662862101696e-07,1286.367735862732,0.07,0.001,1000000,20251006_085203
1198,9,7.900000000000006,0.12658227848101256,1.497287522603977e-12,1.1828571428571428e-11,1.1066893440646781e-05,0.7439828130713583,1.0065662862101696e-07,1281.969848871231,0.07,0.001,1000000,20251006_091325
1199,9,8.000000000000007,0.12499999999999989,1.478571428571427e-12,1.1828571428571428e-11,1.0879745320319255e-05,0.7406598443855424,1.0065662862101696e-07,1292.267545223236,0.07,0.001,1000000,20251006_093457
1200,9,8.100000000000007,0.12345679012345669,1.460317460317459e-12,1.1828571428571428e-11,1.068723787147371e-05,0.7366489565765659,1.0065662862101696e-07,1278.5500056743622,0.07,0.001,1000000,20251006_095616
1201,9,8.200000000000006,0.12195121951219502,1.4425087108013924e-12,1.1828571428571428e-11,1.0505895927298245e-05,0.7330895520884735,1.0065662862101696e-07,1291.6012573242188,0.07,0.001,1000000,20251006_101748
1202,9,8.300000000000006,0.12048192771084329,1.4251290877796891e-12,1.1828571428571428e-11,1.0320986696447918e-05,0.7289695605928259,1.0065662862101696e-07,1289.3287434577942,0.07,0.001,1000000,20251006_103917
1203,9,8.400000000000006,0.11904761904761897,1.4081632653061214e-12,1.1828571428571428e-11,1.0139453697378082e-05,0.7247762034291624,1.0065662862101696e-07,1275.7717254161835,0.07,0.001,1000000,20251006_110033
1204,9,8.500000000000007,0.11764705882352931,1.391596638655461e-12,1.1828571428571428e-11,9.943647257275017e-06,0.7192414679019156,1.0065662862101696e-07,1304.1147944927216,0.07,0.001,1000000,20251006_112217
1205,9,8.600000000000007,0.11627906976744178,1.3754152823920255e-12,1.1828571428571428e-11,9.759178747942848e-06,0.714203225348356,1.0065662862101696e-07,1282.3597757816315,0.07,0.001,1000000,20251006_114339
1206,9,8.700000000000006,0.1149425287356321,1.3596059113300481e-12,1.1828571428571428e-11,9.56551596716549e-06,0.7081703457242872,1.0065662862101696e-07,1348.3751137256622,0.07,0.001,1000000,20251006_120608
1207,9,8.800000000000008,0.11363636363636354,1.3441558441558428e-12,1.1828571428571428e-11,9.36619683871409e-06,0.7013842932609246,1.0065662862101696e-07,1379.652000427246,0.07,0.001,1000000,20251006_122907
1208,9,8.900000000000007,0.11235955056179765,1.3290529695024064e-12,1.1828571428571428e-11,9.162459723734054e-06,0.693924415978858,1.0065662862101696e-07,1281.8712077140808,0.07,0.001,1000000,20251006_070902
1209,9,9.000000000000007,0.11111111111111102,1.314285714285713e-12,1.1828571428571428e-11,8.975251222354917e-06,0.6873836634219953,1.0065662862101696e-07,1286.8827047348022,0.07,0.001,1000000,20251006_073029
1210,9,9.100000000000007,0.1098901098901098,1.2998430141287273e-12,1.1828571428571428e-11,8.798661358096595e-06,0.6813465772846888,1.0065662862101696e-07,1280.974998474121,0.07,0.001,1000000,20251006_075150
1211,9,9.200000000000006,0.10869565217391297,1.2857142857142847e-12,1.1828571428571428e-11,8.633670157677048e-06,0.6759169905426216,1.0065662862101696e-07,1276.8165621757507,0.07,0.001,1000000,20251006_081307
1212,9,9.300000000000008,0.10752688172043001,1.2718894009216577e-12,1.1828571428571428e-11,8.494940679621996e-06,0.6722849396548662,1.0065662862101696e-07,1290.2944667339325,0.07,0.001,1000000,20251006_083437
1213,9,9.400000000000007,0.10638297872340417,1.2583586626139806e-12,1.1828571428571428e-11,8.351299013215332e-06,0.6680238538113447,1.0065662862101696e-07,1286.0967843532562,0.07,0.001,1000000,20251006_085603
1214,9,9.500000000000007,0.10526315789473677,1.2451127819548862e-12,1.1828571428571428e-11,8.227942610781084e-06,0.6651581894357583,1.0065662862101696e-07,1300.500212430954,0.07,0.001,1000000,20251006_091744
1215,9,9.600000000000009,0.10416666666666657,1.232142857142856e-12,1.1828571428571428e-11,8.092783988976599e-06,0.6611184310051842,1.0065662862101696e-07,1293.225222826004,0.07,0.001,1000000,20251006_093917
1216,9,9.700000000000008,0.10309278350515455,1.2194403534609708e-12,1.1828571428571428e-11,7.973670119871644e-06,0.6581730297217918,1.0065662862101696e-07,1296.5633811950684,0.07,0.001,1000000,20251006_100054
1217,9,9.800000000000008,0.10204081632653053,1.206997084548104e-12,1.1828571428571428e-11,7.844758603473644e-06,0.6542078381796658,1.0065662862101696e-07,1293.2447378635406,0.07,0.001,1000000,20251006_102227
1218,9,9.900000000000007,0.10101010101010094,1.194805194805194e-12,1.1828571428571428e-11,7.718660267143626e-06,0.650260246054881,1.0065662862101696e-07,1276.276029586792,0.07,0.001,1000000,20251006_104343
1219,9,10.000000000000007,0.09999999999999992,1.1828571428571418e-12,1.1828571428571428e-11,7.6062509551502336e-06,0.6472629279149388,1.0065662862101696e-07,1287.4423594474792,0.07,0.001,1000000,20251006_110511
1220,9,10.100000000000009,0.09900990099009893,1.1711456859971702e-12,1.1828571428571428e-11,7.483145103686578e-06,0.6431549606722295,1.0065662862101696e-07,1278.24267911911,0.07,0.001,1000000,20251006_112629
1221,9,10.200000000000008,0.09803921568627443,1.1596638655462173e-12,1.1828571428571428e-11,7.368085578702396e-06,0.6395358825757602,1.0065662862101696e-07,1293.3226504325867,0.07,0.001,1000000,20251006_114802
1222,9,10.300000000000008,0.09708737864077663,1.1484049930651862e-12,1.1828571428571428e-11,7.243001255917879e-06,0.6348423177546236,1.0065662862101696e-07,1348.642742395401,0.07,0.001,1000000,20251006_121031
1223,9,10.40000000000001,0.09615384615384606,1.1373626373626361e-12,1.1828571428571428e-11,7.1255657245981634e-06,0.630612787244955,1.0065662862101696e-07,1370.2230334281921,0.07,0.001,1000000,20251006_123321
1224,9,10.500000000000009,0.09523809523809516,1.126530612244897e-12,1.1828571428571428e-11,7.005877933473927e-06,0.6259821487749875,1.0065662862101696e-07,1372.2112333774567,0.07,0.001,1000000,20251006_125614
1225,9,10.600000000000009,0.09433962264150936,1.1159029649595678e-12,1.1828571428571428e-11,6.8642935023141976e-06,0.6191726910889017,1.0065662862101696e-07,1467.0414814949036,0.07,0.001,1000000,20251006_071749
1226,9,10.700000000000008,0.09345794392523357,1.1054739652870486e-12,1.1828571428571428e-11,6.7493194560403825e-06,0.614545220660042,1.0065662862101696e-07,1465.7668244838715,0.07,0.001,1000000,20251006_074215
1227,9,10.800000000000008,0.09259259259259253,1.0952380952380945e-12,1.1828571428571428e-11,6.6152351354230284e-06,0.6079657648524591,1.0065662862101696e-07,1458.1983852386475,0.07,0.001,1000000,20251006_080633
1228,9,10.90000000000001,0.09174311926605497,1.0851900393184786e-12,1.1828571428571428e-11,6.475348192469047e-06,0.6006198864582886,1.0065662862101696e-07,1465.5919740200043,0.07,0.001,1000000,20251006_083059
1229,9,11.000000000000009,0.09090909090909084,1.0753246753246744e-12,1.1828571428571428e-11,6.324855950628736e-06,0.5920432136569772,1.0065662862101696e-07,1475.5286734104156,0.07,0.001,1000000,20251006_085534
1230,9,11.100000000000009,0.09009009009009002,1.0656370656370647e-12,1.1828571428571428e-11,6.156628570678139e-06,0.5815352107950715,1.0065662862101696e-07,1475.9267966747284,0.07,0.001,1000000,20251006_092010
1231,9,11.20000000000001,0.0892857142857142,1.0561224489795909e-12,1.1828571428571428e-11,6.028722555286868e-06,0.5745838353241798,1.0065662862101696e-07,1466.545330286026,0.07,0.001,1000000,20251006_094437
1232,9,11.30000000000001,0.08849557522123887,1.0467762326169397e-12,1.1828571428571428e-11,5.893121331797046e-06,0.5666748124671634,1.0065662862101696e-07,1466.8178460597992,0.07,0.001,1000000,20251006_100904
1233,9,11.40000000000001,0.08771929824561396,1.037593984962405e-12,1.1828571428571428e-11,5.7976497193380574e-06,0.5624279661714678,1.0065662862101696e-07,1465.1958725452423,0.07,0.001,1000000,20251006_103329
1234,9,11.500000000000009,0.08695652173913036,1.0285714285714276e-12,1.1828571428571428e-11,5.688181210667357e-06,0.5566488896608806,1.0065662862101696e-07,1464.2967014312744,0.07,0.001,1000000,20251006_105753
1235,9,11.600000000000009,0.08620689655172407,1.019704433497536e-12,1.1828571428571428e-11,5.597369585311845e-06,0.5525251564032466,1.0065662862101696e-07,1465.6979568004608,0.07,0.001,1000000,20251006_112219
1236,9,11.70000000000001,0.0854700854700854,1.0109890109890102e-12,1.1828571428571428e-11,5.511752274669223e-06,0.5487640278302256,1.0065662862101696e-07,1460.8709695339203,0.07,0.001,1000000,20251006_114640
1237,9,11.80000000000001,0.08474576271186433,1.0024213075060524e-12,1.1828571428571428e-11,5.422658602400708e-06,0.5445081115029224,1.0065662862101696e-07,1398.933575630188,0.07,0.001,1000000,20251006_120959
1238,9,11.90000000000001,0.08403361344537809,9.93997599039615e-13,1.1828571428571428e-11,5.3329180602351746e-06,0.540035059615886,1.0065662862101696e-07,1381.3984792232513,0.07,0.001,1000000,20251006_123300
1239,9,12.00000000000001,0.08333333333333326,9.857142857142848e-13,1.1828571428571428e-11,5.257642951659933e-06,0.5368864200072453,1.0065662862101696e-07,1377.745377779007,0.07,0.001,1000000,20251006_125558
1240,9,12.10000000000001,0.08264462809917349,9.77567886658795e-13,1.1828571428571428e-11,5.176989818283582e-06,0.5330559121523578,1.0065662862101696e-07,1374.2509622573853,0.07,0.001,1000000,20251006_131852
1241,9,12.20000000000001,0.08196721311475404,9.69555035128805e-13,1.1828571428571428e-11,5.094598423388733e-06,0.5289076771264793,1.0065662862101696e-07,1383.7094571590424,0.07,0.001,1000000,20251006_134156
1242,9,12.30000000000001,0.08130081300813002,9.61672473867595e-13,1.1828571428571428e-11,5.01853596801936e-06,0.5252816576131828,1.0065662862101696e-07,1294.4138033390045,0.07,0.001,1000000,20251006_072927
1243,9,12.40000000000001,0.08064516129032252,9.539170506912434e-13,1.1828571428571428e-11,4.939849007817196e-06,0.5212492497785258,1.0065662862101696e-07,1297.6343121528625,0.07,0.001,1000000,20251006_075105
1244,9,12.50000000000001,0.07999999999999993,9.462857142857135e-13,1.1828571428571428e-11,4.850808542996087e-06,0.5159816180809326,1.0065662862101696e-07,1293.8114650249481,0.07,0.001,1000000,20251006_081239
1245,9,12.60000000000001,0.0793650793650793,9.387755102040808e-13,1.1828571428571428e-11,4.773536989165559e-06,0.5118243229658511,1.0065662862101696e-07,1298.502182006836,0.07,0.001,1000000,20251006_083417
1246,9,12.70000000000001,0.0787401574803149,9.313835770528677e-13,1.1828571428571428e-11,4.675729067402583e-06,0.505316108062877,1.0065662862101696e-07,1303.16654920578,0.07,0.001,1000000,20251006_085600
1247,9,12.800000000000011,0.07812499999999993,9.241071428571419e-13,1.1828571428571428e-11,4.597214145562402e-06,0.5007428851923674,1.0065662862101696e-07,1302.177976846695,0.07,0.001,1000000,20251006_091743
1248,9,12.900000000000011,0.07751937984496117,9.169435215946836e-13,1.1828571428571428e-11,4.492900701255019e-06,0.4932040269294109,1.0065662862101696e-07,1303.890453338623,0.07,0.001,1000000,20251006_093926
1249,9,13.00000000000001,0.07692307692307686,9.09890109890109e-13,1.1828571428571428e-11,4.4027680556468395e-06,0.4870563865511671,1.0065662862101696e-07,1295.9215242862701,0.07,0.001,1000000,20251006_100102
1250,9,13.10000000000001,0.07633587786259537,9.029443838604137e-13,1.1828571428571428e-11,4.285482161061582e-06,0.4777284116921349,1.0065662862101696e-07,1294.665375471115,0.07,0.001,1000000,20251006_102237
1251,9,13.20000000000001,0.0757575757575757,8.961038961038954e-13,1.1828571428571428e-11,4.165427656285747e-06,0.4678898356199714,1.0065662862101696e-07,1315.4627709388733,0.07,0.001,1000000,20251006_104433
1252,9,13.300000000000011,0.07518796992481197,8.893662728249186e-13,1.1828571428571428e-11,4.054781129332924e-06,0.4589117113451847,1.0065662862101696e-07,1308.5524506568909,0.07,0.001,1000000,20251006_110621
1253,9,13.400000000000011,0.07462686567164173,8.827292110874192e-13,1.1828571428571428e-11,3.914536725383797e-06,0.446370262183685,1.0065662862101696e-07,1306.193701505661,0.07,0.001,1000000,20251006_112807
1254,9,13.50000000000001,0.07407407407407401,8.761904761904755e-13,1.1828571428571428e-11,3.795422396234552e-06,0.43601754752995164,1.0065662862101696e-07,1300.8383462429047,0.07,0.001,1000000,20251006_114948
1255,9,13.600000000000012,0.07352941176470582,8.697478991596631e-13,1.1828571428571428e-11,3.67730850607385e-06,0.4255778909939432,1.0065662862101696e-07,1384.0590693950653,0.07,0.001,1000000,20251006_121252
1256,9,13.700000000000012,0.07299270072992695,8.633993743482787e-13,1.1828571428571428e-11,3.586350190812908e-06,0.4181030586616476,1.0065662862101696e-07,1392.992152929306,0.07,0.001,1000000,20251006_123605
1257,9,13.800000000000011,0.07246376811594198,8.571428571428565e-13,1.1828571428571428e-11,3.5112948051025683e-06,0.4123409467054682,1.0065662862101696e-07,1383.4007301330566,0.07,0.001,1000000,20251006_125909
1258,9,13.900000000000011,0.07194244604316541,8.50976361767728e-13,1.1828571428571428e-11,3.4402568597377846e-06,0.40692629390104,1.0065662862101696e-07,1388.6683115959167,0.07,0.001,1000000,20251006_132217
1259,9,14.00000000000001,0.07142857142857137,8.448979591836727e-13,1.1828571428571428e-11,3.388954282033158e-06,0.4037419061939767,1.0065662862101696e-07,1476.2540967464447,0.07,0.001,1000000,20251006_082231
1260,9,14.100000000000012,0.07092198581560277,8.38905775075987e-13,1.1828571428571428e-11,3.315896066266232e-06,0.39785984171800337,1.0065662862101696e-07,1478.324892282486,0.07,0.001,1000000,20251006_084709
1261,9,14.200000000000012,0.07042253521126755,8.329979879275648e-13,1.1828571428571428e-11,3.2730235822955425e-06,0.39550097835242454,1.0065662862101696e-07,1480.9609735012054,0.07,0.001,1000000,20251006_091150
1262,9,14.300000000000011,0.06993006993006988,8.271728271728265e-13,1.1828571428571428e-11,3.2153690288288773e-06,0.39127035558039,1.0065662862101696e-07,1483.8424541950226,0.07,0.001,1000000,20251006_093634
1263,9,14.400000000000013,0.06944444444444438,8.214285714285706e-13,1.1828571428571428e-11,3.156814487853995e-06,0.38683132603574955,1.0065662862101696e-07,1486.005639076233,0.07,0.001,1000000,20251006_100120
1264,9,14.500000000000012,0.06896551724137925,8.157635467980289e-13,1.1828571428571428e-11,3.1085391722359382e-06,0.3835609892618854,1.0065662862101696e-07,1485.7137582302094,0.07,0.001,1000000,20251006_102606
1265,9,14.600000000000012,0.06849315068493145,8.101761252446176e-13,1.1828571428571428e-11,3.0518520528945838e-06,0.37916340549006955,1.0065662862101696e-07,1490.209673166275,0.07,0.001,1000000,20251006_105056
1266,9,14.700000000000012,0.06802721088435369,8.046647230320693e-13,1.1828571428571428e-11,2.9995684235978388e-06,0.37522018325809453,1.0065662862101696e-07,1469.1624901294708,0.07,0.001,1000000,20251006_111525
1267,9,14.800000000000011,0.06756756756756752,7.992277992277986e-13,1.1828571428571428e-11,2.9329193403936765e-06,0.3693787592306463,1.0065662862101696e-07,1484.495927810669,0.07,0.001,1000000,20251006_114010
1268,9,14.900000000000013,0.06711409395973149,7.938638542665381e-13,1.1828571428571428e-11,2.870492073439695e-06,0.36395920162247786,1.0065662862101696e-07,1425.3813543319702,0.07,0.001,1000000,20251006_120355
1269,9,15.000000000000012,0.06666666666666661,7.885714285714279e-13,1.1828571428571428e-11,2.7996829055473347e-06,0.357363495898916,1.0065662862101696e-07,1392.068520307541,0.07,0.001,1000000,20251006_122707
1270,10,1.0,1.0,1.1828571428571428e-11,1.1828571428571428e-11,0.00011630436198339725,0.9897057342774154,1.0065662862101696e-07,1573.4768552780151,0.07,0.001,1000000,20251006_125321
1271,10,1.1,0.9090909090909091,1.0753246753246752e-11,1.1828571428571428e-11,0.00010546047674463328,0.9871712502714445,1.0065662862101696e-07,1566.538892030716,0.07,0.001,1000000,20251006_131927
1272,10,1.2000000000000002,0.8333333333333333,9.857142857142855e-12,1.1828571428571428e-11,9.638895405004914e-05,0.9842798558969343,1.0065662862101696e-07,1576.6601469516754,0.07,0.001,1000000,20251006_134544
1273,10,1.3000000000000003,0.769230769230769,9.098901098901096e-12,1.1828571428571428e-11,8.872539116853412e-05,0.9815249831855188,1.0065662862101696e-07,1570.9910821914673,0.07,0.001,1000000,20251006_141155
1274,10,1.4000000000000004,0.7142857142857141,8.448979591836732e-12,1.1828571428571428e-11,8.21479311328067e-05,0.9786665603984792,1.0065662862101696e-07,1574.3166718482971,0.07,0.001,1000000,20251006_143809
1275,10,1.5000000000000004,0.6666666666666665,7.885714285714283e-12,1.1828571428571428e-11,7.649738763710569e-05,0.9764453616859216,1.0065662862101696e-07,1574.4685084819794,0.07,0.001,1000000,20251006_150424
1276,10,1.6000000000000005,0.6249999999999998,7.39285714285714e-12,1.1828571428571428e-11,7.15516152688742e-05,0.9742031025598207,1.0065662862101696e-07,1648.7671067714691,0.07,0.001,1000000,20251006_083252
1277,10,1.7000000000000006,0.5882352941176469,6.957983193277308e-12,1.1828571428571428e-11,6.716593334657854e-05,0.9716459814652344,1.0065662862101696e-07,1649.3535695075989,0.07,0.001,1000000,20251006_090022
1278,10,1.8000000000000007,0.5555555555555554,6.571428571428569e-12,1.1828571428571428e-11,6.338407330388484e-05,0.9708736932446779,1.0065662862101696e-07,1656.5884544849396,0.07,0.001,1000000,20251006_092758
1279,10,1.9000000000000008,0.526315789473684,6.225563909774433e-12,1.1828571428571428e-11,5.9955376446414166e-05,0.9693750073507217,1.0065662862101696e-07,1648.9690492153168,0.07,0.001,1000000,20251006_095527
1280,10,2.000000000000001,0.4999999999999998,5.9142857142857115e-12,1.1828571428571428e-11,5.6627961381369816e-05,0.9637646799108417,1.0065662862101696e-07,1661.2580225467682,0.07,0.001,1000000,20251006_102309
1281,10,2.100000000000001,0.47619047619047594,5.632653061224486e-12,1.1828571428571428e-11,5.390046762566419e-05,0.9632120589220506,1.0065662862101696e-07,1643.9140388965607,0.07,0.001,1000000,20251006_105033
1282,10,2.200000000000001,0.4545454545454543,5.3766233766233736e-12,1.1828571428571428e-11,5.1447993569928375e-05,0.9631661396593862,1.0065662862101696e-07,1654.2060606479645,0.07,0.001,1000000,20251006_111807
1283,10,2.300000000000001,0.43478260869565194,5.14285714285714e-12,1.1828571428571428e-11,4.890980662472093e-05,0.9572687135958903,1.0065662862101696e-07,1655.8209011554718,0.07,0.001,1000000,20251006_114543
1284,10,2.4000000000000012,0.41666666666666646,4.928571428571426e-12,1.1828571428571428e-11,4.6923514479411965e-05,0.958322880980568,1.0065662862101696e-07,1579.0871131420135,0.07,0.001,1000000,20251006_121202
1285,10,2.5000000000000013,0.3999999999999998,4.731428571428569e-12,1.1828571428571428e-11,4.4858871754561783e-05,0.9543296969171887,1.0065662862101696e-07,1557.7065439224243,0.07,0.001,1000000,20251006_123759
1286,10,2.6000000000000014,0.3846153846153844,4.549450549450547e-12,1.1828571428571428e-11,4.3058472802118874e-05,0.9526690440353256,1.0065662862101696e-07,1556.5127098560333,0.07,0.001,1000000,20251006_130356
1287,10,2.7000000000000015,0.3703703703703702,4.380952380952379e-12,1.1828571428571428e-11,4.130715948274955e-05,0.9490720395687946,1.0065662862101696e-07,1555.3162388801575,0.07,0.001,1000000,20251006_132951
1288,10,2.8000000000000016,0.35714285714285693,4.224489795918364e-12,1.1828571428571428e-11,3.970347746268762e-05,0.9460120343493176,1.0065662862101696e-07,1560.351461648941,0.07,0.001,1000000,20251006_135552
1289,10,2.9000000000000017,0.34482758620689635,4.078817733990145e-12,1.1828571428571428e-11,3.8195545952169936e-05,0.9425856055900551,1.0065662862101696e-07,1561.8276953697205,0.07,0.001,1000000,20251006_142154
1290,10,3.0000000000000018,0.33333333333333315,3.942857142857141e-12,1.1828571428571428e-11,3.6805785337805194e-05,0.939609560179939,1.0065662862101696e-07,1552.896939277649,0.07,0.001,1000000,20251006_144746
1291,10,3.100000000000002,0.32258064516129015,3.815668202764975e-12,1.1828571428571428e-11,3.5508296598302626e-05,0.9367023634471963,1.0065662862101696e-07,1559.069901227951,0.07,0.001,1000000,20251006_151346
1292,10,3.200000000000002,0.31249999999999983,3.696428571428569e-12,1.1828571428571428e-11,3.4297629684918296e-05,0.9339511658524418,1.0065662862101696e-07,1559.1283671855927,0.07,0.001,1000000,20251006_153945
1293,10,3.300000000000002,0.3030303030303028,3.5844155844155817e-12,1.1828571428571428e-11,3.31709739530623e-05,0.9314986857851204,1.0065662862101696e-07,1656.4327931404114,0.07,0.001,1000000,20251006_083304
1294,10,3.400000000000002,0.2941176470588234,3.4789915966386535e-12,1.1828571428571428e-11,3.210750316092075e-05,0.9289568347159775,1.0065662862101696e-07,1642.1669025421143,0.07,0.001,1000000,20251006_090027
1295,10,3.500000000000002,0.28571428571428553,3.3795918367346915e-12,1.1828571428571428e-11,3.1122902167282954e-05,0.9269540691302046,1.0065662862101696e-07,1653.7423446178436,0.07,0.001,1000000,20251006_092800
1296,10,3.6000000000000023,0.2777777777777776,3.2857142857142837e-12,1.1828571428571428e-11,3.0183965390798778e-05,0.9246744940242976,1.0065662862101696e-07,1646.7053179740906,0.07,0.001,1000000,20251006_095527
1297,10,3.7000000000000024,0.2702702702702701,3.1969111969111947e-12,1.1828571428571428e-11,2.9303003810558308e-05,0.9226223033312321,1.0065662862101696e-07,1648.6333148479462,0.07,0.001,1000000,20251006_102256
1298,10,3.8000000000000025,0.2631578947368419,3.1127819548872156e-12,1.1828571428571428e-11,2.845489565807598e-05,0.9201331497722971,1.0065662862101696e-07,1657.5300107002258,0.07,0.001,1000000,20251006_105033
1299,10,3.9000000000000026,0.2564102564102562,3.0329670329670305e-12,1.1828571428571428e-11,2.764306718439801e-05,0.917404613133498,1.0065662862101696e-07,1658.167989730835,0.07,0.001,1000000,20251006_111812
1300,10,4.000000000000003,0.24999999999999983,2.957142857142855e-12,1.1828571428571428e-11,2.686909585941146e-05,0.914583005947971,1.0065662862101696e-07,1663.9891183376312,0.07,0.001,1000000,20251006_114556
1301,10,4.100000000000003,0.24390243902439004,2.885017421602785e-12,1.1828571428571428e-11,2.612490621382037e-05,0.9114832246186243,1.0065662862101696e-07,1587.4912853240967,0.07,0.001,1000000,20251006_121223
1302,10,4.200000000000003,0.23809523809523794,2.8163265306122427e-12,1.1828571428571428e-11,2.5410783361091156e-05,0.9081914884317182,1.0065662862101696e-07,1559.280457496643,0.07,0.001,1000000,20251006_123822
1303,10,4.3000000000000025,0.23255813953488358,2.7508305647840515e-12,1.1828571428571428e-11,2.472463085297013e-05,0.9047078425764556,1.0065662862101696e-07,1559.7136216163635,0.07,0.001,1000000,20251006_130422
1304,10,4.400000000000003,0.22727272727272713,2.6883116883116864e-12,1.1828571428571428e-11,2.4064018757984033e-05,0.9010127098665321,1.0065662862101696e-07,1565.9537699222565,0.07,0.001,1000000,20251006_133028
1305,10,4.5000000000000036,0.22222222222222204,2.628571428571426e-12,1.1828571428571428e-11,2.3440777065982167e-05,0.8976243011973014,1.0065662862101696e-07,1559.8108434677124,0.07,0.001,1000000,20251006_135628
1306,10,4.600000000000003,0.21739130434782594,2.5714285714285694e-12,1.1828571428571428e-11,2.2843838567888707e-05,0.894204801391393,1.0065662862101696e-07,1563.0776479244232,0.07,0.001,1000000,20251006_142231
1307,10,4.700000000000003,0.21276595744680837,2.5167173252279616e-12,1.1828571428571428e-11,2.2293275461862486e-05,0.8916241511976187,1.0065662862101696e-07,1560.3842012882233,0.07,0.001,1000000,20251006_144831
1308,10,4.800000000000003,0.20833333333333318,2.4642857142857122e-12,1.1828571428571428e-11,2.1759772551531773e-05,0.8888033282423965,1.0065662862101696e-07,1566.3970153331757,0.07,0.001,1000000,20251006_151438
1309,10,4.900000000000004,0.20408163265306106,2.413994169096208e-12,1.1828571428571428e-11,2.1247774657947366e-05,0.8859712215331479,1.0065662862101696e-07,1572.9961483478546,0.07,0.001,1000000,20251006_154051
1310,10,5.0000000000000036,0.19999999999999984,2.3657142857142835e-12,1.1828571428571428e-11,2.0760035290489038e-05,0.8832998874853708,1.0065662862101696e-07,1459.1792333126068,0.07,0.001,1000000,20251006_083049
1311,10,5.100000000000003,0.1960784313725489,2.3193277310924355e-12,1.1828571428571428e-11,2.0293571235521047e-05,0.880721786690259,1.0065662862101696e-07,1468.4906423091888,0.07,0.001,1000000,20251006_085518
1312,10,5.200000000000004,0.19230769230769218,2.274725274725273e-12,1.1828571428571428e-11,1.9848323055625952e-05,0.8782886024781167,1.0065662862101696e-07,1462.754715204239,0.07,0.001,1000000,20251006_091940
1313,10,5.300000000000004,0.18867924528301872,2.2318059299191357e-12,1.1828571428571428e-11,1.9414977017501944e-05,0.8756344380745867,1.0065662862101696e-07,1468.1366791725159,0.07,0.001,1000000,20251006_094409
1314,10,5.400000000000004,0.18518518518518506,2.190476190476189e-12,1.1828571428571428e-11,1.9003676075486946e-05,0.8732557667054852,1.0065662862101696e-07,1463.652487039566,0.07,0.001,1000000,20251006_100832
1315,10,5.5000000000000036,0.1818181818181817,2.1506493506493493e-12,1.1828571428571428e-11,1.85944610391305e-05,0.8702747189627243,1.0065662862101696e-07,1464.3905634880066,0.07,0.001,1000000,20251006_103257
1316,10,5.600000000000004,0.17857142857142844,2.1122448979591817e-12,1.1828571428571428e-11,1.820437086454842e-05,0.8675085920020633,1.0065662862101696e-07,1456.2883763313293,0.07,0.001,1000000,20251006_105713
1317,10,5.700000000000005,0.17543859649122792,2.07518796992481e-12,1.1828571428571428e-11,1.7822774440298775e-05,0.8644905492095293,1.0065662862101696e-07,1471.414898633957,0.07,0.001,1000000,20251006_112144
1318,10,5.800000000000004,0.17241379310344815,2.039408866995072e-12,1.1828571428571428e-11,1.7451466257130266e-05,0.8613308426595238,1.0065662862101696e-07,1468.8039679527283,0.07,0.001,1000000,20251006_114613
1319,10,5.900000000000004,0.1694915254237287,2.004842615012105e-12,1.1828571428571428e-11,1.7084328070868104e-05,0.8577485599080817,1.0065662862101696e-07,1545.407678604126,0.07,0.001,1000000,20251006_121159
1320,10,6.000000000000004,0.16666666666666655,1.97142857142857e-12,1.1828571428571428e-11,1.6726900861830437e-05,0.8540372562470183,1.0065662862101696e-07,1570.22309923172,0.07,0.001,1000000,20251006_123809
1321,10,6.100000000000005,0.16393442622950807,1.93911007025761e-12,1.1828571428571428e-11,1.6370417598190793e-05,0.8497666377098144,1.0065662862101696e-07,1572.552083492279,0.07,0.001,1000000,20251006_130421
1322,10,6.200000000000005,0.16129032258064505,1.907834101382487e-12,1.1828571428571428e-11,1.603865019809161e-05,0.8461933117779246,1.0065662862101696e-07,1563.4246599674225,0.07,0.001,1000000,20251006_133025
1323,10,6.300000000000004,0.1587301587301586,1.8775510204081617e-12,1.1828571428571428e-11,1.5706358636394638e-05,0.8420272424386072,1.0065662862101696e-07,1578.8823232650757,0.07,0.001,1000000,20251006_135644
1324,10,6.400000000000005,0.1562499999999999,1.848214285714284e-12,1.1828571428571428e-11,1.539429245034713e-05,0.838397143683511,1.0065662862101696e-07,1559.0804393291473,0.07,0.001,1000000,20251006_142243
1325,10,6.500000000000005,0.15384615384615372,1.819780219780218e-12,1.1828571428571428e-11,1.5101155344699347e-05,0.8352829472249499,1.0065662862101696e-07,1564.9010002613068,0.07,0.001,1000000,20251006_144848
1326,10,6.600000000000005,0.1515151515151514,1.7922077922077908e-12,1.1828571428571428e-11,1.4811110143628463e-05,0.8318435059115835,1.0065662862101696e-07,1563.443046092987,0.07,0.001,1000000,20251006_151451
1327,10,6.700000000000005,0.14925373134328349,1.7654584221748389e-12,1.1828571428571428e-11,1.4547015410784461e-05,0.8293899812966156,1.0065662862101696e-07,1642.4925949573517,0.07,0.001,1000000,20251006_083451
1328,10,6.800000000000005,0.14705882352941166,1.7394957983193263e-12,1.1828571428571428e-11,1.4277085430966924e-05,0.826149328675503,1.0065662862101696e-07,1640.9826049804688,0.07,0.001,1000000,20251006_090212
1329,10,6.900000000000006,0.14492753623188395,1.714285714285713e-12,1.1828571428571428e-11,1.402687984629265e-05,0.8236074206499462,1.0065662862101696e-07,1658.8288066387177,0.07,0.001,1000000,20251006_092951
1330,10,7.000000000000005,0.14285714285714274,1.6897959183673454e-12,1.1828571428571428e-11,1.3779204122250865e-05,0.8207903788563169,1.0065662862101696e-07,1647.207406759262,0.07,0.001,1000000,20251006_095718
1331,10,7.100000000000005,0.1408450704225351,1.6659959758551295e-12,1.1828571428571428e-11,1.3544821158596804e-05,0.8183549377417744,1.0065662862101696e-07,1663.2495274543762,0.07,0.001,1000000,20251006_102502
1332,10,7.2000000000000055,0.13888888888888878,1.6428571428571414e-12,1.1828571428571428e-11,1.3308906373899093e-05,0.8154267411831421,1.0065662862101696e-07,1660.1466109752655,0.07,0.001,1000000,20251006_105242
1333,10,7.300000000000006,0.1369863013698629,1.6203522504892353e-12,1.1828571428571428e-11,1.3078150838829777e-05,0.8124175293589817,1.0065662862101696e-07,1663.0180439949036,0.07,0.001,1000000,20251006_112025
1334,10,7.400000000000006,0.13513513513513503,1.5984555984555972e-12,1.1828571428571428e-11,1.2855182049898407e-05,0.8095059297877217,1.0065662862101696e-07,1662.9198093414307,0.07,0.001,1000000,20251006_114808
1335,10,7.500000000000005,0.13333333333333325,1.577142857142856e-12,1.1828571428571428e-11,1.2627347696843493e-05,0.8059043236528453,1.0065662862101696e-07,1571.6837022304535,0.07,0.001,1000000,20251006_121420
1336,10,7.600000000000006,0.13157894736842096,1.5563909774436078e-12,1.1828571428571428e-11,1.2410686037557791e-05,0.8026375335754975,1.0065662862101696e-07,1560.2069962024689,0.07,0.001,1000000,20251006_124020
1337,10,7.700000000000006,0.12987012987012977,1.5361781076066777e-12,1.1828571428571428e-11,1.2197521764842347e-05,0.7992311648636403,1.0065662862101696e-07,1562.0199437141418,0.07,0.001,1000000,20251006_130622
1338,10,7.800000000000006,0.1282051282051281,1.5164835164835153e-12,1.1828571428571428e-11,1.198366415106142e-05,0.7954159863006305,1.0065662862101696e-07,1563.2917680740356,0.07,0.001,1000000,20251006_133225
1339,10,7.900000000000006,0.12658227848101256,1.497287522603977e-12,1.1828571428571428e-11,1.1771557910454812e-05,0.7913545761890644,1.0065662862101696e-07,1568.3173751831055,0.07,0.001,1000000,20251006_135834
1340,10,8.000000000000007,0.12499999999999989,1.478571428571427e-12,1.1828571428571428e-11,1.155139131856216e-05,0.7863834533391173,1.0065662862101696e-07,1574.6100931167603,0.07,0.001,1000000,20251006_142448
1341,10,8.100000000000007,0.12345679012345669,1.460317460317459e-12,1.1828571428571428e-11,1.134851120914541e-05,0.7822291448409252,1.0065662862101696e-07,1570.300402879715,0.07,0.001,1000000,20251006_145058
1342,10,8.200000000000006,0.12195121951219502,1.4425087108013924e-12,1.1828571428571428e-11,1.114024594181761e-05,0.7773537796450193,1.0065662862101696e-07,1562.3897194862366,0.07,0.001,1000000,20251006_151701
1343,10,8.300000000000006,0.12048192771084329,1.4251290877796891e-12,1.1828571428571428e-11,1.0945742818015285e-05,0.7730959807512185,1.0065662862101696e-07,1572.611808538437,0.07,0.001,1000000,20251006_154314
1344,10,8.400000000000006,0.11904761904761897,1.4081632653061214e-12,1.1828571428571428e-11,1.0760758350997596e-05,0.7691875535337211,1.0065662862101696e-07,1662.8102765083313,0.07,0.001,1000000,20251006_083635
1345,10,8.500000000000007,0.11764705882352931,1.391596638655461e-12,1.1828571428571428e-11,1.0576336251572938e-05,0.7650049739083553,1.0065662862101696e-07,1653.6315586566925,0.07,0.001,1000000,20251006_090409
1346,10,8.600000000000007,0.11627906976744178,1.3754152823920255e-12,1.1828571428571428e-11,1.041562999657417e-05,0.7622441118989044,1.0065662862101696e-07,1652.3127994537354,0.07,0.001,1000000,20251006_093141
1347,10,8.700000000000006,0.1149425287356321,1.3596059113300481e-12,1.1828571428571428e-11,1.0251690781746255e-05,0.7589703921971541,1.0065662862101696e-07,1654.4837682247162,0.07,0.001,1000000,20251006_095915
1348,10,8.800000000000008,0.11363636363636354,1.3441558441558428e-12,1.1828571428571428e-11,1.009671333978795e-05,0.7560887596141512,1.0065662862101696e-07,1654.2382094860077,0.07,0.001,1000000,20251006_102650
1349,10,8.900000000000007,0.11235955056179765,1.3290529695024064e-12,1.1828571428571428e-11,9.942152865470201e-06,0.752974946549865,1.0065662862101696e-07,1659.9868013858795,0.07,0.001,1000000,20251006_105430
1350,10,9.000000000000007,0.11111111111111102,1.314285714285713e-12,1.1828571428571428e-11,9.79212140403208e-06,0.7499449448959765,1.0065662862101696e-07,1674.9983303546906,0.07,0.001,1000000,20251006_112225
1351,10,9.100000000000007,0.1098901098901098,1.2998430141287273e-12,1.1828571428571428e-11,9.645505673383786e-06,0.7469241068918454,1.0065662862101696e-07,1673.182856798172,0.07,0.001,1000000,20251006_115018
1352,10,9.200000000000006,0.10869565217391297,1.2857142857142847e-12,1.1828571428571428e-11,9.498375160116346e-06,0.7436134385516077,1.0065662862101696e-07,1578.3062665462494,0.07,0.001,1000000,20251006_121636
1353,10,9.300000000000008,0.10752688172043001,1.2718894009216577e-12,1.1828571428571428e-11,9.356626795315567e-06,0.7404783055814976,1.0065662862101696e-07,1569.660957813263,0.07,0.001,1000000,20251006_124246
1354,10,9.400000000000007,0.10638297872340417,1.2583586626139806e-12,1.1828571428571428e-11,9.213497229181775e-06,0.7369914448493066,1.0065662862101696e-07,1573.213837146759,0.07,0.001,1000000,20251006_130859
1355,10,9.500000000000007,0.10526315789473677,1.2451127819548862e-12,1.1828571428571428e-11,9.080017071019268e-06,0.7340410599231934,1.0065662862101696e-07,1574.3787655830383,0.07,0.001,1000000,20251006_133513
1356,10,9.600000000000009,0.10416666666666657,1.232142857142856e-12,1.1828571428571428e-11,8.93802219879435e-06,0.7301679150716689,1.0065662862101696e-07,1559.6604480743408,0.07,0.001,1000000,20251006_140113
1357,10,9.700000000000008,0.10309278350515455,1.2194403534609708e-12,1.1828571428571428e-11,8.796643218246618e-06,0.7261039435160669,1.0065662862101696e-07,1566.6584990024567,0.07,0.001,1000000,20251006_142720
1358,10,9.800000000000008,0.10204081632653053,1.206997084548104e-12,1.1828571428571428e-11,8.669414665624787e-06,0.7229794201914777,1.0065662862101696e-07,1561.1294717788696,0.07,0.001,1000000,20251006_145321
1359,10,9.900000000000007,0.10101010101010094,1.194805194805194e-12,1.1828571428571428e-11,8.521967464927727e-06,0.7179350390901821,1.0065662862101696e-07,1561.3062341213226,0.07,0.001,1000000,20251006_151922
1360,10,10.000000000000007,0.09999999999999992,1.1828571428571418e-12,1.1828571428571428e-11,8.375961985329383e-06,0.7127623990709414,1.0065662862101696e-07,1567.0052201747894,0.07,0.001,1000000,20251006_154529
1361,10,10.100000000000009,0.09900990099009893,1.1711456859971702e-12,1.1828571428571428e-11,8.237410187332757e-06,0.7079818915264642,1.0065662862101696e-07,1670.1552135944366,0.07,0.001,1000000,20251006_083817
1362,10,10.200000000000008,0.09803921568627443,1.1596638655462173e-12,1.1828571428571428e-11,8.08118014257769e-06,0.7014311410383091,1.0065662862101696e-07,1674.416595697403,0.07,0.001,1000000,20251006_090612
1363,10,10.300000000000008,0.09708737864077663,1.1484049930651862e-12,1.1828571428571428e-11,7.945973206880851e-06,0.6964571548777284,1.0065662862101696e-07,1675.8054103851318,0.07,0.001,1000000,20251006_093408
1364,10,10.40000000000001,0.09615384615384606,1.1373626373626361e-12,1.1828571428571428e-11,7.80775482926731e-06,0.6909865441297546,1.0065662862101696e-07,1673.2602951526642,0.07,0.001,1000000,20251006_100201
1365,10,10.500000000000009,0.09523809523809516,1.126530612244897e-12,1.1828571428571428e-11,7.681237660818583e-06,0.6863262109087773,1.0065662862101696e-07,1668.7395279407501,0.07,0.001,1000000,20251006_102950
1366,10,10.600000000000009,0.09433962264150936,1.1159029649595678e-12,1.1828571428571428e-11,7.559883781647519e-06,0.6819162939090452,1.0065662862101696e-07,1682.9809374809265,0.07,0.001,1000000,20251006_105753
1367,10,10.700000000000008,0.09345794392523357,1.1054739652870486e-12,1.1828571428571428e-11,7.442077170848591e-06,0.6776228310004068,1.0065662862101696e-07,1673.136059999466,0.07,0.001,1000000,20251006_112546
1368,10,10.800000000000008,0.09259259259259253,1.0952380952380945e-12,1.1828571428571428e-11,7.338591265256445e-06,0.6744449985806742,1.0065662862101696e-07,1677.9741442203522,0.07,0.001,1000000,20251006_115344
1369,10,10.90000000000001,0.09174311926605497,1.0851900393184786e-12,1.1828571428571428e-11,7.232327641298558e-06,0.6708333942254869,1.0065662862101696e-07,1581.908459186554,0.07,0.001,1000000,20251006_122006
1370,10,11.000000000000009,0.09090909090909084,1.0753246753246744e-12,1.1828571428571428e-11,7.129927590946437e-06,0.6674025901990477,1.0065662862101696e-07,1572.350299358368,0.07,0.001,1000000,20251006_124618
1371,10,11.100000000000009,0.09009009009009002,1.0656370656370647e-12,1.1828571428571428e-11,7.029419377699145e-06,0.6639762059134525,1.0065662862101696e-07,1569.0054240226746,0.07,0.001,1000000,20251006_131227
1372,10,11.20000000000001,0.0892857142857142,1.0561224489795909e-12,1.1828571428571428e-11,6.931544338290904e-06,0.6606297261303109,1.0065662862101696e-07,1566.9909558296204,0.07,0.001,1000000,20251006_133834
1373,10,11.30000000000001,0.08849557522123887,1.0467762326169397e-12,1.1828571428571428e-11,6.837524507038303e-06,0.6574873822569047,1.0065662862101696e-07,1573.6010539531708,0.07,0.001,1000000,20251006_140448
1374,10,11.40000000000001,0.08771929824561396,1.037593984962405e-12,1.1828571428571428e-11,6.735993579758961e-06,0.6534563750154344,1.0065662862101696e-07,1576.6295297145844,0.07,0.001,1000000,20251006_143104
1375,10,11.500000000000009,0.08695652173913036,1.0285714285714276e-12,1.1828571428571428e-11,6.650462776256895e-06,0.650818351776822,1.0065662862101696e-07,1573.214205980301,0.07,0.001,1000000,20251006_145718
1376,10,11.600000000000009,0.08620689655172407,1.019704433497536e-12,1.1828571428571428e-11,6.551740414530006e-06,0.6467326021763815,1.0065662862101696e-07,1574.7353336811066,0.07,0.001,1000000,20251006_152332
1377,10,11.70000000000001,0.0854700854700854,1.0109890109890102e-12,1.1828571428571428e-11,6.458053568425322e-06,0.6429801833510603,1.0065662862101696e-07,1573.9829268455505,0.07,0.001,1000000,20251006_154946
1378,10,11.80000000000001,0.08474576271186433,1.0024213075060524e-12,1.1828571428571428e-11,6.3557425142638675e-06,0.6382023297775961,1.0065662862101696e-07,1676.7082500457764,0.07,0.001,1000000,20251006_085233
1379,10,11.90000000000001,0.08403361344537809,9.93997599039615e-13,1.1828571428571428e-11,6.2653555578349795e-06,0.6344578378991497,1.0065662862101696e-07,1667.4210340976715,0.07,0.001,1000000,20251006_092020
1380,10,12.00000000000001,0.08333333333333326,9.857142857142848e-13,1.1828571428571428e-11,6.166944777845318e-06,0.6297401582042431,1.0065662862101696e-07,1674.8936433792114,0.07,0.001,1000000,20251006_094815
1381,10,12.10000000000001,0.08264462809917349,9.77567886658795e-13,1.1828571428571428e-11,6.077247024785964e-06,0.6257521397340775,1.0065662862101696e-07,1666.9144494533539,0.07,0.001,1000000,20251006_101602
1382,10,12.20000000000001,0.08196721311475404,9.69555035128805e-13,1.1828571428571428e-11,5.9706997294257235e-06,0.6198621878051205,1.0065662862101696e-07,1678.8846468925476,0.07,0.001,1000000,20251006_104401
1383,10,12.30000000000001,0.08130081300813002,9.61672473867595e-13,1.1828571428571428e-11,5.8712545079690805e-06,0.6145342625554683,1.0065662862101696e-07,1680.3877348899841,0.07,0.001,1000000,20251006_111201
1384,10,12.40000000000001,0.08064516129032252,9.539170506912434e-13,1.1828571428571428e-11,5.754533352298917e-06,0.6072141452025362,1.0065662862101696e-07,1682.07510304451,0.07,0.001,1000000,20251006_114003
1385,10,12.50000000000001,0.07999999999999993,9.462857142857135e-13,1.1828571428571428e-11,5.6494562556278565e-06,0.6009339585799974,1.0065662862101696e-07,1624.8868556022644,0.07,0.001,1000000,20251006_120708
1386,10,12.60000000000001,0.0793650793650793,9.387755102040808e-13,1.1828571428571428e-11,5.530606496429834e-06,0.5929982174749127,1.0065662862101696e-07,1591.3185849189758,0.07,0.001,1000000,20251006_123340
1387,10,12.70000000000001,0.0787401574803149,9.313835770528677e-13,1.1828571428571428e-11,5.43199629014497e-06,0.5870475352141928,1.0065662862101696e-07,1588.746388912201,0.07,0.001,1000000,20251006_130008
1388,10,12.800000000000011,0.07812499999999993,9.241071428571419e-13,1.1828571428571428e-11,5.331310290993344e-06,0.5807029240838593,1.0065662862101696e-07,1579.5253648757935,0.07,0.001,1000000,20251006_132628
1389,10,12.900000000000011,0.07751937984496117,9.169435215946836e-13,1.1828571428571428e-11,5.2419447930426175e-06,0.575429650637082,1.0065662862101696e-07,1586.239563703537,0.07,0.001,1000000,20251006_135254
1390,10,13.00000000000001,0.07692307692307686,9.09890109890109e-13,1.1828571428571428e-11,5.156163723331926e-06,0.5704008114466301,1.0065662862101696e-07,1582.6781497001648,0.07,0.001,1000000,20251006_141917
1391,10,13.10000000000001,0.07633587786259537,9.029443838604137e-13,1.1828571428571428e-11,5.0838212630847915e-06,0.566724061858789,1.0065662862101696e-07,1584.2129797935486,0.07,0.001,1000000,20251006_144541
1392,10,13.20000000000001,0.0757575757575757,8.961038961038954e-13,1.1828571428571428e-11,5.006134989409109e-06,0.5623239365954151,1.0065662862101696e-07,1565.4503676891327,0.07,0.001,1000000,20251006_151147
1393,10,13.300000000000011,0.07518796992481197,8.893662728249186e-13,1.1828571428571428e-11,4.932347556276426e-06,0.558232857903341,1.0065662862101696e-07,1579.673310995102,0.07,0.001,1000000,20251006_153806
1394,10,13.400000000000011,0.07462686567164173,8.827292110874192e-13,1.1828571428571428e-11,4.8615538910005056e-06,0.5543575746458858,1.0065662862101696e-07,1582.6440498828888,0.07,0.001,1000000,20251006_160429
1395,10,13.50000000000001,0.07407407407407401,8.761904761904755e-13,1.1828571428571428e-11,4.795786778210533e-06,0.550939255558606,1.0065662862101696e-07,1468.3463063240051,0.07,0.001,1000000,20251006_085935
1396,10,13.600000000000012,0.07352941176470582,8.697478991596631e-13,1.1828571428571428e-11,4.726127135212791e-06,0.5469585201924076,1.0065662862101696e-07,1480.919778585434,0.07,0.001,1000000,20251006_092416
1397,10,13.700000000000012,0.07299270072992695,8.633993743482787e-13,1.1828571428571428e-11,4.663676537592242e-06,0.5436996727120786,1.0065662862101696e-07,1482.8732204437256,0.07,0.001,1000000,20251006_094859
1398,10,13.800000000000011,0.07246376811594198,8.571428571428565e-13,1.1828571428571428e-11,4.588792805485049e-06,0.5388744821139206,1.0065662862101696e-07,1477.8724727630615,0.07,0.001,1000000,20251006_101337
1399,10,13.900000000000011,0.07194244604316541,8.50976361767728e-13,1.1828571428571428e-11,4.52769676743991e-06,0.5355527045217408,1.0065662862101696e-07,1476.924777507782,0.07,0.001,1000000,20251006_103814
1400,10,14.00000000000001,0.07142857142857137,8.448979591836727e-13,1.1828571428571428e-11,4.453335313838642e-06,0.5305465754030414,1.0065662862101696e-07,1484.2061159610748,0.07,0.001,1000000,20251006_110258
1401,10,14.100000000000012,0.07092198581560277,8.38905775075987e-13,1.1828571428571428e-11,4.394215390113547e-06,0.5272426531613194,1.0065662862101696e-07,1481.773443698883,0.07,0.001,1000000,20251006_112740
1402,10,14.200000000000012,0.07042253521126755,8.329979879275648e-13,1.1828571428571428e-11,4.3173068651765555e-06,0.5216885995753835,1.0065662862101696e-07,1469.9642474651337,0.07,0.001,1000000,20251006_115210
1403,10,14.300000000000011,0.06993006993006988,8.271728271728265e-13,1.1828571428571428e-11,4.249258174998038e-06,0.517081785069606,1.0065662862101696e-07,1581.3917860984802,0.07,0.001,1000000,20251006_121831
1404,10,14.400000000000013,0.06944444444444438,8.214285714285706e-13,1.1828571428571428e-11,4.180161818814074e-06,0.5122307774617155,1.0065662862101696e-07,1572.4607326984406,0.07,0.001,1000000,20251006_124444
1405,10,14.500000000000012,0.06896551724137925,8.157635467980289e-13,1.1828571428571428e-11,4.103420304484288e-06,0.5063188411465965,1.0065662862101696e-07,1579.0186400413513,0.07,0.001,1000000,20251006_131103
1406,10,14.600000000000012,0.06849315068493145,8.101761252446176e-13,1.1828571428571428e-11,4.031872186684024e-06,0.5009215264396086,1.0065662862101696e-07,1577.50568151474,0.07,0.001,1000000,20251006_133720
1407,10,14.700000000000012,0.06802721088435369,8.046647230320693e-13,1.1828571428571428e-11,3.941674267804804e-06,0.4930695127585887,1.0065662862101696e-07,1579.256985425949,0.07,0.001,1000000,20251006_140340
1408,10,14.800000000000011,0.06756756756756752,7.992277992277986e-13,1.1828571428571428e-11,3.8543323923202524e-06,0.4854236859260656,1.0065662862101696e-07,1581.9282054901123,0.07,0.001,1000000,20251006_143002
1409,10,14.900000000000013,0.06711409395973149,7.938638542665381e-13,1.1828571428571428e-11,3.7428779168634287e-06,0.4745718934383379,1.0065662862101696e-07,1571.7323541641235,0.07,0.001,1000000,20251006_145613
1410,10,15.000000000000012,0.06666666666666661,7.885714285714279e-13,1.1828571428571428e-11,3.6350318658072082e-06,0.463991008658484,1.0065662862101696e-07,1574.424324274063,0.07,0.001,1000000,20251006_152228
1411,11,1.0,1.0,1.1828571428571428e-11,1.1828571428571428e-11,0.00011653324692440553,0.9916534577741315,1.0065662862101696e-07,1760.4831547737122,0.07,0.001,1000000,20251006_155148
1412,11,1.1,0.9090909090909091,1.0753246753246752e-11,1.1828571428571428e-11,0.0001057725801706777,0.9900927194209566,1.0065662862101696e-07,1652.6283421516418,0.07,0.001,1000000,20251006_090408
1413,11,1.2000000000000002,0.8333333333333333,9.857142857142855e-12,1.1828571428571428e-11,9.680353764780829e-05,0.9885133937320655,1.0065662862101696e-07,1646.791311264038,0.07,0.001,1000000,20251006_093135
1414,11,1.3000000000000003,0.769230769230769,9.098901098901096e-12,1.1828571428571428e-11,8.924159922597871e-05,0.98723553681882,1.0065662862101696e-07,1661.0819628238678,0.07,0.001,1000000,20251006_095916
1415,11,1.4000000000000004,0.7142857142857141,8.448979591836732e-12,1.1828571428571428e-11,8.270547437137172e-05,0.9853088326509323,1.0065662862101696e-07,1670.6041071414948,0.07,0.001,1000000,20251006_102707
1416,11,1.5000000000000004,0.6666666666666665,7.885714285714283e-12,1.1828571428571428e-11,7.710293143947206e-05,0.9841747816750492,1.0065662862101696e-07,1662.9372651576996,0.07,0.001,1000000,20251006_105450
1417,11,1.6000000000000005,0.6249999999999998,7.39285714285714e-12,1.1828571428571428e-11,7.214465162171139e-05,0.9822775234194162,1.0065662862101696e-07,1659.5641033649445,0.07,0.001,1000000,20251006_112229
1418,11,1.7000000000000006,0.5882352941176469,6.957983193277308e-12,1.1828571428571428e-11,6.774976185856571e-05,0.9800918497688877,1.0065662862101696e-07,1654.5017521381378,0.07,0.001,1000000,20251006_115004
1419,11,1.8000000000000007,0.5555555555555554,6.571428571428569e-12,1.1828571428571428e-11,6.397509738195013e-05,0.9799265940690969,1.0065662862101696e-07,1755.6432180404663,0.07,0.001,1000000,20251006_121920
1420,11,1.9000000000000008,0.526315789473684,6.225563909774433e-12,1.1828571428571428e-11,6.032517537264355e-05,0.9753540180429868,1.0065662862101696e-07,1768.5829327106476,0.07,0.001,1000000,20251006_124848
1421,11,2.000000000000001,0.4999999999999998,5.9142857142857115e-12,1.1828571428571428e-11,5.7141976882997204e-05,0.9725128314125151,1.0065662862101696e-07,1767.9074897766113,0.07,0.001,1000000,20251006_131816
1422,11,2.100000000000001,0.47619047619047594,5.632653061224486e-12,1.1828571428571428e-11,5.4440907383229305e-05,0.9728698246992025,1.0065662862101696e-07,1767.2311799526215,0.07,0.001,1000000,20251006_134743
1423,11,2.200000000000001,0.4545454545454543,5.3766233766233736e-12,1.1828571428571428e-11,5.1821497524856183e-05,0.9701585671080167,1.0065662862101696e-07,1773.813509464264,0.07,0.001,1000000,20251006_141717
1424,11,2.300000000000001,0.43478260869565194,5.14285714285714e-12,1.1828571428571428e-11,4.936160176341793e-05,0.9661113032742301,1.0065662862101696e-07,1773.069666147232,0.07,0.001,1000000,20251006_144650
1425,11,2.4000000000000012,0.41666666666666646,4.928571428571426e-12,1.1828571428571428e-11,4.729894040884494e-05,0.9659902362986967,1.0065662862101696e-07,1758.9295873641968,0.07,0.001,1000000,20251006_151609
1426,11,2.5000000000000013,0.3999999999999998,4.731428571428569e-12,1.1828571428571428e-11,4.526798891481412e-05,0.963033274164593,1.0065662862101696e-07,1769.7629806995392,0.07,0.001,1000000,20251006_154539
1427,11,2.6000000000000014,0.3846153846153844,4.549450549450547e-12,1.1828571428571428e-11,4.345690160085916e-05,0.9614842842914402,1.0065662862101696e-07,1758.655509710312,0.07,0.001,1000000,20251006_161458
1428,11,2.7000000000000015,0.3703703703703702,4.380952380952379e-12,1.1828571428571428e-11,4.1769811742934764e-05,0.9597019238233259,1.0065662862101696e-07,1666.159093618393,0.07,0.001,1000000,20251006_164244
1429,11,2.8000000000000016,0.35714285714285693,4.224489795918364e-12,1.1828571428571428e-11,4.018667009433969e-05,0.9575250320428155,1.0065662862101696e-07,1653.7874200344086,0.07,0.001,1000000,20251006_090537
1430,11,2.9000000000000017,0.34482758620689635,4.078817733990145e-12,1.1828571428571428e-11,3.87160930602371e-05,0.955431611553946,1.0065662862101696e-07,1661.7135546207428,0.07,0.001,1000000,20251006_093319
1431,11,3.0000000000000018,0.33333333333333315,3.942857142857141e-12,1.1828571428571428e-11,3.734364960052048e-05,0.9533406189982198,1.0065662862101696e-07,1657.6248939037323,0.07,0.001,1000000,20251006_100057
1432,11,3.100000000000002,0.32258064516129015,3.815668202764975e-12,1.1828571428571428e-11,3.605115163646815e-05,0.9510227799687584,1.0065662862101696e-07,1663.2569017410278,0.07,0.001,1000000,20251006_102840
1433,11,3.200000000000002,0.31249999999999983,3.696428571428569e-12,1.1828571428571428e-11,3.4841269535779235e-05,0.9487549023549292,1.0065662862101696e-07,1670.9623968601227,0.07,0.001,1000000,20251006_105631
1434,11,3.300000000000002,0.3030303030303028,3.5844155844155817e-12,1.1828571428571428e-11,3.369930539191505e-05,0.9463351521983975,1.0065662862101696e-07,1676.7146809101105,0.07,0.001,1000000,20251006_112428
1435,11,3.400000000000002,0.2941176470588234,3.4789915966386535e-12,1.1828571428571428e-11,3.263139756308156e-05,0.9441145155582885,1.0065662862101696e-07,1675.6939265727997,0.07,0.001,1000000,20251006_115224
1436,11,3.500000000000002,0.28571428571428553,3.3795918367346915e-12,1.1828571428571428e-11,3.1621534939453907e-05,0.9418051802085096,1.0065662862101696e-07,1775.4548647403717,0.07,0.001,1000000,20251006_122159
1437,11,3.6000000000000023,0.2777777777777776,3.2857142857142837e-12,1.1828571428571428e-11,3.067063164462018e-05,0.9395833327466011,1.0065662862101696e-07,1777.222244977951,0.07,0.001,1000000,20251006_125136
1438,11,3.7000000000000024,0.2702702702702701,3.1969111969111947e-12,1.1828571428571428e-11,2.9763261457289148e-05,0.9371137859416125,1.0065662862101696e-07,1773.0198905467987,0.07,0.001,1000000,20251006_132109
1439,11,3.8000000000000025,0.2631578947368419,3.1127819548872156e-12,1.1828571428571428e-11,2.8915892721066246e-05,0.9350402042455269,1.0065662862101696e-07,1779.8497099876404,0.07,0.001,1000000,20251006_135049
1440,11,3.9000000000000026,0.2564102564102562,3.0329670329670305e-12,1.1828571428571428e-11,2.8090384832495782e-05,0.9322499727733479,1.0065662862101696e-07,1779.9391446113586,0.07,0.001,1000000,20251006_142029
1441,11,4.000000000000003,0.24999999999999983,2.957142857142855e-12,1.1828571428571428e-11,2.732086672462739e-05,0.9299605965476256,1.0065662862101696e-07,1765.6049511432648,0.07,0.001,1000000,20251006_144955
1442,11,4.100000000000003,0.24390243902439004,2.885017421602785e-12,1.1828571428571428e-11,2.6578620228686026e-05,0.9273130503772191,1.0065662862101696e-07,1782.026683807373,0.07,0.001,1000000,20251006_151937
1443,11,4.200000000000003,0.23809523809523794,2.8163265306122427e-12,1.1828571428571428e-11,2.5881511672620054e-05,0.925015505220944,1.0065662862101696e-07,1777.4817695617676,0.07,0.001,1000000,20251006_154914
1444,11,4.3000000000000025,0.23255813953488358,2.7508305647840515e-12,1.1828571428571428e-11,2.5213529854421122e-05,0.9225973214313998,1.0065662862101696e-07,1759.7768049240112,0.07,0.001,1000000,20251006_161834
1445,11,4.400000000000003,0.22727272727272713,2.6883116883116864e-12,1.1828571428571428e-11,2.45865563035126e-05,0.9205777282717598,1.0065662862101696e-07,1666.5564110279083,0.07,0.001,1000000,20251006_164621
1446,11,4.5000000000000036,0.22222222222222204,2.628571428571426e-12,1.1828571428571428e-11,2.3985062141093413e-05,0.9184667634084994,1.0065662862101696e-07,1680.3382394313812,0.07,0.001,1000000,20251006_091057
1447,11,4.600000000000003,0.21739130434782594,2.5714285714285694e-12,1.1828571428571428e-11,2.3405055695967082e-05,0.9161732218501248,1.0065662862101696e-07,1661.6109080314636,0.07,0.001,1000000,20251006_093839
1448,11,4.700000000000003,0.21276595744680837,2.5167173252279616e-12,1.1828571428571428e-11,2.285689001000936e-05,0.914166031324376,1.0065662862101696e-07,1659.8388254642487,0.07,0.001,1000000,20251006_100618
1449,11,4.800000000000003,0.20833333333333318,2.4642857142857122e-12,1.1828571428571428e-11,2.2321486699908154e-05,0.9117471987913845,1.0065662862101696e-07,1664.1245415210724,0.07,0.001,1000000,20251006_103403
1450,11,4.900000000000004,0.20408163265306106,2.413994169096208e-12,1.1828571428571428e-11,2.1806197021671907e-05,0.9092558314127717,1.0065662862101696e-07,1667.0795617103577,0.07,0.001,1000000,20251006_110150
1451,11,5.0000000000000036,0.19999999999999984,2.3657142857142835e-12,1.1828571428571428e-11,2.1306211427748887e-05,0.9065386399170606,1.0065662862101696e-07,1672.1809599399567,0.07,0.001,1000000,20251006_112942
1452,11,5.100000000000003,0.1960784313725489,2.3193277310924355e-12,1.1828571428571428e-11,2.0825948929223073e-05,0.903826474778405,1.0065662862101696e-07,1684.693864107132,0.07,0.001,1000000,20251006_115747
1453,11,5.200000000000004,0.19230769230769218,2.274725274725273e-12,1.1828571428571428e-11,2.0365478635855714e-05,0.901172744909233,1.0065662862101696e-07,1771.7966389656067,0.07,0.001,1000000,20251006_122718
1454,11,5.300000000000004,0.18867924528301872,2.2318059299191357e-12,1.1828571428571428e-11,1.9918140069656426e-05,0.8983275834765106,1.0065662862101696e-07,1773.0072252750397,0.07,0.001,1000000,20251006_125651
1455,11,5.400000000000004,0.18518518518518506,2.190476190476189e-12,1.1828571428571428e-11,1.948932784666257e-05,0.8955724073441296,1.0065662862101696e-07,1782.3913221359253,0.07,0.001,1000000,20251006_132634
1456,11,5.5000000000000036,0.1818181818181817,2.1506493506493493e-12,1.1828571428571428e-11,1.9078097890325406e-05,0.8929103266239478,1.0065662862101696e-07,1767.3892560005188,0.07,0.001,1000000,20251006_135601
1457,11,5.600000000000004,0.17857142857142844,2.1122448979591817e-12,1.1828571428571428e-11,1.8685328197276476e-05,0.8904280667607608,1.0065662862101696e-07,1776.4799749851227,0.07,0.001,1000000,20251006_142538
1458,11,5.700000000000005,0.17543859649122792,2.07518796992481e-12,1.1828571428571428e-11,1.8303840091852858e-05,0.8878245542888674,1.0065662862101696e-07,1778.1115515232086,0.07,0.001,1000000,20251006_145516
1459,11,5.800000000000004,0.17241379310344815,2.039408866995072e-12,1.1828571428571428e-11,1.793174340894973e-05,0.8850352992244703,1.0065662862101696e-07,1787.8979470729828,0.07,0.001,1000000,20251006_152504
1460,11,5.900000000000004,0.1694915254237287,2.004842615012105e-12,1.1828571428571428e-11,1.7585063659783234e-05,0.8828888656025774,1.0065662862101696e-07,1773.7188901901245,0.07,0.001,1000000,20251006_155438
1461,11,6.000000000000004,0.16666666666666655,1.97142857142857e-12,1.1828571428571428e-11,1.724632294817205e-05,0.8805577585873873,1.0065662862101696e-07,1726.9199302196503,0.07,0.001,1000000,20251006_162324
1462,11,6.100000000000005,0.16393442622950807,1.93911007025761e-12,1.1828571428571428e-11,1.692361160230987e-05,0.8784822038254553,1.0065662862101696e-07,1681.8351228237152,0.07,0.001,1000000,20251006_165126
1463,11,6.200000000000005,0.16129032258064505,1.907834101382487e-12,1.1828571428571428e-11,1.6602461685048646e-05,0.8759397993859266,1.0065662862101696e-07,1666.4581711292267,0.07,0.001,1000000,20251006_094305
1464,11,6.300000000000004,0.1587301587301586,1.8775510204081617e-12,1.1828571428571428e-11,1.6292569828975925e-05,0.8734543736663437,1.0065662862101696e-07,1666.1492493152618,0.07,0.001,1000000,20251006_101051
1465,11,6.400000000000005,0.1562499999999999,1.848214285714284e-12,1.1828571428571428e-11,1.599142212911379e-05,0.8709177560274275,1.0065662862101696e-07,1660.1815581321716,0.07,0.001,1000000,20251006_103831
1466,11,6.500000000000005,0.15384615384615372,1.819780219780218e-12,1.1828571428571428e-11,1.5695321095525902e-05,0.8681477518151983,1.0065662862101696e-07,1667.565800666809,0.07,0.001,1000000,20251006_110619
1467,11,6.600000000000005,0.1515151515151514,1.7922077922077908e-12,1.1828571428571428e-11,1.541491428468743e-05,0.8657552484286353,1.0065662862101696e-07,1673.1934759616852,0.07,0.001,1000000,20251006_113412
1468,11,6.700000000000005,0.14925373134328349,1.7654584221748389e-12,1.1828571428571428e-11,1.5131426601222434e-05,0.8627098598159952,1.0065662862101696e-07,1712.6130540370941,0.07,0.001,1000000,20251006_120245
1469,11,6.800000000000005,0.14705882352941166,1.7394957983193263e-12,1.1828571428571428e-11,1.4862522950794736e-05,0.8600259077802372,1.0065662862101696e-07,1786.4547839164734,0.07,0.001,1000000,20251006_123231
1470,11,6.900000000000006,0.14492753623188395,1.714285714285713e-12,1.1828571428571428e-11,1.4592278376196044e-05,0.8568055680609032,1.0065662862101696e-07,1783.6037111282349,0.07,0.001,1000000,20251006_130215
1471,11,7.000000000000005,0.14285714285714274,1.6897959183673454e-12,1.1828571428571428e-11,1.4337782014102014e-05,0.8540633716507928,1.0065662862101696e-07,1780.5584292411804,0.07,0.001,1000000,20251006_133155
1472,11,7.100000000000005,0.1408450704225351,1.6659959758551295e-12,1.1828571428571428e-11,1.4077235689599298e-05,0.8505225134719879,1.0065662862101696e-07,1775.5113620758057,0.07,0.001,1000000,20251006_140131
1473,11,7.2000000000000055,0.13888888888888878,1.6428571428571414e-12,1.1828571428571428e-11,1.3831540007943183e-05,0.8474481131177334,1.0065662862101696e-07,1777.4047570228577,0.07,0.001,1000000,20251006_143108
1474,11,7.300000000000006,0.1369863013698629,1.6203522504892353e-12,1.1828571428571428e-11,1.3593966810081715e-05,0.8444601278985394,1.0065662862101696e-07,1784.6813340187073,0.07,0.001,1000000,20251006_150053
1475,11,7.400000000000006,0.13513513513513503,1.5984555984555972e-12,1.1828571428571428e-11,1.3359893044361299e-05,0.8412881745868142,1.0065662862101696e-07,1778.8149900436401,0.07,0.001,1000000,20251006_153032
1476,11,7.500000000000005,0.13333333333333325,1.577142857142856e-12,1.1828571428571428e-11,1.3142615050304512e-05,0.8387897876442422,1.0065662862101696e-07,1789.5695519447327,0.07,0.001,1000000,20251006_160021
1477,11,7.600000000000006,0.13157894736842096,1.5563909774436078e-12,1.1828571428571428e-11,1.2930464858896253e-05,0.8362532410312619,1.0065662862101696e-07,1714.3512783050537,0.07,0.001,1000000,20251006_162856
1478,11,7.700000000000006,0.12987012987012977,1.5361781076066777e-12,1.1828571428571428e-11,1.2729702855843432e-05,0.8341018313382983,1.0065662862101696e-07,1669.3056418895721,0.07,0.001,1000000,20251006_165645
1479,11,7.800000000000006,0.1282051282051281,1.5164835164835153e-12,1.1828571428571428e-11,1.2519937728010727e-05,0.8310111574235062,1.0065662862101696e-07,1683.594524383545,0.07,0.001,1000000,20251006_172449
1480,11,7.900000000000006,0.12658227848101256,1.497287522603977e-12,1.1828571428571428e-11,1.232610392259069e-05,0.8286344781144815,1.0065662862101696e-07,1886.7925634384155,0.07,0.001,1000000,20251006_095923
1481,11,8.000000000000007,0.12499999999999989,1.478571428571427e-12,1.1828571428571428e-11,1.213243960235198e-05,0.8259394464972022,1.0065662862101696e-07,1885.9624664783478,0.07,0.001,1000000,20251006_103049
1482,11,8.100000000000007,0.12345679012345669,1.460317460317459e-12,1.1828571428571428e-11,1.1947395196463361e-05,0.8235089656584016,1.0065662862101696e-07,1894.3881752490997,0.07,0.001,1000000,20251006_110223
1483,11,8.200000000000006,0.12195121951219502,1.4425087108013924e-12,1.1828571428571428e-11,1.1758134738977606e-05,0.8204693620460907,1.0065662862101696e-07,1890.68736410141,0.07,0.001,1000000,20251006_113354
1484,11,8.300000000000006,0.12048192771084329,1.4251290877796891e-12,1.1828571428571428e-11,1.1580982711102437e-05,0.8179628679349938,1.0065662862101696e-07,1837.8237175941467,0.07,0.001,1000000,20251006_120432
1485,11,8.400000000000006,0.11904761904761897,1.4081632653061214e-12,1.1828571428571428e-11,1.1401542043208207e-05,0.8149912807877666,1.0065662862101696e-07,1777.5654244422913,0.07,0.001,1000000,20251006_123409
1486,11,8.500000000000007,0.11764705882352931,1.391596638655461e-12,1.1828571428571428e-11,1.1228649873660763e-05,0.812187963705143,1.0065662862101696e-07,1786.506977558136,0.07,0.001,1000000,20251006_130356
1487,11,8.600000000000007,0.11627906976744178,1.3754152823920255e-12,1.1828571428571428e-11,1.1052155193216605e-05,0.8088267558076813,1.0065662862101696e-07,1777.560861825943,0.07,0.001,1000000,20251006_133334
1488,11,8.700000000000006,0.1149425287356321,1.3596059113300481e-12,1.1828571428571428e-11,1.0884878423233781e-05,0.8058476032665578,1.0065662862101696e-07,1776.6573803424835,0.07,0.001,1000000,20251006_140310
1489,11,8.800000000000008,0.11363636363636354,1.3441558441558428e-12,1.1828571428571428e-11,1.0712499545853717e-05,0.8022016889470096,1.0065662862101696e-07,1769.3637878894806,0.07,0.001,1000000,20251006_143240
1490,11,8.900000000000007,0.11235955056179765,1.3290529695024064e-12,1.1828571428571428e-11,1.0553504247600337e-05,0.799276012376502,1.0065662862101696e-07,1777.4651398658752,0.07,0.001,1000000,20251006_150217
1491,11,9.000000000000007,0.11111111111111102,1.314285714285713e-12,1.1828571428571428e-11,1.0380764541108019e-05,0.7950271009256223,1.0065662862101696e-07,1775.8640608787537,0.07,0.001,1000000,20251006_153153
1492,11,9.100000000000007,0.1098901098901098,1.2998430141287273e-12,1.1828571428571428e-11,1.0218995927324758e-05,0.79133377396799,1.0065662862101696e-07,1775.2975561618805,0.07,0.001,1000000,20251006_160128
1493,11,9.200000000000006,0.10869565217391297,1.2857142857142847e-12,1.1828571428571428e-11,1.0062366524267118e-05,0.7877674702191073,1.0065662862101696e-07,1841.673896074295,0.07,0.001,1000000,20251006_163210
1494,11,9.300000000000008,0.10752688172043001,1.2718894009216577e-12,1.1828571428571428e-11,9.914137581853886e-06,0.7845994030229371,1.0065662862101696e-07,1874.724993467331,0.07,0.001,1000000,20251006_170325
1495,11,9.400000000000007,0.10638297872340417,1.2583586626139806e-12,1.1828571428571428e-11,9.76513287784994e-06,0.7811170079910281,1.0065662862101696e-07,1891.0926151275635,0.07,0.001,1000000,20251006_173456
1496,11,9.500000000000007,0.10526315789473677,1.2451127819548862e-12,1.1828571428571428e-11,9.63287817715517e-06,0.7787351116154058,1.0065662862101696e-07,1886.8746707439423,0.07,0.001,1000000,20251006_180623
1497,11,9.600000000000009,0.10416666666666657,1.232142857142856e-12,1.1828571428571428e-11,9.491603128166499e-06,0.7753912345077766,1.0065662862101696e-07,1894.0346755981445,0.07,0.001,1000000,20251006_100225
1498,11,9.700000000000008,0.10309278350515455,1.2194403534609708e-12,1.1828571428571428e-11,9.358770088248608e-06,0.7725037493213254,1.0065662862101696e-07,1888.6861624717712,0.07,0.001,1000000,20251006_103354
1499,11,9.800000000000008,0.10204081632653053,1.206997084548104e-12,1.1828571428571428e-11,9.233103206052397e-06,0.7699878088596143,1.0065662862101696e-07,1883.1316740512848,0.07,0.001,1000000,20251006_110517
1500,11,9.900000000000007,0.10101010101010094,1.194805194805194e-12,1.1828571428571428e-11,9.100498656255327e-06,0.7666735276105902,1.0065662862101696e-07,1871.099485874176,0.07,0.001,1000000,20251006_113628
1501,11,10.000000000000007,0.09999999999999992,1.1828571428571418e-12,1.1828571428571428e-11,8.979150212395946e-06,0.7640914151968908,1.0065662862101696e-07,1841.6779551506042,0.07,0.001,1000000,20251006_120710
1502,11,10.100000000000009,0.09900990099009893,1.1711456859971702e-12,1.1828571428571428e-11,8.857003311657784e-06,0.7612341519044873,1.0065662862101696e-07,1783.2179090976715,0.07,0.001,1000000,20251006_123653
1503,11,10.200000000000008,0.09803921568627443,1.1596638655462173e-12,1.1828571428571428e-11,8.73767481717218e-06,0.7584136362385092,1.0065662862101696e-07,1787.5863997936249,0.07,0.001,1000000,20251006_130640
1504,11,10.300000000000008,0.09708737864077663,1.1484049930651862e-12,1.1828571428571428e-11,8.618819903767205e-06,0.7554315415238542,1.0065662862101696e-07,1785.1579627990723,0.07,0.001,1000000,20251006_133626
1505,11,10.40000000000001,0.09615384615384606,1.1373626373626361e-12,1.1828571428571428e-11,8.503214402658682e-06,0.7525347379073446,1.0065662862101696e-07,1783.1053938865662,0.07,0.001,1000000,20251006_140609
1506,11,10.500000000000009,0.09523809523809516,1.126530612244897e-12,1.1828571428571428e-11,8.384533471336455e-06,0.7491663898089714,1.0065662862101696e-07,1782.7546203136444,0.07,0.001,1000000,20251006_143551
1507,11,10.600000000000009,0.09433962264150936,1.1159029649595678e-12,1.1828571428571428e-11,8.2762495679662e-06,0.7465338880677764,1.0065662862101696e-07,1785.7021181583405,0.07,0.001,1000000,20251006_150537
1508,11,10.700000000000008,0.09345794392523357,1.1054739652870486e-12,1.1828571428571428e-11,8.153898298998928e-06,0.7424362207234448,1.0065662862101696e-07,1791.3488657474518,0.07,0.001,1000000,20251006_153529
1509,11,10.800000000000008,0.09259259259259253,1.0952380952380945e-12,1.1828571428571428e-11,8.037821379865632e-06,0.7387069579417095,1.0065662862101696e-07,1781.848910331726,0.07,0.001,1000000,20251006_160510
1510,11,10.90000000000001,0.09174311926605497,1.0851900393184786e-12,1.1828571428571428e-11,7.920982469296915e-06,0.7347094627097073,1.0065662862101696e-07,1866.0300929546356,0.07,0.001,1000000,20251006_163616
1511,11,11.000000000000009,0.09090909090909084,1.0753246753246744e-12,1.1828571428571428e-11,7.808389674518746e-06,0.7309105776438255,1.0065662862101696e-07,1902.5293841362,0.07,0.001,1000000,20251006_170759
1512,11,11.100000000000009,0.09009009009009002,1.0656370656370647e-12,1.1828571428571428e-11,7.691015724334102e-06,0.726468455768186,1.0065662862101696e-07,1901.4545874595642,0.07,0.001,1000000,20251006_173940
1513,11,11.20000000000001,0.0892857142857142,1.0561224489795909e-12,1.1828571428571428e-11,7.578847287189294e-06,0.7223226979968842,1.0065662862101696e-07,1898.1429233551025,0.07,0.001,1000000,20251006_181119
1514,11,11.30000000000001,0.08849557522123887,1.0467762326169397e-12,1.1828571428571428e-11,7.466760832601856e-06,0.71799392144223,1.0065662862101696e-07,1887.030827999115,0.07,0.001,1000000,20251006_100630
1515,11,11.40000000000001,0.08771929824561396,1.037593984962405e-12,1.1828571428571428e-11,7.355104893918307e-06,0.7135161464940297,1.0065662862101696e-07,1917.275134563446,0.07,0.001,1000000,20251006_103827
1516,11,11.500000000000009,0.08695652173913036,1.0285714285714276e-12,1.1828571428571428e-11,7.253759668890566e-06,0.7098573544004729,1.0065662862101696e-07,1900.2510826587677,0.07,0.001,1000000,20251006_111007
1517,11,11.600000000000009,0.08620689655172407,1.019704433497536e-12,1.1828571428571428e-11,7.1489199133972305e-06,0.7056811298702238,1.0065662862101696e-07,1900.6364629268646,0.07,0.001,1000000,20251006_114148
1518,11,11.70000000000001,0.0854700854700854,1.0109890109890102e-12,1.1828571428571428e-11,7.05362174235205e-06,0.7022764604122673,1.0065662862101696e-07,1831.8904764652252,0.07,0.001,1000000,20251006_121220
1519,11,11.80000000000001,0.08474576271186433,1.0024213075060524e-12,1.1828571428571428e-11,6.9606633400902595e-06,0.6989445451060132,1.0065662862101696e-07,1792.6400091648102,0.07,0.001,1000000,20251006_124212
1520,11,11.90000000000001,0.08403361344537809,9.93997599039615e-13,1.1828571428571428e-11,6.87211963269441e-06,0.695901473379467,1.0065662862101696e-07,1794.7083568572998,0.07,0.001,1000000,20251006_131207
1521,11,12.00000000000001,0.08333333333333326,9.857142857142848e-13,1.1828571428571428e-11,6.781081594127325e-06,0.6924529973452492,1.0065662862101696e-07,1780.3055341243744,0.07,0.001,1000000,20251006_134147
1522,11,12.10000000000001,0.08264462809917349,9.77567886658795e-13,1.1828571428571428e-11,6.695164119741534e-06,0.6893768274865604,1.0065662862101696e-07,1799.8587393760681,0.07,0.001,1000000,20251006_141147
1523,11,12.20000000000001,0.08196721311475404,9.69555035128805e-13,1.1828571428571428e-11,6.6080993312393085e-06,0.6860353215400309,1.0065662862101696e-07,1791.8848280906677,0.07,0.001,1000000,20251006_144139
1524,11,12.30000000000001,0.08130081300813002,9.61672473867595e-13,1.1828571428571428e-11,6.53246693114446e-06,0.6837422466953267,1.0065662862101696e-07,1786.4578268527985,0.07,0.001,1000000,20251006_151126
1525,11,12.40000000000001,0.08064516129032252,9.539170506912434e-13,1.1828571428571428e-11,6.438933793089511e-06,0.6794315785179375,1.0065662862101696e-07,1778.951768398285,0.07,0.001,1000000,20251006_154105
1526,11,12.50000000000001,0.07999999999999993,9.462857142857135e-13,1.1828571428571428e-11,6.3612757584965815e-06,0.6766503624776694,1.0065662862101696e-07,1790.8260352611542,0.07,0.001,1000000,20251006_161056
1527,11,12.60000000000001,0.0793650793650793,9.387755102040808e-13,1.1828571428571428e-11,6.2771263557736295e-06,0.6730409661655417,1.0065662862101696e-07,1910.1191847324371,0.07,0.001,1000000,20251006_164246
1528,11,12.70000000000001,0.0787401574803149,9.313835770528677e-13,1.1828571428571428e-11,6.1998527232455145e-06,0.6700314332827252,1.0065662862101696e-07,1905.762128353119,0.07,0.001,1000000,20251006_171431
1529,11,12.800000000000011,0.07812499999999993,9.241071428571419e-13,1.1828571428571428e-11,6.116181786043137e-06,0.6661935722225484,1.0065662862101696e-07,1901.4963355064392,0.07,0.001,1000000,20251006_174613
1530,11,12.900000000000011,0.07751937984496117,9.169435215946836e-13,1.1828571428571428e-11,6.042792752507451e-06,0.6633419960970931,1.0065662862101696e-07,1904.4091436862946,0.07,0.001,1000000,20251006_181757
1531,11,13.00000000000001,0.07692307692307686,9.09890109890109e-13,1.1828571428571428e-11,5.954554457602689e-06,0.6587228173245259,1.0065662862101696e-07,1905.1333832740784,0.07,0.001,1000000,20251006_112608
1532,11,13.10000000000001,0.07633587786259537,9.029443838604137e-13,1.1828571428571428e-11,5.873154652464432e-06,0.6547157911979433,1.0065662862101696e-07,1886.0427906513214,0.07,0.001,1000000,20251006_115734
1533,11,13.20000000000001,0.0757575757575757,8.961038961038954e-13,1.1828571428571428e-11,5.788094422652334e-06,0.6501590644314608,1.0065662862101696e-07,1800.9605720043182,0.07,0.001,1000000,20251006_122735
1534,11,13.300000000000011,0.07518796992481197,8.893662728249186e-13,1.1828571428571428e-11,5.7070176176965326e-06,0.6459084074027703,1.0065662862101696e-07,1803.205147743225,0.07,0.001,1000000,20251006_125739
1535,11,13.400000000000011,0.07462686567164173,8.827292110874192e-13,1.1828571428571428e-11,5.618935173587175e-06,0.6407209186117241,1.0065662862101696e-07,1797.0187964439392,0.07,0.001,1000000,20251006_132736
1536,11,13.50000000000001,0.07407407407407401,8.761904761904755e-13,1.1828571428571428e-11,5.528047970996441e-06,0.6350613099962428,1.0065662862101696e-07,1803.734107017517,0.07,0.001,1000000,20251006_135739
1537,11,13.600000000000012,0.07352941176470582,8.697478991596631e-13,1.1828571428571428e-11,5.432713910789307e-06,0.6287323798665096,1.0065662862101696e-07,1808.959282875061,0.07,0.001,1000000,20251006_142748
1538,11,13.700000000000012,0.07299270072992695,8.633993743482787e-13,1.1828571428571428e-11,5.341910446654618e-06,0.6227693833592558,1.0065662862101696e-07,1797.488976240158,0.07,0.001,1000000,20251006_145746
1539,11,13.800000000000011,0.07246376811594198,8.571428571428565e-13,1.1828571428571428e-11,5.232623158416935e-06,0.6144812402989244,1.0065662862101696e-07,1809.7375490665436,0.07,0.001,1000000,20251006_152756
1540,11,13.900000000000011,0.07194244604316541,8.50976361767728e-13,1.1828571428571428e-11,5.136691509133425e-06,0.6075868529432781,1.0065662862101696e-07,1799.4469616413116,0.07,0.001,1000000,20251006_155755
1541,11,14.00000000000001,0.07142857142857137,8.448979591836727e-13,1.1828571428571428e-11,5.034171231856983e-06,0.5997442633063329,1.0065662862101696e-07,1873.29443192482,0.07,0.001,1000000,20251006_162908
1542,11,14.100000000000012,0.07092198581560277,8.38905775075987e-13,1.1828571428571428e-11,4.95422914009351e-06,0.594436249545002,1.0065662862101696e-07,1914.3486061096191,0.07,0.001,1000000,20251006_170103
1543,11,14.200000000000012,0.07042253521126755,8.329979879275648e-13,1.1828571428571428e-11,4.878725418933738e-06,0.5895284979730722,1.0065662862101696e-07,1924.1687650680542,0.07,0.001,1000000,20251006_173307
1544,11,14.300000000000011,0.06993006993006988,8.271728271728265e-13,1.1828571428571428e-11,4.81143191430116e-06,0.58549132590393,1.0065662862101696e-07,1924.1619157791138,0.07,0.001,1000000,20251006_180511
1545,11,14.400000000000013,0.06944444444444438,8.214285714285706e-13,1.1828571428571428e-11,4.74433215574302e-06,0.5813633667804559,1.0065662862101696e-07,1916.1197605133057,0.07,0.001,1000000,20251006_183707
1546,11,14.500000000000012,0.06896551724137925,8.157635467980289e-13,1.1828571428571428e-11,4.678993720295523e-06,0.5773385377079894,1.0065662862101696e-07,1925.342342376709,0.07,0.001,1000000,20251006_190913
1547,11,14.600000000000012,0.06849315068493145,8.101761252446176e-13,1.1828571428571428e-11,4.611226003299504e-06,0.5729006926260051,1.0065662862101696e-07,1910.0768873691559,0.07,0.001,1000000,20251006_194103
1548,11,14.700000000000012,0.06802721088435369,8.046647230320693e-13,1.1828571428571428e-11,4.5562057747747375e-06,0.5699421131130611,1.0065662862101696e-07,1901.5298256874084,0.07,0.001,1000000,20251006_112759
1549,11,14.800000000000011,0.06756756756756752,7.992277992277986e-13,1.1828571428571428e-11,4.501002187814445e-06,0.5668668007781495,1.0065662862101696e-07,1878.1141424179077,0.07,0.001,1000000,20251006_115917
1550,11,14.900000000000013,0.06711409395973149,7.938638542665381e-13,1.1828571428571428e-11,4.44463531191883e-06,0.5635500388930215,1.0065662862101696e-07,1796.9019658565521,0.07,0.001,1000000,20251006_122914
1551,11,15.000000000000012,0.06666666666666661,7.885714285714279e-13,1.1828571428571428e-11,4.3875760605043015e-06,0.5600489671160372,1.0065662862101696e-07,1795.8574278354645,0.07,0.001,1000000,20251006_125910
1552,12,1.0,1.0,1.1828571428571428e-11,1.1828571428571428e-11,0.00011654247037155759,0.9917319457893746,1.0065662862101696e-07,1994.052875995636,0.07,0.001,1000000,20251006_133224
1553,12,1.1,0.9090909090909091,1.0753246753246752e-11,1.1828571428571428e-11,0.00010579357518176435,0.9902892449059879,1.0065662862101696e-07,1998.9622793197632,0.07,0.001,1000000,20251006_140543
1554,12,1.2000000000000002,0.8333333333333333,9.857142857142855e-12,1.1828571428571428e-11,9.683506910732855e-05,0.9888353785563505,1.0065662862101696e-07,2000.139399766922,0.07,0.001,1000000,20251006_143903
1555,12,1.3000000000000003,0.769230769230769,9.098901098901096e-12,1.1828571428571428e-11,8.924124212839885e-05,0.9872315864254608,1.0065662862101696e-07,1994.2461683750153,0.07,0.001,1000000,20251006_151217
1556,12,1.4000000000000004,0.7142857142857141,8.448979591836732e-12,1.1828571428571428e-11,8.283975276168274e-05,0.9869085536490066,1.0065662862101696e-07,2009.8711977005005,0.07,0.001,1000000,20251006_154547
1557,12,1.5000000000000004,0.6666666666666665,7.885714285714283e-12,1.1828571428571428e-11,7.756169820477737e-05,0.9900306768097054,1.0065662862101696e-07,2025.491047859192,0.07,0.001,1000000,20251006_161933
1558,12,1.6000000000000005,0.6249999999999998,7.39285714285714e-12,1.1828571428571428e-11,7.263255800835684e-05,0.9889205588539428,1.0065662862101696e-07,2131.3254582881927,0.07,0.001,1000000,20251006_165504
1559,12,1.7000000000000006,0.5882352941176469,6.957983193277308e-12,1.1828571428571428e-11,6.819648910934945e-05,0.9865543630759726,1.0065662862101696e-07,2104.9598388671875,0.07,0.001,1000000,20251006_173009
1560,12,1.8000000000000007,0.5555555555555554,6.571428571428569e-12,1.1828571428571428e-11,6.419874853149286e-05,0.9833523287408644,1.0065662862101696e-07,2118.8682436943054,0.07,0.001,1000000,20251006_180528
1561,12,1.9000000000000008,0.526315789473684,6.225563909774433e-12,1.1828571428571428e-11,6.068370232997889e-05,0.9811507804436533,1.0065662862101696e-07,2133.5454647541046,0.07,0.001,1000000,20251006_184101
1562,12,2.000000000000001,0.4999999999999998,5.9142857142857115e-12,1.1828571428571428e-11,5.758687902085599e-05,0.9800847262154627,1.0065662862101696e-07,2133.646784543991,0.07,0.001,1000000,20251006_191635
1563,12,2.100000000000001,0.47619047619047594,5.632653061224486e-12,1.1828571428571428e-11,5.479686333798542e-05,0.9792308282891409,1.0065662862101696e-07,2130.922691822052,0.07,0.001,1000000,20251006_195206
1564,12,2.200000000000001,0.4545454545454543,5.3766233766233736e-12,1.1828571428571428e-11,5.218309361341077e-05,0.9769280654803036,1.0065662862101696e-07,2118.157112121582,0.07,0.001,1000000,20251006_202724
1565,12,2.300000000000001,0.43478260869565194,5.14285714285714e-12,1.1828571428571428e-11,4.9785441620228605e-05,0.9744067487584646,1.0065662862101696e-07,2123.850176334381,0.07,0.001,1000000,20251006_113149
1566,12,2.4000000000000012,0.41666666666666646,4.928571428571426e-12,1.1828571428571428e-11,4.767636686092098e-05,0.9736984484589449,1.0065662862101696e-07,2069.7675709724426,0.07,0.001,1000000,20251006_120619
1567,12,2.5000000000000013,0.3999999999999998,4.731428571428569e-12,1.1828571428571428e-11,4.5667914914819715e-05,0.9715413182469953,1.0065662862101696e-07,1997.2332029342651,0.07,0.001,1000000,20251006_123936
1568,12,2.6000000000000014,0.3846153846153844,4.549450549450547e-12,1.1828571428571428e-11,4.383375869406777e-05,0.9698222503956934,1.0065662862101696e-07,1997.8568947315216,0.07,0.001,1000000,20251006_131254
1569,12,2.7000000000000015,0.3703703703703702,4.380952380952379e-12,1.1828571428571428e-11,4.2181764505770696e-05,0.9691669379692144,1.0065662862101696e-07,1996.874517917633,0.07,0.001,1000000,20251006_134611
1570,12,2.8000000000000016,0.35714285714285693,4.224489795918364e-12,1.1828571428571428e-11,4.058167832111568e-05,0.966936865969661,1.0065662862101696e-07,2009.8609793186188,0.07,0.001,1000000,20251006_141941
1571,12,2.9000000000000017,0.34482758620689635,4.078817733990145e-12,1.1828571428571428e-11,3.912486630861621e-05,0.9655192741404404,1.0065662862101696e-07,2007.0724477767944,0.07,0.001,1000000,20251006_145308
1572,12,3.0000000000000018,0.33333333333333315,3.942857142857141e-12,1.1828571428571428e-11,3.7736687217186544e-05,0.9633744193570573,1.0065662862101696e-07,2005.8592460155487,0.07,0.001,1000000,20251006_152634
1573,12,3.100000000000002,0.32258064516129015,3.815668202764975e-12,1.1828571428571428e-11,3.6440384285898645e-05,0.9612906660004917,1.0065662862101696e-07,2006.048938035965,0.07,0.001,1000000,20251006_160000
1574,12,3.200000000000002,0.31249999999999983,3.696428571428569e-12,1.1828571428571428e-11,3.521803172068224e-05,0.9590144300561688,1.0065662862101696e-07,2078.5192136764526,0.07,0.001,1000000,20251006_163438
1575,12,3.300000000000002,0.3030303030303028,3.5844155844155817e-12,1.1828571428571428e-11,3.408273509021974e-05,0.957102525522051,1.0065662862101696e-07,2132.7573533058167,0.07,0.001,1000000,20251006_171011
1576,12,3.400000000000002,0.2941176470588234,3.4789915966386535e-12,1.1828571428571428e-11,3.300756874412559e-05,0.9549981644020689,1.0065662862101696e-07,2131.9727261066437,0.07,0.001,1000000,20251006_174543
1577,12,3.500000000000002,0.28571428571428553,3.3795918367346915e-12,1.1828571428571428e-11,3.201066081863886e-05,0.9533947747513197,1.0065662862101696e-07,2136.382242679596,0.07,0.001,1000000,20251006_182119
1578,12,3.6000000000000023,0.2777777777777776,3.2857142857142837e-12,1.1828571428571428e-11,3.106061111122821e-05,0.9515302078936142,1.0065662862101696e-07,2151.4130589962006,0.07,0.001,1000000,20251006_185711
1579,12,3.7000000000000024,0.2702702702702701,3.1969111969111947e-12,1.1828571428571428e-11,3.0165361729545663e-05,0.949774149423726,1.0065662862101696e-07,2136.3217856884003,0.07,0.001,1000000,20251006_193247
1580,12,3.8000000000000025,0.2631578947368419,3.1127819548872156e-12,1.1828571428571428e-11,2.93204281794982e-05,0.9481214852326153,1.0065662862101696e-07,2118.482955932617,0.07,0.001,1000000,20251006_200806
1581,12,3.9000000000000026,0.2564102564102562,3.0329670329670305e-12,1.1828571428571428e-11,2.85136489138297e-05,0.9462970543869471,1.0065662862101696e-07,2102.7227149009705,0.07,0.001,1000000,20251006_204308
1582,12,4.000000000000003,0.24999999999999983,2.957142857142855e-12,1.1828571428571428e-11,2.7738955824233565e-05,0.9441917112629338,1.0065662862101696e-07,2120.609985113144,0.07,0.001,1000000,20251006_113208
1583,12,4.100000000000003,0.24390243902439004,2.885017421602785e-12,1.1828571428571428e-11,2.6997899321463588e-05,0.9419414611501502,1.0065662862101696e-07,2048.8382115364075,0.07,0.001,1000000,20251006_120617
1584,12,4.200000000000003,0.23809523809523794,2.8163265306122427e-12,1.1828571428571428e-11,2.6293079800585682e-05,0.9397251135559823,1.0065662862101696e-07,1986.9151170253754,0.07,0.001,1000000,20251006_123924
1585,12,4.3000000000000025,0.23255813953488358,2.7508305647840515e-12,1.1828571428571428e-11,2.5624404484727668e-05,0.9376317825145419,1.0065662862101696e-07,1990.9205265045166,0.07,0.001,1000000,20251006_131235
1586,12,4.400000000000003,0.22727272727272713,2.6883116883116864e-12,1.1828571428571428e-11,2.4988797214513885e-05,0.935638561496892,1.0065662862101696e-07,1998.082819223404,0.07,0.001,1000000,20251006_134553
1587,12,4.5000000000000036,0.22222222222222204,2.628571428571426e-12,1.1828571428571428e-11,2.4381326013294054e-05,0.9336410078617703,1.0065662862101696e-07,1994.7252731323242,0.07,0.001,1000000,20251006_141908
1588,12,4.600000000000003,0.21739130434782594,2.5714285714285694e-12,1.1828571428571428e-11,2.380856515059238e-05,0.9319682945854034,1.0065662862101696e-07,1997.5731647014618,0.07,0.001,1000000,20251006_145226
1589,12,4.700000000000003,0.21276595744680837,2.5167173252279616e-12,1.1828571428571428e-11,2.3253197884494204e-05,0.930016446522671,1.0065662862101696e-07,1998.7679514884949,0.07,0.001,1000000,20251006_152544
1590,12,4.800000000000003,0.20833333333333318,2.4642857142857122e-12,1.1828571428571428e-11,2.2723707023909832e-05,0.9281763577732998,1.0065662862101696e-07,1991.9877791404724,0.07,0.001,1000000,20251006_155856
1591,12,4.900000000000004,0.20408163265306106,2.413994169096208e-12,1.1828571428571428e-11,2.2205199851635564e-05,0.925893104273055,1.0065662862101696e-07,2069.141210079193,0.07,0.001,1000000,20251006_163326
1592,12,5.0000000000000036,0.19999999999999984,2.3657142857142835e-12,1.1828571428571428e-11,2.1714855079931746e-05,0.9239256475470573,1.0065662862101696e-07,2112.7855122089386,0.07,0.001,1000000,20251006_170838
1593,12,5.100000000000003,0.1960784313725489,2.3193277310924355e-12,1.1828571428571428e-11,2.1239659625119115e-05,0.9217811274629293,1.0065662862101696e-07,2116.5711793899536,0.07,0.001,1000000,20251006_174355
1594,12,5.200000000000004,0.19230769230769218,2.274725274725273e-12,1.1828571428571428e-11,2.0786989911082156e-05,0.9198246253633083,1.0065662862101696e-07,2120.5311708450317,0.07,0.001,1000000,20251006_181915
1595,12,5.300000000000004,0.18867924528301872,2.2318059299191357e-12,1.1828571428571428e-11,2.0341473065389613e-05,0.9174203153145706,1.0065662862101696e-07,2120.684318304062,0.07,0.001,1000000,20251006_185436
1596,12,5.400000000000004,0.18518518518518506,2.190476190476189e-12,1.1828571428571428e-11,1.9919878073669514e-05,0.9153570251778944,1.0065662862101696e-07,2118.883546113968,0.07,0.001,1000000,20251006_192955
1597,12,5.5000000000000036,0.1818181818181817,2.1506493506493493e-12,1.1828571428571428e-11,1.951158551153143e-05,0.9131988048393149,1.0065662862101696e-07,2122.45916891098,0.07,0.001,1000000,20251006_200518
1598,12,5.600000000000004,0.17857142857142844,2.1122448979591817e-12,1.1828571428571428e-11,1.9119582764848376e-05,0.9111219743551395,1.0065662862101696e-07,2122.547643661499,0.07,0.001,1000000,20251006_204040
1599,12,5.700000000000005,0.17543859649122792,2.07518796992481e-12,1.1828571428571428e-11,1.8739826888065226e-05,0.9089720173939111,1.0065662862101696e-07,2114.325071811676,0.07,0.001,1000000,20251006_113324
1600,12,5.800000000000004,0.17241379310344815,2.039408866995072e-12,1.1828571428571428e-11,1.8368491385141596e-05,0.9065913390907182,1.0065662862101696e-07,2062.148747444153,0.07,0.001,1000000,20251006_120747
1601,12,5.900000000000004,0.1694915254237287,2.004842615012105e-12,1.1828571428571428e-11,1.801335198551665e-05,0.9043918297870279,1.0065662862101696e-07,1989.7668652534485,0.07,0.001,1000000,20251006_124056
1602,12,6.000000000000004,0.16666666666666655,1.97142857142857e-12,1.1828571428571428e-11,1.7673095909068453e-05,0.9023478087332631,1.0065662862101696e-07,1994.4736292362213,0.07,0.001,1000000,20251006_131411
1603,12,6.100000000000005,0.16393442622950807,1.93911007025761e-12,1.1828571428571428e-11,1.7342871323154583e-05,0.9002454191602149,1.0065662862101696e-07,1994.7979755401611,0.07,0.001,1000000,20251006_134726
1604,12,6.200000000000005,0.16129032258064505,1.907834101382487e-12,1.1828571428571428e-11,1.702092135519598e-05,0.8980175783607186,1.0065662862101696e-07,1989.463454246521,0.07,0.001,1000000,20251006_142035
1605,12,6.300000000000004,0.1587301587301586,1.8775510204081617e-12,1.1828571428571428e-11,1.671734404391597e-05,0.8962267723581828,1.0065662862101696e-07,1997.683777809143,0.07,0.001,1000000,20251006_145353
1606,12,6.400000000000005,0.1562499999999999,1.848214285714284e-12,1.1828571428571428e-11,1.6413149101877892e-05,0.8938856638101423,1.0065662862101696e-07,1987.564893245697,0.07,0.001,1000000,20251006_152700
1607,12,6.500000000000005,0.15384615384615372,1.819780219780218e-12,1.1828571428571428e-11,1.6124460832834044e-05,0.8918845518393043,1.0065662862101696e-07,2004.0647232532501,0.07,0.001,1000000,20251006_160024
1608,12,6.600000000000005,0.1515151515151514,1.7922077922077908e-12,1.1828571428571428e-11,1.5836319796502883e-05,0.8894228489636182,1.0065662862101696e-07,2063.0971372127533,0.07,0.001,1000000,20251006_163448
1609,12,6.700000000000005,0.14925373134328349,1.7654584221748389e-12,1.1828571428571428e-11,1.5560162281714508e-05,0.8871539858434481,1.0065662862101696e-07,2132.302771806717,0.07,0.001,1000000,20251006_171020
1610,12,6.800000000000005,0.14705882352941166,1.7394957983193263e-12,1.1828571428571428e-11,1.5291594346605677e-05,0.8848542978124359,1.0065662862101696e-07,2100.209884405136,0.07,0.001,1000000,20251006_174520
1611,12,6.900000000000006,0.14492753623188395,1.714285714285713e-12,1.1828571428571428e-11,1.5037027919201034e-05,0.8829196453156818,1.0065662862101696e-07,2117.125871896744,0.07,0.001,1000000,20251006_182037
1612,12,7.000000000000005,0.14285714285714274,1.6897959183673454e-12,1.1828571428571428e-11,1.4779098064667291e-05,0.8803513898211542,1.0065662862101696e-07,2132.44642663002,0.07,0.001,1000000,20251006_185610
1613,12,7.100000000000005,0.1408450704225351,1.6659959758551295e-12,1.1828571428571428e-11,1.4528746371879976e-05,0.8778020169782439,1.0065662862101696e-07,2127.8413574695587,0.07,0.001,1000000,20251006_193138
1614,12,7.2000000000000055,0.13888888888888878,1.6428571428571414e-12,1.1828571428571428e-11,1.4288031224998472e-05,0.8754169886244493,1.0065662862101696e-07,2115.6345562934875,0.07,0.001,1000000,20251006_200653
1615,12,7.300000000000006,0.1369863013698629,1.6203522504892353e-12,1.1828571428571428e-11,1.405722689139677e-05,0.8732379433061414,1.0065662862101696e-07,2114.613360643387,0.07,0.001,1000000,20251006_204208
1616,12,7.400000000000006,0.13513513513513503,1.5984555984555972e-12,1.1828571428571428e-11,1.3824379318363161e-05,0.8705374214391747,1.0065662862101696e-07,2112.2841715812683,0.07,0.001,1000000,20251006_113458
1617,12,7.500000000000005,0.13333333333333325,1.577142857142856e-12,1.1828571428571428e-11,1.3602045721475733e-05,0.8681116352091247,1.0065662862101696e-07,2050.6748173236847,0.07,0.001,1000000,20251006_120909
1618,12,7.600000000000006,0.13157894736842096,1.5563909774436078e-12,1.1828571428571428e-11,1.3386585405943398e-05,0.8657519705766811,1.0065662862101696e-07,1998.4526357650757,0.07,0.001,1000000,20251006_124228
1619,12,7.700000000000006,0.12987012987012977,1.5361781076066777e-12,1.1828571428571428e-11,1.3177180348063524e-05,0.8634223740069055,1.0065662862101696e-07,1999.2032616138458,0.07,0.001,1000000,20251006_131547
1620,12,7.800000000000006,0.1282051282051281,1.5164835164835153e-12,1.1828571428571428e-11,1.2976134109419188e-05,0.8612912028328771,1.0065662862101696e-07,2000.6932241916656,0.07,0.001,1000000,20251006_134908
1621,12,7.900000000000006,0.12658227848101256,1.497287522603977e-12,1.1828571428571428e-11,1.277598553206787e-05,0.8588782124707367,1.0065662862101696e-07,2004.6345539093018,0.07,0.001,1000000,20251006_142232
1622,12,8.000000000000007,0.12499999999999989,1.478571428571427e-12,1.1828571428571428e-11,1.258938787243831e-05,0.8570470896129191,1.0065662862101696e-07,2005.1852567195892,0.07,0.001,1000000,20251006_145557
1623,12,8.100000000000007,0.12345679012345669,1.460317460317459e-12,1.1828571428571428e-11,1.2396617947215602e-05,0.854472950421516,1.0065662862101696e-07,1993.7541227340698,0.07,0.001,1000000,20251006_152911
1624,12,8.200000000000006,0.12195121951219502,1.4425087108013924e-12,1.1828571428571428e-11,1.2213519511267623e-05,0.8522455971293418,1.0065662862101696e-07,2008.422067642212,0.07,0.001,1000000,20251006_160240
1625,12,8.300000000000006,0.12048192771084329,1.4251290877796891e-12,1.1828571428571428e-11,1.202584317649998e-05,0.8493832880482739,1.0065662862101696e-07,2088.6852056980133,0.07,0.001,1000000,20251006_163728
1626,12,8.400000000000006,0.11904761904761897,1.4081632653061214e-12,1.1828571428571428e-11,1.1854868244351917e-05,0.8473953976944658,1.0065662862101696e-07,2108.094647169113,0.07,0.001,1000000,20251006_171236
1627,12,8.500000000000007,0.11764705882352931,1.391596638655461e-12,1.1828571428571428e-11,1.1678647461588655e-05,0.8447370794691583,1.0065662862101696e-07,2095.910793066025,0.07,0.001,1000000,20251006_174732
1628,12,8.600000000000007,0.11627906976744178,1.3754152823920255e-12,1.1828571428571428e-11,1.1517467878626176e-05,0.8428796028041637,1.0065662862101696e-07,2106.838848590851,0.07,0.001,1000000,20251006_182239
1629,12,8.700000000000006,0.1149425287356321,1.3596059113300481e-12,1.1828571428571428e-11,1.1343939474817412e-05,0.8398335821436459,1.0065662862101696e-07,2126.6643652915955,0.07,0.001,1000000,20251006_185806
1630,12,8.800000000000008,0.11363636363636354,1.3441558441558428e-12,1.1828571428571428e-11,1.118030808676712e-05,0.8372333638626757,1.0065662862101696e-07,2109.9237847328186,0.07,0.001,1000000,20251006_193316
1631,12,8.900000000000007,0.11235955056179765,1.3290529695024064e-12,1.1828571428571428e-11,1.1019821454007437e-05,0.8345928273883845,1.0065662862101696e-07,2133.4343135356903,0.07,0.001,1000000,20251006_200849
1632,12,9.000000000000007,0.11111111111111102,1.314285714285713e-12,1.1828571428571428e-11,1.0866395599248691e-05,0.8322199156498268,1.0065662862101696e-07,2116.375445842743,0.07,0.001,1000000,20251006_204406
1633,12,9.100000000000007,0.1098901098901098,1.2998430141287273e-12,1.1828571428571428e-11,1.0706361653948746e-05,0.8290741706268011,1.0065662862101696e-07,1894.6395444869995,0.07,0.001,1000000,20251006_113122
1634,12,9.200000000000006,0.10869565217391297,1.2857142857142847e-12,1.1828571428571428e-11,1.0561623055808211e-05,0.8268535096606231,1.0065662862101696e-07,1910.936974287033,0.07,0.001,1000000,20251006_120313
1635,12,9.300000000000008,0.10752688172043001,1.2718894009216577e-12,1.1828571428571428e-11,1.040810646722102e-05,0.8236918293052126,1.0065662862101696e-07,1999.7266373634338,0.07,0.001,1000000,20251006_123632
1636,12,9.400000000000007,0.10638297872340417,1.2583586626139806e-12,1.1828571428571428e-11,1.0265230967506282e-05,0.8211200605230075,1.0065662862101696e-07,2013.7016117572784,0.07,0.001,1000000,20251006_131006
1637,12,9.500000000000007,0.10526315789473677,1.2451127819548862e-12,1.1828571428571428e-11,1.0122977848453782e-05,0.8183554426537988,1.0065662862101696e-07,2003.8558604717255,0.07,0.001,1000000,20251006_134330
1638,12,9.600000000000009,0.10416666666666657,1.232142857142856e-12,1.1828571428571428e-11,9.988934783996415e-06,0.8160194193746092,1.0065662862101696e-07,1998.1225225925446,0.07,0.001,1000000,20251006_141648
1639,12,9.700000000000008,0.10309278350515455,1.2194403534609708e-12,1.1828571428571428e-11,9.85175324091094e-06,0.8131962046539007,1.0065662862101696e-07,1994.8406915664673,0.07,0.001,1000000,20251006_145003
1640,12,9.800000000000008,0.10204081632653053,1.206997084548104e-12,1.1828571428571428e-11,9.720340409605447e-06,0.8106205948673318,1.0065662862101696e-07,1984.737144947052,0.07,0.001,1000000,20251006_152308
1641,12,9.900000000000007,0.10101010101010094,1.194805194805194e-12,1.1828571428571428e-11,9.588692105734359e-06,0.8078014930338038,1.0065662862101696e-07,2014.5831897258759,0.07,0.001,1000000,20251006_155642
1642,12,10.000000000000007,0.09999999999999992,1.1828571428571418e-12,1.1828571428571428e-11,9.463767497910583e-06,0.8053304967089205,1.0065662862101696e-07,1948.072146654129,0.07,0.001,1000000,20251006_162910
1643,12,10.100000000000009,0.09900990099009893,1.1711456859971702e-12,1.1828571428571428e-11,9.342792483963221e-06,0.8029863445561005,1.0065662862101696e-07,1870.6364951133728,0.07,0.001,1000000,20251006_170021
1644,12,10.200000000000008,0.09803921568627443,1.1596638655462173e-12,1.1828571428571428e-11,9.221360521371529e-06,0.8003966398858265,1.0065662862101696e-07,1878.5971546173096,0.07,0.001,1000000,20251006_173140
1645,12,10.300000000000008,0.09708737864077663,1.1484049930651862e-12,1.1828571428571428e-11,9.101202472057657e-06,0.7977119245967866,1.0065662862101696e-07,1868.808004617691,0.07,0.001,1000000,20251006_180248
1646,12,10.40000000000001,0.09615384615384606,1.1373626373626361e-12,1.1828571428571428e-11,8.983338251715385e-06,0.7950257134142048,1.0065662862101696e-07,1872.0290327072144,0.07,0.001,1000000,20251006_183401
1647,12,10.500000000000009,0.09523809523809516,1.126530612244897e-12,1.1828571428571428e-11,8.869536025102638e-06,0.7925018494973717,1.0065662862101696e-07,1865.6535692214966,0.07,0.001,1000000,20251006_190506
1648,12,10.600000000000009,0.09433962264150936,1.1159029649595678e-12,1.1828571428571428e-11,8.758838034673592e-06,0.7900643110485166,1.0065662862101696e-07,1894.1713926792145,0.07,0.001,1000000,20251006_193640
1649,12,10.700000000000008,0.09345794392523357,1.1054739652870486e-12,1.1828571428571428e-11,8.644518466954276e-06,0.7871086178947697,1.0065662862101696e-07,1878.2933049201965,0.07,0.001,1000000,20251006_200759
1650,12,10.800000000000008,0.09259259259259253,1.0952380952380945e-12,1.1828571428571428e-11,8.53792506696786e-06,0.7846684263416075,1.0065662862101696e-07,1933.3044123649597,0.07,0.001,1000000,20251006_120324
1651,12,10.90000000000001,0.09174311926605497,1.0851900393184786e-12,1.1828571428571428e-11,8.421837612587766e-06,0.7811662014601058,1.0065662862101696e-07,2012.2441515922546,0.07,0.001,1000000,20251006_123656
1652,12,11.000000000000009,0.09090909090909084,1.0753246753246744e-12,1.1828571428571428e-11,8.314369690427765e-06,0.7782732428180743,1.0065662862101696e-07,2008.3529376983643,0.07,0.001,1000000,20251006_131024
1653,12,11.100000000000009,0.09009009009009002,1.0656370656370647e-12,1.1828571428571428e-11,8.202910574754387e-06,0.7748203867522705,1.0065662862101696e-07,2017.64035654068,0.07,0.001,1000000,20251006_134402
1654,12,11.20000000000001,0.0892857142857142,1.0561224489795909e-12,1.1828571428571428e-11,8.0966755625388e-06,0.7716757331981311,1.0065662862101696e-07,2012.5296800136566,0.07,0.001,1000000,20251006_141734
1655,12,11.30000000000001,0.08849557522123887,1.0467762326169397e-12,1.1828571428571428e-11,7.983141008912256e-06,0.7676483614405365,1.0065662862101696e-07,2012.834386587143,0.07,0.001,1000000,20251006_145107
1656,12,11.40000000000001,0.08771929824561396,1.037593984962405e-12,1.1828571428571428e-11,7.874343652529898e-06,0.7638873163819299,1.0065662862101696e-07,2017.9345533847809,0.07,0.001,1000000,20251006_152445
1657,12,11.500000000000009,0.08695652173913036,1.0285714285714276e-12,1.1828571428571428e-11,7.760061901730793e-06,0.7594044003375471,1.0065662862101696e-07,1986.9688720703125,0.07,0.001,1000000,20251006_155752
1658,12,11.600000000000009,0.08620689655172407,1.019704433497536e-12,1.1828571428571428e-11,7.64916734946633e-06,0.7550613411715655,1.0065662862101696e-07,2086.4847865104675,0.07,0.001,1000000,20251006_163239
1659,12,11.70000000000001,0.0854700854700854,1.0109890109890102e-12,1.1828571428571428e-11,7.540836916491028e-06,0.7507848381579917,1.0065662862101696e-07,2130.073649406433,0.07,0.001,1000000,20251006_170809
1660,12,11.80000000000001,0.08474576271186433,1.0024213075060524e-12,1.1828571428571428e-11,7.430410010507737e-06,0.7461134508307009,1.0065662862101696e-07,2149.3983829021454,0.07,0.001,1000000,20251006_174358
1661,12,11.90000000000001,0.08403361344537809,9.93997599039615e-13,1.1828571428571428e-11,7.32887525367265e-06,0.742154584006484,1.0065662862101696e-07,2139.4177346229553,0.07,0.001,1000000,20251006_181938
1662,12,12.00000000000001,0.08333333333333326,9.857142857142848e-13,1.1828571428571428e-11,7.224767655220139e-06,0.7377601859728128,1.0065662862101696e-07,2143.044466972351,0.07,0.001,1000000,20251006_185521
1663,12,12.10000000000001,0.08264462809917349,9.77567886658795e-13,1.1828571428571428e-11,7.130306839139494e-06,0.7341818990333384,1.0065662862101696e-07,2130.463501930237,0.07,0.001,1000000,20251006_193051
1664,12,12.20000000000001,0.08196721311475404,9.69555035128805e-13,1.1828571428571428e-11,7.036634764063604e-06,0.7305247319910956,1.0065662862101696e-07,2143.20330953598,0.07,0.001,1000000,20251006_200634
1665,12,12.30000000000001,0.08130081300813002,9.61672473867595e-13,1.1828571428571428e-11,6.949519983498416e-06,0.7273944831342304,1.0065662862101696e-07,2143.9346396923065,0.07,0.001,1000000,20251006_204218
1666,12,12.40000000000001,0.08064516129032252,9.539170506912434e-13,1.1828571428571428e-11,6.866326220335189e-06,0.7245297144549453,1.0065662862101696e-07,1660.943794965744,0.07,0.001,1000000,20251006_210959
1667,12,12.50000000000001,0.07999999999999993,9.462857142857135e-13,1.1828571428571428e-11,6.78481528560821e-06,0.7217023591877503,1.0065662862101696e-07,2025.348727464676,0.07,0.001,1000000,20251006_123838
1668,12,12.60000000000001,0.0793650793650793,9.387755102040808e-13,1.1828571428571428e-11,6.703815425465945e-06,0.7187910765570343,1.0065662862101696e-07,2018.3804738521576,0.07,0.001,1000000,20251006_131217
1669,12,12.70000000000001,0.0787401574803149,9.313835770528677e-13,1.1828571428571428e-11,6.6306793946290485e-06,0.7165917993122625,1.0065662862101696e-07,2014.4772939682007,0.07,0.001,1000000,20251006_134551
1670,12,12.800000000000011,0.07812499999999993,9.241071428571419e-13,1.1828571428571428e-11,6.553022462432471e-06,0.7137756194664712,1.0065662862101696e-07,2018.8389964103699,0.07,0.001,1000000,20251006_141930
1671,12,12.900000000000011,0.07751937984496117,9.169435215946836e-13,1.1828571428571428e-11,6.476558415734239e-06,0.7109582213538407,1.0065662862101696e-07,2025.2615616321564,0.07,0.001,1000000,20251006_145315
1672,12,13.00000000000001,0.07692307692307686,9.09890109890109e-13,1.1828571428571428e-11,6.4056617057509996e-06,0.7086265741096143,1.0065662862101696e-07,2024.2579140663147,0.07,0.001,1000000,20251006_152700
1673,12,13.10000000000001,0.07633587786259537,9.029443838604137e-13,1.1828571428571428e-11,6.3316619247582735e-06,0.7058283481308534,1.0065662862101696e-07,2021.2546594142914,0.07,0.001,1000000,20251006_160041
1674,12,13.20000000000001,0.0757575757575757,8.961038961038954e-13,1.1828571428571428e-11,6.261526630789692e-06,0.70333826626163,1.0065662862101696e-07,1904.8569457530975,0.07,0.001,1000000,20251006_163226
1675,12,13.300000000000011,0.07518796992481197,8.893662728249186e-13,1.1828571428571428e-11,6.194168936092615e-06,0.7010431823951725,1.0065662862101696e-07,1899.3344316482544,0.07,0.001,1000000,20251006_170405
1676,12,13.400000000000011,0.07462686567164173,8.827292110874192e-13,1.1828571428571428e-11,6.124455708508677e-06,0.6983648620824612,1.0065662862101696e-07,1886.7269093990326,0.07,0.001,1000000,20251006_173532
1677,12,13.50000000000001,0.07407407407407401,8.761904761904755e-13,1.1828571428571428e-11,6.056863863273099e-06,0.6958115992589303,1.0065662862101696e-07,1893.3039374351501,0.07,0.001,1000000,20251006_180705
1678,12,13.600000000000012,0.07352941176470582,8.697478991596631e-13,1.1828571428571428e-11,5.988239446875013e-06,0.6930237999772069,1.0065662862101696e-07,1882.2313194274902,0.07,0.001,1000000,20251006_183827
1679,12,13.700000000000012,0.07299270072992695,8.633993743482787e-13,1.1828571428571428e-11,5.9160156708420355e-06,0.6896995874540159,1.0065662862101696e-07,1889.9320554733276,0.07,0.001,1000000,20251006_190957
1680,12,13.800000000000011,0.07246376811594198,8.571428571428565e-13,1.1828571428571428e-11,5.853832706427993e-06,0.6874315755305664,1.0065662862101696e-07,1888.970636844635,0.07,0.001,1000000,20251006_194126
1681,12,13.900000000000011,0.07194244604316541,8.50976361767728e-13,1.1828571428571428e-11,5.780189507536999e-06,0.6837021740658591,1.0065662862101696e-07,1890.2658958435059,0.07,0.001,1000000,20251006_201257
1682,12,14.00000000000001,0.07142857142857137,8.448979591836727e-13,1.1828571428571428e-11,5.724908339996506e-06,0.6820349918055841,1.0065662862101696e-07,1883.2535817623138,0.07,0.001,1000000,20251006_204420
1683,12,14.100000000000012,0.07092198581560277,8.38905775075987e-13,1.1828571428571428e-11,5.648525152710301e-06,0.677741786318415,1.0065662862101696e-07,1859.6303734779358,0.07,0.001,1000000,20251006_211520
1684,12,14.200000000000012,0.07042253521126755,8.329979879275648e-13,1.1828571428571428e-11,5.579726455930777e-06,0.6742350663760855,1.0065662862101696e-07,2041.1410908699036,0.07,0.001,1000000,20251006_125627
1685,12,14.300000000000011,0.06993006993006988,8.271728271728265e-13,1.1828571428571428e-11,5.5062668329748766e-06,0.6700440796505687,1.0065662862101696e-07,2023.060364484787,0.07,0.001,1000000,20251006_133010
1686,12,14.400000000000013,0.06944444444444438,8.214285714285706e-13,1.1828571428571428e-11,5.448146098947007e-06,0.6676076747623065,1.0065662862101696e-07,2015.6988816261292,0.07,0.001,1000000,20251006_140346
1687,12,14.500000000000012,0.06896551724137925,8.157635467980289e-13,1.1828571428571428e-11,5.3740944514678445e-06,0.6631066459134084,1.0065662862101696e-07,2025.0133609771729,0.07,0.001,1000000,20251006_143731
1688,12,14.600000000000012,0.06849315068493145,8.101761252446176e-13,1.1828571428571428e-11,5.3056920127468934e-06,0.6591814469271267,1.0065662862101696e-07,2019.7222037315369,0.07,0.001,1000000,20251006_151110
1689,12,14.700000000000012,0.06802721088435369,8.046647230320693e-13,1.1828571428571428e-11,5.234468155267725e-06,0.6547868970171377,1.0065662862101696e-07,2025.216698884964,0.07,0.001,1000000,20251006_154456
1690,12,14.800000000000011,0.06756756756756752,7.992277992277986e-13,1.1828571428571428e-11,5.170904481907568e-06,0.651235871140878,1.0065662862101696e-07,2009.1398556232452,0.07,0.001,1000000,20251006_161825
1691,12,14.900000000000013,0.06711409395973149,7.938638542665381e-13,1.1828571428571428e-11,5.112720186779844e-06,0.6482587339353653,1.0065662862101696e-07,1866.8453590869904,0.07,0.001,1000000,20251006_164932
1692,12,15.000000000000012,0.06666666666666661,7.885714285714279e-13,1.1828571428571428e-11,5.048500029322442e-06,0.6444121282269781,1.0065662862101696e-07,1892.4699537754059,0.07,0.001,1000000,20251006_172104
1693,13,1.0,1.0,1.1828571428571428e-11,1.1828571428571428e-11,0.00011696630338647743,0.9953386029954229,1.0065662862101696e-07,2113.4419977664948,0.07,0.001,1000000,20251006_175618
1694,13,1.1,0.9090909090909091,1.0753246753246752e-11,1.1828571428571428e-11,0.00010610286005713493,0.9931843307858756,1.0065662862101696e-07,2116.1173865795135,0.07,0.001,1000000,20251006_183134
1695,13,1.2000000000000002,0.8333333333333333,9.857142857142855e-12,1.1828571428571428e-11,9.711357671499503e-05,0.99167937069883,1.0065662862101696e-07,2100.435532808304,0.07,0.001,1000000,20251006_190634
1696,13,1.3000000000000003,0.769230769230769,9.098901098901096e-12,1.1828571428571428e-11,8.954129836423259e-05,0.9905509596956443,1.0065662862101696e-07,2103.8124775886536,0.07,0.001,1000000,20251006_194138
1697,13,1.4000000000000004,0.7142857142857141,8.448979591836732e-12,1.1828571428571428e-11,8.32848506061866e-05,0.9922112115554746,1.0065662862101696e-07,2083.994606256485,0.07,0.001,1000000,20251006_201622
1698,13,1.5000000000000004,0.6666666666666665,7.885714285714283e-12,1.1828571428571428e-11,7.789265856465763e-05,0.9942551963428434,1.0065662862101696e-07,2092.1610124111176,0.07,0.001,1000000,20251006_205114
1699,13,1.6000000000000005,0.6249999999999998,7.39285714285714e-12,1.1828571428571428e-11,7.281911781654928e-05,0.9914606432848961,1.0065662862101696e-07,1982.7210474014282,0.07,0.001,1000000,20251006_212417
1700,13,1.7000000000000006,0.5882352941176469,6.957983193277308e-12,1.1828571428571428e-11,6.832346707530789e-05,0.9883912709280754,1.0065662862101696e-07,1805.7326140403748,0.07,0.001,1000000,20251006_215423
1701,13,1.8000000000000007,0.5555555555555554,6.571428571428569e-12,1.1828571428571428e-11,6.448744645695509e-05,0.9877744052423506,1.0065662862101696e-07,2257.9316396713257,0.07,0.001,1000000,20251006_130202
1702,13,1.9000000000000008,0.526315789473684,6.225563909774433e-12,1.1828571428571428e-11,6.105619307043298e-05,0.987173313128249,1.0065662862101696e-07,2239.58589553833,0.07,0.001,1000000,20251006_133921
1703,13,2.000000000000001,0.4999999999999998,5.9142857142857115e-12,1.1828571428571428e-11,5.79284842636312e-05,0.9858985867081952,1.0065662862101696e-07,2231.9766755104065,0.07,0.001,1000000,20251006_141633
1704,13,2.100000000000001,0.47619047619047594,5.632653061224486e-12,1.1828571428571428e-11,5.506930379115973e-05,0.9840993932830138,1.0065662862101696e-07,2248.0716922283173,0.07,0.001,1000000,20251006_145402
1705,13,2.200000000000001,0.4545454545454543,5.3766233766233736e-12,1.1828571428571428e-11,5.242751821640174e-05,0.981503977677552,1.0065662862101696e-07,2238.7690567970276,0.07,0.001,1000000,20251006_153120
1706,13,2.300000000000001,0.43478260869565194,5.14285714285714e-12,1.1828571428571428e-11,5.0062993574628614e-05,0.9798390295356744,1.0065662862101696e-07,2248.4495239257812,0.07,0.001,1000000,20251006_160849
1707,13,2.4000000000000012,0.41666666666666646,4.928571428571426e-12,1.1828571428571428e-11,4.7947070340733414e-05,0.9792270483846632,1.0065662862101696e-07,2116.974035024643,0.07,0.001,1000000,20251006_164406
1708,13,2.5000000000000013,0.3999999999999998,4.731428571428569e-12,1.1828571428571428e-11,4.5962143580892284e-05,0.9778007523953548,1.0065662862101696e-07,2078.88920879364,0.07,0.001,1000000,20251006_171845
1709,13,2.6000000000000014,0.3846153846153844,4.549450549450547e-12,1.1828571428571428e-11,4.411960443856696e-05,0.9761465897052893,1.0065662862101696e-07,2091.201183795929,0.07,0.001,1000000,20251006_175336
1710,13,2.7000000000000015,0.3703703703703702,4.380952380952379e-12,1.1828571428571428e-11,4.2463195679531054e-05,0.9756330920554213,1.0065662862101696e-07,2098.6138377189636,0.07,0.001,1000000,20251006_182835
1711,13,2.8000000000000016,0.35714285714285693,4.224489795918364e-12,1.1828571428571428e-11,4.0874312934170576e-05,0.9739094508239033,1.0065662862101696e-07,2099.3306567668915,0.07,0.001,1000000,20251006_190334
1712,13,2.9000000000000017,0.34482758620689635,4.078817733990145e-12,1.1828571428571428e-11,3.943234424726783e-05,0.9731071818868683,1.0065662862101696e-07,2098.297154188156,0.07,0.001,1000000,20251006_193832
1713,13,3.0000000000000018,0.33333333333333315,3.942857142857141e-12,1.1828571428571428e-11,3.804225300045824e-05,0.9711751639571475,1.0065662862101696e-07,2103.9693236351013,0.07,0.001,1000000,20251006_201336
1714,13,3.100000000000002,0.32258064516129015,3.815668202764975e-12,1.1828571428571428e-11,3.674861648724856e-05,0.9694217750413238,1.0065662862101696e-07,2089.408014535904,0.07,0.001,1000000,20251006_204826
1715,13,3.200000000000002,0.31249999999999983,3.696428571428569e-12,1.1828571428571428e-11,3.553796024306439e-05,0.9677263328673315,1.0065662862101696e-07,2008.637989282608,0.07,0.001,1000000,20251006_212154
1716,13,3.300000000000002,0.3030303030303028,3.5844155844155817e-12,1.1828571428571428e-11,3.438587839718453e-05,0.9656153172309054,1.0065662862101696e-07,1816.295713186264,0.07,0.001,1000000,20251006_215211
1717,13,3.400000000000002,0.2941176470588234,3.4789915966386535e-12,1.1828571428571428e-11,3.3318769879104046e-05,0.9640020542361893,1.0065662862101696e-07,1683.561374425888,0.07,0.001,1000000,20251006_222014
1718,13,3.500000000000002,0.28571428571428553,3.3795918367346915e-12,1.1828571428571428e-11,3.2308086757030606e-05,0.9622532090443441,1.0065662862101696e-07,2255.433955192566,0.07,0.001,1000000,20251006_130458
1719,13,3.6000000000000023,0.2777777777777776,3.2857142857142837e-12,1.1828571428571428e-11,3.1359830558754675e-05,0.9606966837910492,1.0065662862101696e-07,2235.1536786556244,0.07,0.001,1000000,20251006_134213
1720,13,3.7000000000000024,0.2702702702702701,3.1969111969111947e-12,1.1828571428571428e-11,3.047482130108732e-05,0.9595176659768236,1.0065662862101696e-07,2235.5424823760986,0.07,0.001,1000000,20251006_141929
1721,13,3.8000000000000025,0.2631578947368419,3.1127819548872156e-12,1.1828571428571428e-11,2.9625971323244003e-05,0.9580016963085735,1.0065662862101696e-07,2257.3988978862762,0.07,0.001,1000000,20251006_145706
1722,13,3.9000000000000026,0.2564102564102562,3.0329670329670305e-12,1.1828571428571428e-11,2.8821178264858564e-05,0.9565031882948034,1.0065662862101696e-07,2256.013751745224,0.07,0.001,1000000,20251006_153442
1723,13,4.000000000000003,0.24999999999999983,2.957142857142855e-12,1.1828571428571428e-11,2.8049377281871606e-05,0.9547579838060385,1.0065662862101696e-07,2251.9718103408813,0.07,0.001,1000000,20251006_161214
1724,13,4.100000000000003,0.24390243902439004,2.885017421602785e-12,1.1828571428571428e-11,2.7313139984522777e-05,0.9529400298624887,1.0065662862101696e-07,2104.2767810821533,0.07,0.001,1000000,20251006_164718
1725,13,4.200000000000003,0.23809523809523794,2.8163265306122427e-12,1.1828571428571428e-11,2.661953636737385e-05,0.9513928008951154,1.0065662862101696e-07,2099.566832304001,0.07,0.001,1000000,20251006_172218
1726,13,4.3000000000000025,0.23255813953488358,2.7508305647840515e-12,1.1828571428571428e-11,2.5945114998815896e-05,0.9493670160562591,1.0065662862101696e-07,2111.555617570877,0.07,0.001,1000000,20251006_175730
1727,13,4.400000000000003,0.22727272727272713,2.6883116883116864e-12,1.1828571428571428e-11,2.530551748643866e-05,0.9474973035194365,1.0065662862101696e-07,2110.5272138118744,0.07,0.001,1000000,20251006_183240
1728,13,4.5000000000000036,0.22222222222222204,2.628571428571426e-12,1.1828571428571428e-11,2.4697817891303062e-05,0.9457605207956966,1.0065662862101696e-07,2109.7221212387085,0.07,0.001,1000000,20251006_190750
1729,13,4.600000000000003,0.21739130434782594,2.5714285714285694e-12,1.1828571428571428e-11,2.412471995739229e-05,0.944343935631162,1.0065662862101696e-07,2095.7327127456665,0.07,0.001,1000000,20251006_194246
1730,13,4.700000000000003,0.21276595744680837,2.5167173252279616e-12,1.1828571428571428e-11,2.3572204731584026e-05,0.9427751911831082,1.0065662862101696e-07,2107.371797800064,0.07,0.001,1000000,20251006_201753
1731,13,4.800000000000003,0.20833333333333318,2.4642857142857122e-12,1.1828571428571428e-11,2.3040560494360037e-05,0.9411186079018043,1.0065662862101696e-07,2104.406846523285,0.07,0.001,1000000,20251006_205257
1732,13,4.900000000000004,0.20408163265306106,2.413994169096208e-12,1.1828571428571428e-11,2.2534499789813222e-05,0.9396239665950971,1.0065662862101696e-07,1996.2722835540771,0.07,0.001,1000000,20251006_212614
1733,13,5.0000000000000036,0.19999999999999984,2.3657142857142835e-12,1.1828571428571428e-11,2.2034286127496658e-05,0.9375168290853028,1.0065662862101696e-07,1806.946939945221,0.07,0.001,1000000,20251006_215621
1734,13,5.100000000000003,0.1960784313725489,2.3193277310924355e-12,1.1828571428571428e-11,2.156474018174019e-05,0.9358893159785336,1.0065662862101696e-07,1658.340538263321,0.07,0.001,1000000,20251006_222359
1735,13,5.200000000000004,0.19230769230769218,2.274725274725273e-12,1.1828571428571428e-11,2.1107611923784525e-05,0.9340121543888532,1.0065662862101696e-07,2250.1840736865997,0.07,0.001,1000000,20251006_130638
1736,13,5.300000000000004,0.18867924528301872,2.2318059299191357e-12,1.1828571428571428e-11,2.0667331496266242e-05,0.9321168490140597,1.0065662862101696e-07,2244.3006312847137,0.07,0.001,1000000,20251006_134402
1737,13,5.400000000000004,0.18518518518518506,2.190476190476189e-12,1.1828571428571428e-11,2.0250265623899714e-05,0.9305389737830053,1.0065662862101696e-07,2248.0491087436676,0.07,0.001,1000000,20251006_142130
1738,13,5.5000000000000036,0.1818181818181817,2.1506493506493493e-12,1.1828571428571428e-11,1.9842398117679717e-05,0.928681794490866,1.0065662862101696e-07,2262.286117076874,0.07,0.001,1000000,20251006_145912
1739,13,5.600000000000004,0.17857142857142844,2.1122448979591817e-12,1.1828571428571428e-11,1.9452996214620934e-05,0.9270104131547473,1.0065662862101696e-07,2252.609784603119,0.07,0.001,1000000,20251006_153645
1740,13,5.700000000000005,0.17543859649122792,2.07518796992481e-12,1.1828571428571428e-11,1.9072479505965465e-05,0.9251072742983767,1.0065662862101696e-07,2250.2133321762085,0.07,0.001,1000000,20251006_161415
1741,13,5.800000000000004,0.17241379310344815,2.039408866995072e-12,1.1828571428571428e-11,1.8706506059241434e-05,0.9232743191786948,1.0065662862101696e-07,2118.367251396179,0.07,0.001,1000000,20251006_164933
1742,13,5.900000000000004,0.1694915254237287,2.004842615012105e-12,1.1828571428571428e-11,1.835775874380949e-05,0.9216833732251355,1.0065662862101696e-07,2097.072121620178,0.07,0.001,1000000,20251006_172431
1743,13,6.000000000000004,0.16666666666666655,1.97142857142857e-12,1.1828571428571428e-11,1.801089404710251e-05,0.919595008160999,1.0065662862101696e-07,2106.9417567253113,0.07,0.001,1000000,20251006_175937
1744,13,6.100000000000005,0.16393442622950807,1.93911007025761e-12,1.1828571428571428e-11,1.767874737728557e-05,0.9176802990888536,1.0065662862101696e-07,2130.7560930252075,0.07,0.001,1000000,20251006_183508
1745,13,6.200000000000005,0.16129032258064505,1.907834101382487e-12,1.1828571428571428e-11,1.7356663681183854e-05,0.9157312205452401,1.0065662862101696e-07,2105.815165281296,0.07,0.001,1000000,20251006_191014
1746,13,6.300000000000004,0.1587301587301586,1.8775510204081617e-12,1.1828571428571428e-11,1.7052510248619302e-05,0.9141952322436593,1.0065662862101696e-07,2109.2805318832397,0.07,0.001,1000000,20251006_194523
1747,13,6.400000000000005,0.1562499999999999,1.848214285714284e-12,1.1828571428571428e-11,1.675230205175943e-05,0.9123564616964139,1.0065662862101696e-07,2109.0471975803375,0.07,0.001,1000000,20251006_202032
1748,13,6.500000000000005,0.15384615384615372,1.819780219780218e-12,1.1828571428571428e-11,1.646050845869524e-05,0.9104721926475828,1.0065662862101696e-07,2114.7443611621857,0.07,0.001,1000000,20251006_205547
1749,13,6.600000000000005,0.1515151515151514,1.7922077922077908e-12,1.1828571428571428e-11,1.6181990173992058e-05,0.9088369007066656,1.0065662862101696e-07,1960.2815322875977,0.07,0.001,1000000,20251006_212828
1750,13,6.700000000000005,0.14925373134328349,1.7654584221748389e-12,1.1828571428571428e-11,1.5901325027893772e-05,0.9066051897971437,1.0065662862101696e-07,1812.0754716396332,0.07,0.001,1000000,20251006_215840
1751,13,6.800000000000005,0.14705882352941166,1.7394957983193263e-12,1.1828571428571428e-11,1.563852167322143e-05,0.9049293880238546,1.0065662862101696e-07,1657.8207023143768,0.07,0.001,1000000,20251006_222617
1752,13,6.900000000000006,0.14492753623188395,1.714285714285713e-12,1.1828571428571428e-11,1.5378077128244154e-05,0.9029448157350997,1.0065662862101696e-07,2244.566261291504,0.07,0.001,1000000,20251006_133338
1753,13,7.000000000000005,0.14285714285714274,1.6897959183673454e-12,1.1828571428571428e-11,1.5127707912652934e-05,0.9011171471655223,1.0065662862101696e-07,2237.857653617859,0.07,0.001,1000000,20251006_141056
1754,13,7.100000000000005,0.1408450704225351,1.6659959758551295e-12,1.1828571428571428e-11,1.4881281236357184e-05,0.8991015707850464,1.0065662862101696e-07,2244.2000691890717,0.07,0.001,1000000,20251006_144820
1755,13,7.2000000000000055,0.13888888888888878,1.6428571428571414e-12,1.1828571428571428e-11,1.4638774826196476e-05,0.896906786785223,1.0065662862101696e-07,2249.023327589035,0.07,0.001,1000000,20251006_152549
1756,13,7.300000000000006,0.1369863013698629,1.6203522504892353e-12,1.1828571428571428e-11,1.4406700202484114e-05,0.8949473001922474,1.0065662862101696e-07,2239.0432317256927,0.07,0.001,1000000,20251006_160308
1757,13,7.400000000000006,0.13513513513513503,1.5984555984555972e-12,1.1828571428571428e-11,1.4181259964401882e-05,0.893010615367774,1.0065662862101696e-07,2149.9719111919403,0.07,0.001,1000000,20251006_163858
1758,13,7.500000000000005,0.13333333333333325,1.577142857142856e-12,1.1828571428571428e-11,1.3962200043649012e-05,0.8910974539566563,1.0065662862101696e-07,2103.762091398239,0.07,0.001,1000000,20251006_171402
1759,13,7.600000000000006,0.13157894736842096,1.5563909774436078e-12,1.1828571428571428e-11,1.3743034429045463e-05,0.8888046337318225,1.0065662862101696e-07,2086.068980693817,0.07,0.001,1000000,20251006_174848
1760,13,7.700000000000006,0.12987012987012977,1.5361781076066777e-12,1.1828571428571428e-11,1.3527616914627628e-05,0.8863844011059785,1.0065662862101696e-07,2109.8907713890076,0.07,0.001,1000000,20251006_182358
1761,13,7.800000000000006,0.1282051282051281,1.5164835164835153e-12,1.1828571428571428e-11,1.3320161206831485e-05,0.8841260094123077,1.0065662862101696e-07,2104.2444512844086,0.07,0.001,1000000,20251006_185902
1762,13,7.900000000000006,0.12658227848101256,1.497287522603977e-12,1.1828571428571428e-11,1.3118019556344683e-05,0.8818717866758488,1.0065662862101696e-07,2102.311895608902,0.07,0.001,1000000,20251006_193405
1763,13,8.000000000000007,0.12499999999999989,1.478571428571427e-12,1.1828571428571428e-11,1.2919300904364034e-05,0.879506561566781,1.0065662862101696e-07,2097.94628238678,0.07,0.001,1000000,20251006_200903
1764,13,8.100000000000007,0.12345679012345669,1.460317460317459e-12,1.1828571428571428e-11,1.2726445286588657e-05,0.8772072591663519,1.0065662862101696e-07,2119.794100999832,0.07,0.001,1000000,20251006_204423
1765,13,8.200000000000006,0.12195121951219502,1.4425087108013924e-12,1.1828571428571428e-11,1.253585630235256e-05,0.8747378943530457,1.0065662862101696e-07,2050.4812591075897,0.07,0.001,1000000,20251006_211833
1766,13,8.300000000000006,0.12048192771084329,1.4251290877796891e-12,1.1828571428571428e-11,1.2342675472266502e-05,0.871761099997787,1.0065662862101696e-07,1822.5282673835754,0.07,0.001,1000000,20251006_214856
1767,13,8.400000000000006,0.11904761904761897,1.4081632653061214e-12,1.1828571428571428e-11,1.2167630351357163e-05,0.8697518815107866,1.0065662862101696e-07,1703.1636900901794,0.07,0.001,1000000,20251006_221719
1768,13,8.500000000000007,0.11764705882352931,1.391596638655461e-12,1.1828571428571428e-11,1.1983870665213497e-05,0.8668144097819611,1.0065662862101696e-07,1530.1386542320251,0.07,0.001,1000000,20251006_224249
1769,13,8.600000000000007,0.11627906976744178,1.3754152823920255e-12,1.1828571428571428e-11,1.1818228639519589e-05,0.8648900927271584,1.0065662862101696e-07,2259.1913590431213,0.07,0.001,1000000,20251006_135957
1770,13,8.700000000000006,0.1149425287356321,1.3596059113300481e-12,1.1828571428571428e-11,1.1645841432144363e-05,0.8621844949672663,1.0065662862101696e-07,2256.1373867988586,0.07,0.001,1000000,20251006_143733
1771,13,8.800000000000008,0.11363636363636354,1.3441558441558428e-12,1.1828571428571428e-11,1.1482493809364779e-05,0.8598624333908365,1.0065662862101696e-07,2245.4272198677063,0.07,0.001,1000000,20251006_151458
1772,13,8.900000000000007,0.11235955056179765,1.3290529695024064e-12,1.1828571428571428e-11,1.1320757465432688e-05,0.8573843978041691,1.0065662862101696e-07,2263.8085746765137,0.07,0.001,1000000,20251006_155242
1773,13,9.000000000000007,0.11111111111111102,1.314285714285713e-12,1.1828571428571428e-11,1.1166178535689609e-05,0.8551792610739312,1.0065662862101696e-07,2196.5005366802216,0.07,0.001,1000000,20251006_162919
1774,13,9.100000000000007,0.1098901098901098,1.2998430141287273e-12,1.1828571428571428e-11,1.1020242640394965e-05,0.8533803380181709,1.0065662862101696e-07,2111.27428150177,0.07,0.001,1000000,20251006_170430
1775,13,9.200000000000006,0.10869565217391297,1.2857142857142847e-12,1.1828571428571428e-11,1.0869952818424499e-05,0.8509921808672141,1.0065662862101696e-07,2114.725462436676,0.07,0.001,1000000,20251006_173945
1776,13,9.300000000000008,0.10752688172043001,1.2718894009216577e-12,1.1828571428571428e-11,1.0728708767944993e-05,0.8490641192980625,1.0065662862101696e-07,2082.170793533325,0.07,0.001,1000000,20251006_181427
1777,13,9.400000000000007,0.10638297872340417,1.2583586626139806e-12,1.1828571428571428e-11,1.0586445098526714e-05,0.846814111396216,1.0065662862101696e-07,2130.2563161849976,0.07,0.001,1000000,20251006_184957
1778,13,9.500000000000007,0.10526315789473677,1.2451127819548862e-12,1.1828571428571428e-11,1.0451331067712899e-05,0.8448999681991785,1.0065662862101696e-07,2109.81915140152,0.07,0.001,1000000,20251006_192507
1779,13,9.600000000000009,0.10416666666666657,1.232142857142856e-12,1.1828571428571428e-11,1.031503768251434e-05,0.8426595270196517,1.0065662862101696e-07,2122.2766468524933,0.07,0.001,1000000,20251006_200029
1780,13,9.700000000000008,0.10309278350515455,1.2194403534609708e-12,1.1828571428571428e-11,1.0186637804658933e-05,0.8408386810312186,1.0065662862101696e-07,2113.374803543091,0.07,0.001,1000000,20251006_203543
1781,13,9.800000000000008,0.10204081632653053,1.206997084548104e-12,1.1828571428571428e-11,1.005913897604001e-05,0.8388744505853882,1.0065662862101696e-07,2108.233027458191,0.07,0.001,1000000,20251006_211051
1782,13,9.900000000000007,0.10101010101010094,1.194805194805194e-12,1.1828571428571428e-11,9.927076075355071e-06,0.8363087256015119,1.0065662862101696e-07,1854.3539159297943,0.07,0.001,1000000,20251006_214145
1783,13,10.000000000000007,0.09999999999999992,1.1828571428571418e-12,1.1828571428571428e-11,9.810708594143178e-06,0.8348538599381439,1.0065662862101696e-07,1749.235816001892,0.07,0.001,1000000,20251006_221055
1784,13,10.100000000000009,0.09900990099009893,1.1711456859971702e-12,1.1828571428571428e-11,9.682431056071754e-06,0.8321773103145517,1.0065662862101696e-07,1595.383407831192,0.07,0.001,1000000,20251006_223730
1785,13,10.200000000000008,0.09803921568627443,1.1596638655462173e-12,1.1828571428571428e-11,9.561329415383638e-06,0.8299052964232592,1.0065662862101696e-07,1425.4420754909515,0.07,0.001,1000000,20251006_230115
1786,13,10.300000000000008,0.09708737864077663,1.1484049930651862e-12,1.1828571428571428e-11,9.446153356761163e-06,0.8279465485349996,1.0065662862101696e-07,2263.044504880905,0.07,0.001,1000000,20251006_141939
1787,13,10.40000000000001,0.09615384615384606,1.1373626373626361e-12,1.1828571428571428e-11,9.328438365533702e-06,0.825567084171934,1.0065662862101696e-07,2248.654282808304,0.07,0.001,1000000,20251006_145708
1788,13,10.500000000000009,0.09523809523809516,1.126530612244897e-12,1.1828571428571428e-11,9.218698357718083e-06,0.8236998505641021,1.0065662862101696e-07,2241.548473596573,0.07,0.001,1000000,20251006_153429
1789,13,10.600000000000009,0.09433962264150936,1.1159029649595678e-12,1.1828571428571428e-11,9.105220172764188e-06,0.8213086569545265,1.0065662862101696e-07,2267.738970041275,0.07,0.001,1000000,20251006_161217
1790,13,10.700000000000008,0.09345794392523357,1.1054739652870486e-12,1.1828571428571428e-11,8.99324818341105e-06,0.8188614756379075,1.0065662862101696e-07,2398.081166744232,0.07,0.001,1000000,20251006_165215
1791,13,10.800000000000008,0.09259259259259253,1.0952380952380945e-12,1.1828571428571428e-11,8.887810549151682e-06,0.8168242591173167,1.0065662862101696e-07,2386.218230485916,0.07,0.001,1000000,20251006_173201
1792,13,10.90000000000001,0.09174311926605497,1.0851900393184786e-12,1.1828571428571428e-11,8.777169772916558e-06,0.8141249791888261,1.0065662862101696e-07,2399.055851459503,0.07,0.001,1000000,20251006_181200
1793,13,11.000000000000009,0.09090909090909084,1.0753246753246744e-12,1.1828571428571428e-11,8.683868515703681e-06,0.8128604766881335,1.0065662862101696e-07,2363.2932076454163,0.07,0.001,1000000,20251006_185124
1794,13,11.100000000000009,0.09009009009009002,1.0656370656370647e-12,1.1828571428571428e-11,8.570812471001912e-06,0.8095712092730849,1.0065662862101696e-07,2410.425353527069,0.07,0.001,1000000,20251006_193134
1795,13,11.20000000000001,0.0892857142857142,1.0561224489795909e-12,1.1828571428571428e-11,8.4717897468858e-06,0.8074270129676053,1.0065662862101696e-07,2397.777800321579,0.07,0.001,1000000,20251006_201132
1796,13,11.30000000000001,0.08849557522123887,1.0467762326169397e-12,1.1828571428571428e-11,8.369935173951728e-06,0.8048419806783568,1.0065662862101696e-07,2282.516949415207,0.07,0.001,1000000,20251006_204935
1797,13,11.40000000000001,0.08771929824561396,1.037593984962405e-12,1.1828571428571428e-11,8.277675649676302e-06,0.8030144119859101,1.0065662862101696e-07,1843.6016676425934,0.07,0.001,1000000,20251006_212018
1798,13,11.500000000000009,0.08695652173913036,1.0285714285714276e-12,1.1828571428571428e-11,8.181367715052855e-06,0.8006336447142193,1.0065662862101696e-07,1837.9827189445496,0.07,0.001,1000000,20251006_215056
1799,13,11.600000000000009,0.08620689655172407,1.019704433497536e-12,1.1828571428571428e-11,8.087387160420143e-06,0.7983187080286028,1.0065662862101696e-07,1839.2258310317993,0.07,0.001,1000000,20251006_222135
1800,13,11.70000000000001,0.0854700854700854,1.0109890109890102e-12,1.1828571428571428e-11,8.000743197705766e-06,0.7965742733007324,1.0065662862101696e-07,1573.933188199997,0.07,0.001,1000000,20251006_224749
1801,13,11.80000000000001,0.08474576271186433,1.0024213075060524e-12,1.1828571428571428e-11,7.896187278691792e-06,0.7928837749974498,1.0065662862101696e-07,1505.0564696788788,0.07,0.001,1000000,20251006_231254
1802,13,11.90000000000001,0.08403361344537809,9.93997599039615e-13,1.1828571428571428e-11,7.820132568769337e-06,0.7919014900058761,1.0065662862101696e-07,1416.3177647590637,0.07,0.001,1000000,20251006_233631
1803,13,12.00000000000001,0.08333333333333326,9.857142857142848e-13,1.1828571428571428e-11,7.725418742557406e-06,0.7888843822000171,1.0065662862101696e-07,2278.0439388751984,0.07,0.001,1000000,20251006_154222
1804,13,12.10000000000001,0.08264462809917349,9.77567886658795e-13,1.1828571428571428e-11,7.642922258486752e-06,0.7869640542113279,1.0065662862101696e-07,2287.6522703170776,0.07,0.001,1000000,20251006_162030
1805,13,12.20000000000001,0.08196721311475404,9.69555035128805e-13,1.1828571428571428e-11,7.552107833512007e-06,0.7840397769711989,1.0065662862101696e-07,2394.40517783165,0.07,0.001,1000000,20251006_170024
1806,13,12.30000000000001,0.08130081300813002,9.61672473867595e-13,1.1828571428571428e-11,7.467170644575153e-06,0.7815761008505746,1.0065662862101696e-07,2408.1994717121124,0.07,0.001,1000000,20251006_174032
1807,13,12.40000000000001,0.08064516129032252,9.539170506912434e-13,1.1828571428571428e-11,7.389729705940548e-06,0.7797588669597125,1.0065662862101696e-07,2399.0101521015167,0.07,0.001,1000000,20251006_182031
1808,13,12.50000000000001,0.07999999999999993,9.462857142857135e-13,1.1828571428571428e-11,7.301501726695669e-06,0.776662414516613,1.0065662862101696e-07,2408.5882477760315,0.07,0.001,1000000,20251006_190040
1809,13,12.60000000000001,0.0793650793650793,9.387755102040808e-13,1.1828571428571428e-11,7.218536469913439e-06,0.7739800801593016,1.0065662862101696e-07,2415.1074500083923,0.07,0.001,1000000,20251006_194055
1810,13,12.70000000000001,0.0787401574803149,9.313835770528677e-13,1.1828571428571428e-11,7.138121018671369e-06,0.7714321082424405,1.0065662862101696e-07,2384.1462836265564,0.07,0.001,1000000,20251006_202039
1811,13,12.800000000000011,0.07812499999999993,9.241071428571419e-13,1.1828571428571428e-11,7.057428132455056e-06,0.7687170562838765,1.0065662862101696e-07,2139.307546854019,0.07,0.001,1000000,20251006_205618
1812,13,12.900000000000011,0.07751937984496117,9.169435215946836e-13,1.1828571428571428e-11,6.9852871042910546e-06,0.7668034435152504,1.0065662862101696e-07,1835.9172892570496,0.07,0.001,1000000,20251006_212654
1813,13,13.00000000000001,0.07692307692307686,9.09890109890109e-13,1.1828571428571428e-11,6.901358667232672e-06,0.76346306965791,1.0065662862101696e-07,1848.6664021015167,0.07,0.001,1000000,20251006_215743
1814,13,13.10000000000001,0.07633587786259537,9.029443838604137e-13,1.1828571428571428e-11,6.832493681116615e-06,0.7616590692721086,1.0065662862101696e-07,1821.6481544971466,0.07,0.001,1000000,20251006_222805
1815,13,13.20000000000001,0.0757575757575757,8.961038961038954e-13,1.1828571428571428e-11,6.752993098059579e-06,0.758543201638825,1.0065662862101696e-07,1578.2014224529266,0.07,0.001,1000000,20251006_225423
1816,13,13.300000000000011,0.07518796992481197,8.893662728249186e-13,1.1828571428571428e-11,6.677344942326607e-06,0.755728039808981,1.0065662862101696e-07,1471.566266298294,0.07,0.001,1000000,20251006_231854
1817,13,13.400000000000011,0.07462686567164173,8.827292110874192e-13,1.1828571428571428e-11,6.603297373447018e-06,0.7529666437280385,1.0065662862101696e-07,1403.5647475719452,0.07,0.001,1000000,20251006_234218
1818,13,13.50000000000001,0.07407407407407401,8.761904761904755e-13,1.1828571428571428e-11,6.523194491100027e-06,0.7493835908467236,1.0065662862101696e-07,1382.3910636901855,0.07,0.001,1000000,20251007_000520
1819,13,13.600000000000012,0.07352941176470582,8.697478991596631e-13,1.1828571428571428e-11,6.461545496248697e-06,0.7477998923160536,1.0065662862101696e-07,1356.4123957157135,0.07,0.001,1000000,20251007_002757
1820,13,13.700000000000012,0.07299270072992695,8.633993743482787e-13,1.1828571428571428e-11,6.385131998350521e-06,0.7443899999803395,1.0065662862101696e-07,2265.0287623405457,0.07,0.001,1000000,20251006_155236
1821,13,13.800000000000011,0.07246376811594198,8.571428571428565e-13,1.1828571428571428e-11,6.318644003918764e-06,0.7420156367060117,1.0065662862101696e-07,2183.520211458206,0.07,0.001,1000000,20251006_162900
1822,13,13.900000000000011,0.07194244604316541,8.50976361767728e-13,1.1828571428571428e-11,6.2440994692340426e-06,0.738575158588166,1.0065662862101696e-07,2115.5570101737976,0.07,0.001,1000000,20251006_170415
1823,13,14.00000000000001,0.07142857142857137,8.448979591836727e-13,1.1828571428571428e-11,6.178483936097596e-06,0.7360715648994705,1.0065662862101696e-07,2108.192253112793,0.07,0.001,1000000,20251006_173924
1824,13,14.100000000000012,0.07092198581560277,8.38905775075987e-13,1.1828571428571428e-11,6.103363721807211e-06,0.7323158735309575,1.0065662862101696e-07,2119.9368662834167,0.07,0.001,1000000,20251006_181444
1825,13,14.200000000000012,0.07042253521126755,8.329979879275648e-13,1.1828571428571428e-11,6.036074675287064e-06,0.7293786248279969,1.0065662862101696e-07,2119.01997756958,0.07,0.001,1000000,20251006_185003
1826,13,14.300000000000011,0.06993006993006988,8.271728271728265e-13,1.1828571428571428e-11,5.976869883409363e-06,0.7273106083848407,1.0065662862101696e-07,2127.3763089179993,0.07,0.001,1000000,20251006_192530
1827,13,14.400000000000013,0.06944444444444438,8.214285714285706e-13,1.1828571428571428e-11,5.902831953674489e-06,0.7233241993761738,1.0065662862101696e-07,2099.251456975937,0.07,0.001,1000000,20251006_200029
1828,13,14.500000000000012,0.06896551724137925,8.157635467980289e-13,1.1828571428571428e-11,5.8447068397131e-06,0.7211752573069752,1.0065662862101696e-07,2123.746232509613,0.07,0.001,1000000,20251006_203553
1829,13,14.600000000000012,0.06849315068493145,8.101761252446176e-13,1.1828571428571428e-11,5.787091073244901e-06,0.7189906722809645,1.0065662862101696e-07,2117.246984243393,0.07,0.001,1000000,20251006_211110
1830,13,14.700000000000012,0.06802721088435369,8.046647230320693e-13,1.1828571428571428e-11,5.710692952013536e-06,0.7143585187548684,1.0065662862101696e-07,1856.794795513153,0.07,0.001,1000000,20251006_214207
1831,13,14.800000000000011,0.06756756756756752,7.992277992277986e-13,1.1828571428571428e-11,5.65869420665616e-06,0.7126692562365994,1.0065662862101696e-07,1755.052230834961,0.07,0.001,1000000,20251006_221122
1832,13,14.900000000000013,0.06711409395973149,7.938638542665381e-13,1.1828571428571428e-11,5.5877833943307755e-06,0.7084935721849831,1.0065662862101696e-07,1607.3083214759827,0.07,0.001,1000000,20251006_223810
1833,13,15.000000000000012,0.06666666666666661,7.885714285714279e-13,1.1828571428571428e-11,5.530485519675596e-06,0.7059348169085675,1.0065662862101696e-07,1429.7524785995483,0.07,0.001,1000000,20251006_230159
1834,14,1.0,1.0,1.1828571428571428e-11,1.1828571428571428e-11,0.00011732834280867085,0.998419420310172,1.0065662862101696e-07,1593.6263637542725,0.07,0.001,1000000,20251006_232833
1835,14,1.1,0.9090909090909091,1.0753246753246752e-11,1.1828571428571428e-11,0.00010662549925884372,0.9980765369480101,1.0065662862101696e-07,1480.8649926185608,0.07,0.001,1000000,20251006_235314
1836,14,1.2000000000000002,0.8333333333333333,9.857142857142855e-12,1.1828571428571428e-11,9.769009989155138e-05,0.9975665613498198,1.0065662862101696e-07,1455.0578527450562,0.07,0.001,1000000,20251007_001729
1837,14,1.3000000000000003,0.769230769230769,9.098901098901096e-12,1.1828571428571428e-11,9.016539732624707e-05,0.9974550568783076,1.0065662862101696e-07,2587.742451906204,0.07,0.001,1000000,20251006_162252
1838,14,1.4000000000000004,0.7142857142857141,8.448979591836732e-12,1.1828571428571428e-11,8.373308262022843e-05,0.9975512082832513,1.0065662862101696e-07,2700.443778514862,0.07,0.001,1000000,20251006_170753
1839,14,1.5000000000000004,0.6666666666666665,7.885714285714283e-12,1.1828571428571428e-11,7.814229225240645e-05,0.9974416274622853,1.0065662862101696e-07,2690.142614841461,0.07,0.001,1000000,20251006_175243
1840,14,1.6000000000000005,0.6249999999999998,7.39285714285714e-12,1.1828571428571428e-11,7.322559502532173e-05,0.9969949887558955,1.0065662862101696e-07,2695.3354444503784,0.07,0.001,1000000,20251006_183738
1841,14,1.7000000000000006,0.5882352941176469,6.957983193277308e-12,1.1828571428571428e-11,6.88865745695409e-05,0.9965373817113677,1.0065662862101696e-07,2704.8053612709045,0.07,0.001,1000000,20251006_192243
1842,14,1.8000000000000007,0.5555555555555554,6.571428571428569e-12,1.1828571428571428e-11,6.504202576789893e-05,0.9962690701596988,1.0065662862101696e-07,2678.5044689178467,0.07,0.001,1000000,20251006_200722
1843,14,1.9000000000000008,0.526315789473684,6.225563909774433e-12,1.1828571428571428e-11,6.161968226684443e-05,0.9962839613517923,1.0065662862101696e-07,2547.993389606476,0.07,0.001,1000000,20251006_204950
1844,14,2.000000000000001,0.4999999999999998,5.9142857142857115e-12,1.1828571428571428e-11,5.851196356359943e-05,0.995828959037535,1.0065662862101696e-07,2019.1140122413635,0.07,0.001,1000000,20251006_212329
1845,14,2.100000000000001,0.47619047619047594,5.632653061224486e-12,1.1828571428571428e-11,5.568103593130342e-05,0.9950311680926266,1.0065662862101696e-07,2042.9617567062378,0.07,0.001,1000000,20251006_215732
1846,14,2.200000000000001,0.4545454545454543,5.3766233766233736e-12,1.1828571428571428e-11,5.31347979586937e-05,0.9947450751776266,1.0065662862101696e-07,1967.4894201755524,0.07,0.001,1000000,20251006_223019
1847,14,2.300000000000001,0.43478260869565194,5.14285714285714e-12,1.1828571428571428e-11,5.0803735676313665e-05,0.9943369244921423,1.0065662862101696e-07,1717.8866419792175,0.07,0.001,1000000,20251006_225857
1848,14,2.4000000000000012,0.41666666666666646,4.928571428571426e-12,1.1828571428571428e-11,4.862254256782894e-05,0.9930222744642562,1.0065662862101696e-07,1592.0994715690613,0.07,0.001,1000000,20251006_232529
1849,14,2.5000000000000013,0.3999999999999998,4.731428571428569e-12,1.1828571428571428e-11,4.658681195498269e-05,0.9910899760606564,1.0065662862101696e-07,1555.7042391300201,0.07,0.001,1000000,20251006_235125
1850,14,2.6000000000000014,0.3846153846153844,4.549450549450547e-12,1.1828571428571428e-11,4.475887441524988e-05,0.990290442887584,1.0065662862101696e-07,1527.4676313400269,0.07,0.001,1000000,20251007_001653
1851,14,2.7000000000000015,0.3703703703703702,4.380952380952379e-12,1.1828571428571428e-11,4.303025404264699e-05,0.9886618077544937,1.0065662862101696e-07,1292.489578962326,0.07,0.001,1000000,20251007_003825
1852,14,2.8000000000000016,0.35714285714285693,4.224489795918364e-12,1.1828571428571428e-11,4.136584274561407e-05,0.9856210979284672,1.0065662862101696e-07,1240.001381635666,0.07,0.001,1000000,20251007_005905
1853,14,2.9000000000000017,0.34482758620689635,4.078817733990145e-12,1.1828571428571428e-11,3.9858138501592855e-05,0.9836148870410847,1.0065662862101696e-07,1247.2445693016052,0.07,0.001,1000000,20251007_011952
1854,14,3.0000000000000018,0.33333333333333315,3.942857142857141e-12,1.1828571428571428e-11,3.8438508246903236e-05,0.9812911067203287,1.0065662862101696e-07,2467.7313854694366,0.07,0.001,1000000,20251006_162159
1855,14,3.100000000000002,0.32258064516129015,3.815668202764975e-12,1.1828571428571428e-11,3.7108729706036695e-05,0.9789214958238619,1.0065662862101696e-07,2341.8671414852142,0.07,0.001,1000000,20251006_170100
1856,14,3.200000000000002,0.31249999999999983,3.696428571428569e-12,1.1828571428571428e-11,3.586823569435777e-05,0.9767199906104943,1.0065662862101696e-07,2320.953366994858,0.07,0.001,1000000,20251006_173941
1857,14,3.300000000000002,0.3030303030303028,3.5844155844155817e-12,1.1828571428571428e-11,3.470168551474181e-05,0.9744837307837441,1.0065662862101696e-07,2341.5809655189514,0.07,0.001,1000000,20251006_181843
1858,14,3.400000000000002,0.2941176470588234,3.4789915966386535e-12,1.1828571428571428e-11,3.35950117989492e-05,0.9719944795016817,1.0065662862101696e-07,2338.380248069763,0.07,0.001,1000000,20251006_185741
1859,14,3.500000000000002,0.28571428571428553,3.3795918367346915e-12,1.1828571428571428e-11,3.2564103522344385e-05,0.9698783264288865,1.0065662862101696e-07,2342.4919877052307,0.07,0.001,1000000,20251006_193644
1860,14,3.6000000000000023,0.2777777777777776,3.2857142857142837e-12,1.1828571428571428e-11,3.159718093515498e-05,0.967967823827253,1.0065662862101696e-07,2343.9119441509247,0.07,0.001,1000000,20251006_201548
1861,14,3.7000000000000024,0.2702702702702701,3.1969111969111947e-12,1.1828571428571428e-11,3.069466410073498e-05,0.9664395457777138,1.0065662862101696e-07,2314.066795349121,0.07,0.001,1000000,20251006_205422
1862,14,3.8000000000000025,0.2631578947368419,3.1127819548872156e-12,1.1828571428571428e-11,2.983838464379052e-05,0.9648704102211684,1.0065662862101696e-07,2172.803696155548,0.07,0.001,1000000,20251006_213035
1863,14,3.9000000000000026,0.2564102564102562,3.0329670329670305e-12,1.1828571428571428e-11,2.9041106410550874e-05,0.9638020561834543,1.0065662862101696e-07,1973.7293303012848,0.07,0.001,1000000,20251006_220328
1864,14,4.000000000000003,0.24999999999999983,2.957142857142855e-12,1.1828571428571428e-11,2.8263574046055774e-05,0.9620489146760949,1.0065662862101696e-07,1806.6772606372833,0.07,0.001,1000000,20251006_223335
1865,14,4.100000000000003,0.24390243902439004,2.885017421602785e-12,1.1828571428571428e-11,2.7529584645976963e-05,0.9604916618706213,1.0065662862101696e-07,1602.4870436191559,0.07,0.001,1000000,20251006_230018
1866,14,4.200000000000003,0.23809523809523794,2.8163265306122427e-12,1.1828571428571428e-11,2.6824685335131628e-05,0.9587249064713429,1.0065662862101696e-07,1529.438220024109,0.07,0.001,1000000,20251006_232547
1867,14,4.3000000000000025,0.23255813953488358,2.7508305647840515e-12,1.1828571428571428e-11,2.615475167955465e-05,0.9570379070913526,1.0065662862101696e-07,1455.6424918174744,0.07,0.001,1000000,20251006_235003
1868,14,4.400000000000003,0.22727272727272713,2.6883116883116864e-12,1.1828571428571428e-11,2.552202406356653e-05,0.9556038122337047,1.0065662862101696e-07,1407.9961371421814,0.07,0.001,1000000,20251007_001331
1869,14,4.5000000000000036,0.22222222222222204,2.628571428571426e-12,1.1828571428571428e-11,2.492112696226237e-05,0.9543117581632395,1.0065662862101696e-07,1308.3381781578064,0.07,0.001,1000000,20251007_003519
1870,14,4.600000000000003,0.21739130434782594,2.5714285714285694e-12,1.1828571428571428e-11,2.4340615906462466e-05,0.9527950194402938,1.0065662862101696e-07,1243.3551969528198,0.07,0.001,1000000,20251007_005602
1871,14,4.700000000000003,0.21276595744680837,2.5167173252279616e-12,1.1828571428571428e-11,2.3789534011836292e-05,0.9514673205818056,1.0065662862101696e-07,2531.962424516678,0.07,0.001,1000000,20251006_162525
1872,14,4.800000000000003,0.20833333333333318,2.4642857142857122e-12,1.1828571428571428e-11,2.3258261926270932e-05,0.9500108771930988,1.0065662862101696e-07,2638.976007461548,0.07,0.001,1000000,20251006_170924
1873,14,4.900000000000004,0.20408163265306106,2.413994169096208e-12,1.1828571428571428e-11,2.274607463764941e-05,0.9484460305241779,1.0065662862101696e-07,2637.4590051174164,0.07,0.001,1000000,20251006_175322
1874,14,5.0000000000000036,0.19999999999999984,2.3657142857142835e-12,1.1828571428571428e-11,2.2261167352580554e-05,0.947170192279775,1.0065662862101696e-07,2666.9120905399323,0.07,0.001,1000000,20251006_183749
1875,14,5.100000000000003,0.1960784313725489,2.3193277310924355e-12,1.1828571428571428e-11,2.177887666436696e-05,0.9451826366753122,1.0065662862101696e-07,2671.829942703247,0.07,0.001,1000000,20251006_192221
1876,14,5.200000000000004,0.19230769230769218,2.274725274725273e-12,1.1828571428571428e-11,2.1326590014845e-05,0.9437019383082215,1.0065662862101696e-07,2653.5023951530457,0.07,0.001,1000000,20251006_200634
1877,14,5.300000000000004,0.18867924528301872,2.2318059299191357e-12,1.1828571428571428e-11,2.0892962931607453e-05,0.9422930472613643,1.0065662862101696e-07,2531.5400865077972,0.07,0.001,1000000,20251006_204846
1878,14,5.400000000000004,0.18518518518518506,2.190476190476189e-12,1.1828571428571428e-11,2.047712345176308e-05,0.940963530885381,1.0065662862101696e-07,2001.6366939544678,0.07,0.001,1000000,20251006_212207
1879,14,5.5000000000000036,0.1818181818181817,2.1506493506493493e-12,1.1828571428571428e-11,2.0064807646714433e-05,0.9390912056573414,1.0065662862101696e-07,2020.9724869728088,0.07,0.001,1000000,20251006_215548
1880,14,5.600000000000004,0.17857142857142844,2.1122448979591817e-12,1.1828571428571428e-11,1.968157110672632e-05,0.93790288970847,1.0065662862101696e-07,2003.5201201438904,0.07,0.001,1000000,20251006_222912
1881,14,5.700000000000005,0.17543859649122792,2.07518796992481e-12,1.1828571428571428e-11,1.9298093634368573e-05,0.9360506480377441,1.0065662862101696e-07,1645.9625828266144,0.07,0.001,1000000,20251006_225638
1882,14,5.800000000000004,0.17241379310344815,2.039408866995072e-12,1.1828571428571428e-11,1.894061648919834e-05,0.9348290235765431,1.0065662862101696e-07,1539.043974161148,0.07,0.001,1000000,20251006_232217
1883,14,5.900000000000004,0.1694915254237287,2.004842615012105e-12,1.1828571428571428e-11,1.8582714017138965e-05,0.932977646019575,1.0065662862101696e-07,1500.389918088913,0.07,0.001,1000000,20251006_234717
1884,14,6.000000000000004,0.16666666666666655,1.97142857142857e-12,1.1828571428571428e-11,1.824348710268803e-05,0.9314706769806581,1.0065662862101696e-07,1418.2434360980988,0.07,0.001,1000000,20251007_001056
1885,14,6.100000000000005,0.16393442622950807,1.93911007025761e-12,1.1828571428571428e-11,1.7909536124461727e-05,0.929660236468754,1.0065662862101696e-07,1339.3798682689667,0.07,0.001,1000000,20251007_003315
1886,14,6.200000000000005,0.16129032258064505,1.907834101382487e-12,1.1828571428571428e-11,1.7593428808380262e-05,0.928222861962776,1.0065662862101696e-07,1245.1040680408478,0.07,0.001,1000000,20251007_005400
1887,14,6.300000000000004,0.1587301587301586,1.8775510204081617e-12,1.1828571428571428e-11,1.7281846983496884e-05,0.9264901112114281,1.0065662862101696e-07,1248.5390644073486,0.07,0.001,1000000,20251007_011449
1888,14,6.400000000000005,0.1562499999999999,1.848214285714284e-12,1.1828571428571428e-11,1.698531587316508e-05,0.9250467573326302,1.0065662862101696e-07,2562.464947462082,0.07,0.001,1000000,20251006_162812
1889,14,6.500000000000005,0.15384615384615372,1.819780219780218e-12,1.1828571428571428e-11,1.6696329425849708e-05,0.9235160444566672,1.0065662862101696e-07,2647.995531797409,0.07,0.001,1000000,20251006_171220
1890,14,6.600000000000005,0.1515151515151514,1.7922077922077908e-12,1.1828571428571428e-11,1.641218241996693e-05,0.9217652985828891,1.0065662862101696e-07,2643.0371568202972,0.07,0.001,1000000,20251006_175623
1891,14,6.700000000000005,0.14925373134328349,1.7654584221748389e-12,1.1828571428571428e-11,1.6141556356813948e-05,0.9203018452122643,1.0065662862101696e-07,2659.9179770946503,0.07,0.001,1000000,20251006_184043
1892,14,6.800000000000005,0.14705882352941166,1.7394957983193263e-12,1.1828571428571428e-11,1.5869215648878752e-05,0.9182785883238959,1.0065662862101696e-07,2642.4207916259766,0.07,0.001,1000000,20251006_192445
1893,14,6.900000000000006,0.14492753623188395,1.714285714285713e-12,1.1828571428571428e-11,1.5614473865102956e-05,0.9168251732221427,1.0065662862101696e-07,2661.8755044937134,0.07,0.001,1000000,20251006_200907
1894,14,7.000000000000005,0.14285714285714274,1.6897959183673454e-12,1.1828571428571428e-11,1.5369050251178278e-05,0.9154932655330851,1.0065662862101696e-07,2509.6960566043854,0.07,0.001,1000000,20251006_205057
1895,14,7.100000000000005,0.1408450704225351,1.6659959758551295e-12,1.1828571428571428e-11,1.5124578867817063e-05,0.9138011977284188,1.0065662862101696e-07,1996.4882969856262,0.07,0.001,1000000,20251006_212413
1896,14,7.2000000000000055,0.13888888888888878,1.6428571428571414e-12,1.1828571428571428e-11,1.4884093903619288e-05,0.9119373032103177,1.0065662862101696e-07,2028.5851504802704,0.07,0.001,1000000,20251006_215802
1897,14,7.300000000000006,0.1369863013698629,1.6203522504892353e-12,1.1828571428571428e-11,1.4660206095269277e-05,0.9106951405125303,1.0065662862101696e-07,1966.906839132309,0.07,0.001,1000000,20251006_223049
1898,14,7.400000000000006,0.13513513513513503,1.5984555984555972e-12,1.1828571428571428e-11,1.4427187466992389e-05,0.9084969593862529,1.0065662862101696e-07,1709.5249733924866,0.07,0.001,1000000,20251006_225918
1899,14,7.500000000000005,0.13333333333333325,1.577142857142856e-12,1.1828571428571428e-11,1.4216986662900906e-05,0.9073584806578788,1.0065662862101696e-07,1596.2836565971375,0.07,0.001,1000000,20251006_232555
1900,14,7.600000000000006,0.13157894736842096,1.5563909774436078e-12,1.1828571428571428e-11,1.4003978504915696e-05,0.9056806959272398,1.0065662862101696e-07,1561.3457324504852,0.07,0.001,1000000,20251006_235156
1901,14,7.700000000000006,0.12987012987012977,1.5361781076066777e-12,1.1828571428571428e-11,1.379054656821989e-05,0.9036126198678782,1.0065662862101696e-07,1535.5889084339142,0.07,0.001,1000000,20251007_001732
1902,14,7.800000000000006,0.1282051282051281,1.5164835164835153e-12,1.1828571428571428e-11,1.3589209947015332e-05,0.9019841257896197,1.0065662862101696e-07,1311.5313611030579,0.07,0.001,1000000,20251007_003923
1903,14,7.900000000000006,0.12658227848101256,1.497287522603977e-12,1.1828571428571428e-11,1.3398405884290936e-05,0.9007210337686273,1.0065662862101696e-07,1246.2541816234589,0.07,0.001,1000000,20251007_010010
1904,14,8.000000000000007,0.12499999999999989,1.478571428571427e-12,1.1828571428571428e-11,1.3200374755195472e-05,0.8986412111829679,1.0065662862101696e-07,1241.073694229126,0.07,0.001,1000000,20251007_012051
1905,14,8.100000000000007,0.12345679012345669,1.460317460317459e-12,1.1828571428571428e-11,1.301745823287404e-05,0.8972661729670456,1.0065662862101696e-07,2580.0988347530365,0.07,0.001,1000000,20251006_163246
1906,14,8.200000000000006,0.12195121951219502,1.4425087108013924e-12,1.1828571428571428e-11,1.283371445756415e-05,0.8955221000125165,1.0065662862101696e-07,2671.7023973464966,0.07,0.001,1000000,20251006_171718
1907,14,8.300000000000006,0.12048192771084329,1.4251290877796891e-12,1.1828571428571428e-11,1.2653993219233892e-05,0.893749420289845,1.0065662862101696e-07,2645.030440092087,0.07,0.001,1000000,20251006_180123
1908,14,8.400000000000006,0.11904761904761897,1.4081632653061214e-12,1.1828571428571428e-11,1.2482339896575443e-05,0.8922475697573048,1.0065662862101696e-07,2686.2533297538757,0.07,0.001,1000000,20251006_184610
1909,14,8.500000000000007,0.11764705882352931,1.391596638655461e-12,1.1828571428571428e-11,1.2310862806255035e-05,0.8904663255659847,1.0065662862101696e-07,2672.0887694358826,0.07,0.001,1000000,20251006_193042
1910,14,8.600000000000007,0.11627906976744178,1.3754152823920255e-12,1.1828571428571428e-11,1.2143843670738567e-05,0.8887194857042592,1.0065662862101696e-07,2678.882671356201,0.07,0.001,1000000,20251006_201521
1911,14,8.700000000000006,0.1149425287356321,1.3596059113300481e-12,1.1828571428571428e-11,1.1982921670049862e-05,0.8871397853492758,1.0065662862101696e-07,2424.4380621910095,0.07,0.001,1000000,20251006_205545
1912,14,8.800000000000008,0.11363636363636354,1.3441558441558428e-12,1.1828571428571428e-11,1.1825197959035692e-05,0.8855257108078761,1.0065662862101696e-07,2029.613802909851,0.07,0.001,1000000,20251006_212935
1913,14,8.900000000000007,0.11235955056179765,1.3290529695024064e-12,1.1828571428571428e-11,1.1667924206159947e-05,0.8836772804001394,1.0065662862101696e-07,2030.6390204429626,0.07,0.001,1000000,20251006_220325
1914,14,9.000000000000007,0.11111111111111102,1.314285714285713e-12,1.1828571428571428e-11,1.1522101370733736e-05,0.8824381685058261,1.0065662862101696e-07,1936.6379759311676,0.07,0.001,1000000,20251006_223542
1915,14,9.100000000000007,0.1098901098901098,1.2998430141287273e-12,1.1828571428571428e-11,1.1367310863662938e-05,0.8802564429600103,1.0065662862101696e-07,1714.5635113716125,0.07,0.001,1000000,20251006_230417
1916,14,9.200000000000006,0.10869565217391297,1.2857142857142847e-12,1.1828571428571428e-11,1.122643680641395e-05,0.878900773613742,1.0065662862101696e-07,1563.1512944698334,0.07,0.001,1000000,20251006_233020
1917,14,9.300000000000008,0.10752688172043001,1.2718894009216577e-12,1.1828571428571428e-11,1.1084255349587411e-05,0.8772018804901281,1.0065662862101696e-07,1515.087592124939,0.07,0.001,1000000,20251006_235535
1918,14,9.400000000000007,0.10638297872340417,1.2583586626139806e-12,1.1828571428571428e-11,1.0936277299665148e-05,0.8747973335059733,1.0065662862101696e-07,1528.74018740654,0.07,0.001,1000000,20251007_002104
1919,14,9.500000000000007,0.10526315789473677,1.2451127819548862e-12,1.1828571428571428e-11,1.0803112230342715e-05,0.8733384408868534,1.0065662862101696e-07,1267.9045317173004,0.07,0.001,1000000,20251007_004211
1920,14,9.600000000000009,0.10416666666666657,1.232142857142856e-12,1.1828571428571428e-11,1.0671450674113567e-05,0.8717757369811316,1.0065662862101696e-07,1252.9870409965515,0.07,0.001,1000000,20251007_010304
1921,14,9.700000000000008,0.10309278350515455,1.2194403534609708e-12,1.1828571428571428e-11,1.053759012668282e-05,0.8698074431698357,1.0065662862101696e-07,1253.0910003185272,0.07,0.001,1000000,20251007_012358
1922,14,9.800000000000008,0.10204081632653053,1.206997084548104e-12,1.1828571428571428e-11,1.0416088247010044e-05,0.8686419708756509,1.0065662862101696e-07,2428.9133021831512,0.07,0.001,1000000,20251006_163217
1923,14,9.900000000000007,0.10101010101010094,1.194805194805194e-12,1.1828571428571428e-11,1.028351944844777e-05,0.8663373766199436,1.0065662862101696e-07,2329.412386894226,0.07,0.001,1000000,20251006_171107
1924,14,10.000000000000007,0.09999999999999992,1.1828571428571418e-12,1.1828571428571428e-11,1.0158663824287313e-05,0.8644635220929157,1.0065662862101696e-07,2333.227482318878,0.07,0.001,1000000,20251006_175000
1925,14,10.100000000000009,0.09900990099009893,1.1711456859971702e-12,1.1828571428571428e-11,1.0034010147739612e-05,0.8623945296443521,1.0065662862101696e-07,2341.3041050434113,0.07,0.001,1000000,20251006_182901
1926,14,10.200000000000008,0.09803921568627443,1.1596638655462173e-12,1.1828571428571428e-11,9.916670100834076e-06,0.8607481953631821,1.0065662862101696e-07,2333.922777891159,0.07,0.001,1000000,20251006_190755
1927,14,10.300000000000008,0.09708737864077663,1.1484049930651862e-12,1.1828571428571428e-11,9.797740762371906e-06,0.8587628573529626,1.0065662862101696e-07,2340.704925060272,0.07,0.001,1000000,20251006_194656
1928,14,10.40000000000001,0.09615384615384606,1.1373626373626361e-12,1.1828571428571428e-11,9.684673448906928e-06,0.8570939000800278,1.0065662862101696e-07,2337.9192926883698,0.07,0.001,1000000,20251006_202554
1929,14,10.500000000000009,0.09523809523809516,1.126530612244897e-12,1.1828571428571428e-11,9.570527398661091e-06,0.8551361246674021,1.0065662862101696e-07,2316.958906173706,0.07,0.001,1000000,20251006_210431
1930,14,10.600000000000009,0.09433962264150936,1.1159029649595678e-12,1.1828571428571428e-11,9.459322985520492e-06,0.8532494228064751,1.0065662862101696e-07,2095.1346893310547,0.07,0.001,1000000,20251006_213926
1931,14,10.700000000000008,0.09345794392523357,1.1054739652870486e-12,1.1828571428571428e-11,9.354085166857732e-06,0.851716735350957,1.0065662862101696e-07,1950.3929340839386,0.07,0.001,1000000,20251006_221156
1932,14,10.800000000000008,0.09259259259259253,1.0952380952380945e-12,1.1828571428571428e-11,9.235745525207e-06,0.8488008328151566,1.0065662862101696e-07,1761.9989936351776,0.07,0.001,1000000,20251006_224118
1933,14,10.90000000000001,0.09174311926605497,1.0851900393184786e-12,1.1828571428571428e-11,9.132873579363409e-06,0.8471182288938165,1.0065662862101696e-07,1548.1340413093567,0.07,0.001,1000000,20251006_230707
1934,14,11.000000000000009,0.09090909090909084,1.0753246753246744e-12,1.1828571428571428e-11,9.023624198673143e-06,0.8446635798692369,1.0065662862101696e-07,1562.2317645549774,0.07,0.001,1000000,20251006_233309
1935,14,11.100000000000009,0.09009009009009002,1.0656370656370647e-12,1.1828571428571428e-11,8.927380602531202e-06,0.843251481056778,1.0065662862101696e-07,1469.6834616661072,0.07,0.001,1000000,20251006_235739
1936,14,11.20000000000001,0.0892857142857142,1.0561224489795909e-12,1.1828571428571428e-11,8.82089034888867e-06,0.8406989973678304,1.0065662862101696e-07,1533.8573541641235,0.07,0.001,1000000,20251007_002312
1937,14,11.30000000000001,0.08849557522123887,1.0467762326169397e-12,1.1828571428571428e-11,8.71824344595412e-06,0.838334846954967,1.0065662862101696e-07,1272.5208714008331,0.07,0.001,1000000,20251007_004425
1938,14,11.40000000000001,0.08771929824561396,1.037593984962405e-12,1.1828571428571428e-11,8.629171996765287e-06,0.837112949355382,1.0065662862101696e-07,1248.9911699295044,0.07,0.001,1000000,20251007_010514
1939,14,11.500000000000009,0.08695652173913036,1.0285714285714276e-12,1.1828571428571428e-11,8.522751090871487e-06,0.8340416305114632,1.0065662862101696e-07,2653.0524497032166,0.07,0.001,1000000,20251006_164842
1940,14,11.600000000000009,0.08620689655172407,1.019704433497536e-12,1.1828571428571428e-11,8.433069334192398e-06,0.8324415391581624,1.0065662862101696e-07,2668.6611580848694,0.07,0.001,1000000,20251006_173311
1941,14,11.70000000000001,0.0854700854700854,1.0109890109890102e-12,1.1828571428571428e-11,8.341968563365398e-06,0.8305475356546648,1.0065662862101696e-07,2660.8482954502106,0.07,0.001,1000000,20251006_181732
1942,14,11.80000000000001,0.08474576271186433,1.0024213075060524e-12,1.1828571428571428e-11,8.248105135437856e-06,0.8282210775331692,1.0065662862101696e-07,2645.6362087726593,0.07,0.001,1000000,20251006_190137
1943,14,11.90000000000001,0.08403361344537809,9.93997599039615e-13,1.1828571428571428e-11,8.148411023845004e-06,0.8251444299976413,1.0065662862101696e-07,2644.8287131786346,0.07,0.001,1000000,20251006_194542
1944,14,12.00000000000001,0.08333333333333326,9.857142857142848e-13,1.1828571428571428e-11,8.061113588888368e-06,0.8231640025391294,1.0065662862101696e-07,2674.2626547813416,0.07,0.001,1000000,20251006_203016
1945,14,12.10000000000001,0.08264462809917349,9.77567886658795e-13,1.1828571428571428e-11,7.975307456373146e-06,0.8211885555266536,1.0065662862101696e-07,2186.1872379779816,0.07,0.001,1000000,20251006_210643
1946,14,12.20000000000001,0.08196721311475404,9.69555035128805e-13,1.1828571428571428e-11,7.889493946481544e-06,0.8190663071263969,1.0065662862101696e-07,2004.504329919815,0.07,0.001,1000000,20251006_214007
1947,14,12.30000000000001,0.08130081300813002,9.61672473867595e-13,1.1828571428571428e-11,7.801225585705415e-06,0.816541065599055,1.0065662862101696e-07,2024.9848155975342,0.07,0.001,1000000,20251006_221352
1948,14,12.40000000000001,0.08064516129032252,9.539170506912434e-13,1.1828571428571428e-11,7.722664584023692e-06,0.8148899114817855,1.0065662862101696e-07,1834.2765991687775,0.07,0.001,1000000,20251006_224426
1949,14,12.50000000000001,0.07999999999999993,9.462857142857135e-13,1.1828571428571428e-11,7.63120599226754e-06,0.8117331329195465,1.0065662862101696e-07,1685.1086707115173,0.07,0.001,1000000,20251006_231232
1950,14,12.60000000000001,0.0793650793650793,9.387755102040808e-13,1.1828571428571428e-11,7.559849893846479e-06,0.8105761120995971,1.0065662862101696e-07,1549.8874716758728,0.07,0.001,1000000,20251006_233821
1951,14,12.70000000000001,0.0787401574803149,9.313835770528677e-13,1.1828571428571428e-11,7.471409234729603e-06,0.8074512833858205,1.0065662862101696e-07,1525.694565296173,0.07,0.001,1000000,20251007_000347
1952,14,12.800000000000011,0.07812499999999993,9.241071428571419e-13,1.1828571428571428e-11,7.384978893107263e-06,0.8043949054643992,1.0065662862101696e-07,1482.9864344596863,0.07,0.001,1000000,20251007_002830
1953,14,12.900000000000011,0.07751937984496117,9.169435215946836e-13,1.1828571428571428e-11,7.309759632269181e-06,0.8024221157423208,1.0065662862101696e-07,1262.6769247055054,0.07,0.001,1000000,20251007_004933
1954,14,13.00000000000001,0.07692307692307686,9.09890109890109e-13,1.1828571428571428e-11,7.233984635569279e-06,0.8002598302783849,1.0065662862101696e-07,1252.4060971736908,0.07,0.001,1000000,20251007_011025
1955,14,13.10000000000001,0.07633587786259537,9.029443838604137e-13,1.1828571428571428e-11,7.1559217760535365e-06,0.7977135397573045,1.0065662862101696e-07,1248.419657945633,0.07,0.001,1000000,20251007_013114
1956,14,13.20000000000001,0.0757575757575757,8.961038961038954e-13,1.1828571428571428e-11,7.072699552640616e-06,0.7944548565333311,1.0065662862101696e-07,2387.0537946224213,0.07,0.001,1000000,20251006_172231
1957,14,13.300000000000011,0.07518796992481197,8.893662728249186e-13,1.1828571428571428e-11,7.0073246215508705e-06,0.7930744549351791,1.0065662862101696e-07,2354.749851703644,0.07,0.001,1000000,20251006_180146
1958,14,13.400000000000011,0.07462686567164173,8.827292110874192e-13,1.1828571428571428e-11,6.929075203760414e-06,0.7901147268173254,1.0065662862101696e-07,2348.8418514728546,0.07,0.001,1000000,20251006_184055
1959,14,13.50000000000001,0.07407407407407401,8.761904761904755e-13,1.1828571428571428e-11,6.86050611661733e-06,0.7881338990752117,1.0065662862101696e-07,2364.701726436615,0.07,0.001,1000000,20251006_192019
1960,14,13.600000000000012,0.07352941176470582,8.697478991596631e-13,1.1828571428571428e-11,6.783799773227766e-06,0.7850946407262039,1.0065662862101696e-07,2358.6336703300476,0.07,0.001,1000000,20251006_195938
1961,14,13.700000000000012,0.07299270072992695,8.633993743482787e-13,1.1828571428571428e-11,6.70930713790113e-06,0.7821829120432447,1.0065662862101696e-07,2379.3724699020386,0.07,0.001,1000000,20251006_203917
1962,14,13.800000000000011,0.07246376811594198,8.571428571428565e-13,1.1828571428571428e-11,6.641197796342924e-06,0.7798940102160742,1.0065662862101696e-07,2312.330605983734,0.07,0.001,1000000,20251006_211750
1963,14,13.900000000000011,0.07194244604316541,8.50976361767728e-13,1.1828571428571428e-11,6.5675777941805994e-06,0.7768373701887996,1.0065662862101696e-07,2011.1941022872925,0.07,0.001,1000000,20251006_215121
1964,14,14.00000000000001,0.07142857142857137,8.448979591836727e-13,1.1828571428571428e-11,6.502413514108718e-06,0.774662804088557,1.0065662862101696e-07,1873.4502778053284,0.07,0.001,1000000,20251006_222234
1965,14,14.100000000000012,0.07092198581560277,8.38905775075987e-13,1.1828571428571428e-11,6.424481735952038e-06,0.7708454171979642,1.0065662862101696e-07,1672.3728675842285,0.07,0.001,1000000,20251006_225027
1966,14,14.200000000000012,0.07042253521126755,8.329979879275648e-13,1.1828571428571428e-11,6.3565498460841305e-06,0.7681037486778548,1.0065662862101696e-07,1543.1824696063995,0.07,0.001,1000000,20251006_231610
1967,14,14.300000000000011,0.06993006993006988,8.271728271728265e-13,1.1828571428571428e-11,6.304899082033003e-06,0.7672276754572228,1.0065662862101696e-07,1549.550329208374,0.07,0.001,1000000,20251006_234159
1968,14,14.400000000000013,0.06944444444444438,8.214285714285706e-13,1.1828571428571428e-11,6.227378065376651e-06,0.7630935945156516,1.0065662862101696e-07,1445.29265499115,0.07,0.001,1000000,20251007_000605
1969,14,14.500000000000012,0.06896551724137925,8.157635467980289e-13,1.1828571428571428e-11,6.1693170822323575e-06,0.7612287418688796,1.0065662862101696e-07,1411.1528556346893,0.07,0.001,1000000,20251007_002936
1970,14,14.600000000000012,0.06849315068493145,8.101761252446176e-13,1.1828571428571428e-11,6.1089417044195335e-06,0.7589775324760898,1.0065662862101696e-07,1269.2873437404633,0.07,0.001,1000000,20251007_005045
1971,14,14.700000000000012,0.06802721088435369,8.046647230320693e-13,1.1828571428571428e-11,6.035606413777366e-06,0.7550023952895522,1.0065662862101696e-07,1256.9954199790955,0.07,0.001,1000000,20251007_011142
1972,14,14.800000000000011,0.06756756756756752,7.992277992277986e-13,1.1828571428571428e-11,5.967487627720033e-06,0.7515594258911966,1.0065662862101696e-07,1258.867145061493,0.07,0.001,1000000,20251007_013241
1973,14,14.900000000000013,0.06711409395973149,7.938638542665381e-13,1.1828571428571428e-11,5.900364918318204e-06,0.7481268193780596,1.0065662862101696e-07,2386.642886400223,0.07,0.001,1000000,20251006_172607
1974,14,15.000000000000012,0.06666666666666661,7.885714285714279e-13,1.1828571428571428e-11,5.83996840335971e-06,0.7454385353529286,1.0065662862101696e-07,2380.577866077423,0.07,0.001,1000000,20251006_180548
1975,15,1.0,1.0,1.1828571428571428e-11,1.1828571428571428e-11,0.00011727519737476762,0.9979671729499896,1.0065662862101696e-07,2653.1208691596985,0.07,0.001,1000000,20251006_185001
1976,15,1.1,0.9090909090909091,1.0753246753246752e-11,1.1828571428571428e-11,0.00010657204763021993,0.9975761986915714,1.0065662862101696e-07,2685.2071058750153,0.07,0.001,1000000,20251006_193446
1977,15,1.2000000000000002,0.8333333333333333,9.857142857142855e-12,1.1828571428571428e-11,9.765301232724787e-05,0.9971878401279952,1.0065662862101696e-07,2689.774178504944,0.07,0.001,1000000,20251006_201936
1978,15,1.3000000000000003,0.769230769230769,9.098901098901096e-12,1.1828571428571428e-11,9.01248642152147e-05,0.9970066591806412,1.0065662862101696e-07,2690.950949907303,0.07,0.001,1000000,20251006_210427
1979,15,1.4000000000000004,0.7142857142857141,8.448979591836732e-12,1.1828571428571428e-11,8.369304348471058e-05,0.9970742034153474,1.0065662862101696e-07,2358.013572216034,0.07,0.001,1000000,20251006_214345
1980,15,1.5000000000000004,0.6666666666666665,7.885714285714283e-12,1.1828571428571428e-11,7.811736777777558e-05,0.9971234808118242,1.0065662862101696e-07,2145.9879915714264,0.07,0.001,1000000,20251006_221931
1981,15,1.6000000000000005,0.6249999999999998,7.39285714285714e-12,1.1828571428571428e-11,7.322972315693898e-05,0.9970511948752708,1.0065662862101696e-07,1898.4296398162842,0.07,0.001,1000000,20251006_225110
1982,15,1.7000000000000006,0.5882352941176469,6.957983193277308e-12,1.1828571428571428e-11,6.890872045393743e-05,0.9968577518530116,1.0065662862101696e-07,1756.0104954242706,0.07,0.001,1000000,20251006_232026
1983,15,1.8000000000000007,0.5555555555555554,6.571428571428569e-12,1.1828571428571428e-11,6.50374877860698e-05,0.9961995604714022,1.0065662862101696e-07,1695.90891122818,0.07,0.001,1000000,20251006_234841
1984,15,1.9000000000000008,0.526315789473684,6.225563909774433e-12,1.1828571428571428e-11,6.159304430536683e-05,0.9958532714681883,1.0065662862101696e-07,1632.8660628795624,0.07,0.001,1000000,20251007_001554
1985,15,2.000000000000001,0.4999999999999998,5.9142857142857115e-12,1.1828571428571428e-11,5.850291025702155e-05,0.9956748786697569,1.0065662862101696e-07,1486.5072152614594,0.07,0.001,1000000,20251007_004041
1986,15,2.100000000000001,0.47619047619047594,5.632653061224486e-12,1.1828571428571428e-11,5.569343732070177e-05,0.9952527833835891,1.0065662862101696e-07,1410.2103481292725,0.07,0.001,1000000,20251007_010411
1987,15,2.200000000000001,0.4545454545454543,5.3766233766233736e-12,1.1828571428571428e-11,5.311885968892216e-05,0.9944466922728036,1.0065662862101696e-07,1412.8210854530334,0.07,0.001,1000000,20251007_012744
1988,15,2.300000000000001,0.43478260869565194,5.14285714285714e-12,1.1828571428571428e-11,5.07734146500146e-05,0.9937434776592214,1.0065662862101696e-07,1411.5856430530548,0.07,0.001,1000000,20251007_015116
1989,15,2.4000000000000012,0.41666666666666646,4.928571428571426e-12,1.1828571428571428e-11,4.864240719272886e-05,0.9934279713685673,1.0065662862101696e-07,1410.5450246334076,0.07,0.001,1000000,20251007_021446
1990,15,2.5000000000000013,0.3999999999999998,4.731428571428569e-12,1.1828571428571428e-11,4.6661354155365346e-05,0.9926757902533971,1.0065662862101696e-07,2651.908621788025,0.07,0.001,1000000,20251006_173538
1991,15,2.6000000000000014,0.3846153846153844,4.549450549450547e-12,1.1828571428571428e-11,4.482679706948755e-05,0.9917932321383388,1.0065662862101696e-07,2663.5847222805023,0.07,0.001,1000000,20251006_182002
1992,15,2.7000000000000015,0.3703703703703702,4.380952380952379e-12,1.1828571428571428e-11,4.313880225586534e-05,0.991155808198986,1.0065662862101696e-07,2650.0645265579224,0.07,0.001,1000000,20251006_190412
1993,15,2.8000000000000016,0.35714285714285693,4.224489795918364e-12,1.1828571428571428e-11,4.1565973118766414e-05,0.990389590603167,1.0065662862101696e-07,2660.2600708007812,0.07,0.001,1000000,20251006_194832
1994,15,2.9000000000000017,0.34482758620689635,4.078817733990145e-12,1.1828571428571428e-11,4.009775950225191e-05,0.9895282285155368,1.0065662862101696e-07,2656.722435235977,0.07,0.001,1000000,20251006_203249
1995,15,3.0000000000000018,0.33333333333333315,3.942857142857141e-12,1.1828571428571428e-11,3.873886105364313e-05,0.9889587699979766,1.0065662862101696e-07,2619.9844028949738,0.07,0.001,1000000,20251006_211629
1996,15,3.100000000000002,0.32258064516129015,3.815668202764975e-12,1.1828571428571428e-11,3.745204273760781e-05,0.987978030743373,1.0065662862101696e-07,2309.3066866397858,0.07,0.001,1000000,20251006_215458
1997,15,3.200000000000002,0.31249999999999983,3.696428571428569e-12,1.1828571428571428e-11,3.626239593266743e-05,0.9874532808548594,1.0065662862101696e-07,2037.1479098796844,0.07,0.001,1000000,20251006_222855
1998,15,3.300000000000002,0.3030303030303028,3.5844155844155817e-12,1.1828571428571428e-11,3.512961097752952e-05,0.986500622623121,1.0065662862101696e-07,1823.0491478443146,0.07,0.001,1000000,20251006_225919
1999,15,3.400000000000002,0.2941176470588234,3.4789915966386535e-12,1.1828571428571428e-11,3.407846292073798e-05,0.9859820269477072,1.0065662862101696e-07,1731.2854640483856,0.07,0.001,1000000,20251006_232810
2000,15,3.500000000000002,0.28571428571428553,3.3795918367346915e-12,1.1828571428571428e-11,3.3081547532343504e-05,0.9852897050990912,1.0065662862101696e-07,1691.2666084766388,0.07,0.001,1000000,20251006_235621
2001,15,3.6000000000000023,0.2777777777777776,3.2857142857142837e-12,1.1828571428571428e-11,3.214597986268981e-05,0.9847800737774879,1.0065662862101696e-07,1567.9504129886627,0.07,0.001,1000000,20251007_002229
2002,15,3.7000000000000024,0.2702702702702701,3.1969111969111947e-12,1.1828571428571428e-11,3.1249031805286966e-05,0.9838941388894926,1.0065662862101696e-07,1456.779099225998,0.07,0.001,1000000,20251007_004646
2003,15,3.8000000000000025,0.2631578947368419,3.1127819548872156e-12,1.1828571428571428e-11,3.040501366742364e-05,0.9831932378474917,1.0065662862101696e-07,1400.7123942375183,0.07,0.001,1000000,20251007_011007
2004,15,3.9000000000000026,0.2564102564102562,3.0329670329670305e-12,1.1828571428571428e-11,2.960889608877165e-05,0.9826455827217583,1.0065662862101696e-07,1400.003933429718,0.07,0.001,1000000,20251007_013327
2005,15,4.000000000000003,0.24999999999999983,2.957142857142855e-12,1.1828571428571428e-11,2.884634216294303e-05,0.9818854517483572,1.0065662862101696e-07,1405.2857575416565,0.07,0.001,1000000,20251007_015652
2006,15,4.100000000000003,0.24390243902439004,2.885017421602785e-12,1.1828571428571428e-11,2.8125475482376287e-05,0.981281956642842,1.0065662862101696e-07,1398.952495098114,0.07,0.001,1000000,20251007_022011
2007,15,4.200000000000003,0.23809523809523794,2.8163265306122427e-12,1.1828571428571428e-11,2.7431940268543773e-05,0.9804284389439993,1.0065662862101696e-07,2647.6294844150543,0.07,0.001,1000000,20251006_180856
2008,15,4.3000000000000025,0.23255813953488358,2.7508305647840515e-12,1.1828571428571428e-11,2.67769387190451e-05,0.9798045763906361,1.0065662862101696e-07,2621.2769660949707,0.07,0.001,1000000,20251006_185238
2009,15,4.400000000000003,0.22727272727272713,2.6883116883116864e-12,1.1828571428571428e-11,2.615304125627378e-05,0.9792305603879337,1.0065662862101696e-07,2623.3143525123596,0.07,0.001,1000000,20251006_193621
2010,15,4.5000000000000036,0.22222222222222204,2.628571428571426e-12,1.1828571428571428e-11,2.5546940909381396e-05,0.9782762285125379,1.0065662862101696e-07,2636.1443243026733,0.07,0.001,1000000,20251006_202017
2011,15,4.600000000000003,0.21739130434782594,2.5714285714285694e-12,1.1828571428571428e-11,2.4984234559622278e-05,0.9779889853409973,1.0065662862101696e-07,2644.048825740814,0.07,0.001,1000000,20251006_210421
2012,15,4.700000000000003,0.21276595744680837,2.5167173252279616e-12,1.1828571428571428e-11,2.442631663281392e-05,0.9769355728759949,1.0065662862101696e-07,2358.756424188614,0.07,0.001,1000000,20251006_214340
2013,15,4.800000000000003,0.20833333333333318,2.4642857142857122e-12,1.1828571428571428e-11,2.3906378144014448e-05,0.9764839411947609,1.0065662862101696e-07,2141.5980648994446,0.07,0.001,1000000,20251006_221922
2014,15,4.900000000000004,0.20408163265306106,2.413994169096208e-12,1.1828571428571428e-11,2.3394250098351557e-05,0.9754730869538872,1.0065662862101696e-07,1868.2194356918335,0.07,0.001,1000000,20251006_225030
2015,15,5.0000000000000036,0.19999999999999984,2.3657142857142835e-12,1.1828571428571428e-11,2.2910587933721086e-05,0.9748017987884073,1.0065662862101696e-07,1726.056000471115,0.07,0.001,1000000,20251006_231916
2016,15,5.100000000000003,0.1960784313725489,2.3193277310924355e-12,1.1828571428571428e-11,2.244370043357327e-05,0.9740353590992813,1.0065662862101696e-07,1683.8839485645294,0.07,0.001,1000000,20251006_234720
2017,15,5.200000000000004,0.19230769230769218,2.274725274725273e-12,1.1828571428571428e-11,2.199851302197871e-05,0.9734345417757516,1.0065662862101696e-07,1643.5606706142426,0.07,0.001,1000000,20251007_001443
2018,15,5.300000000000004,0.18867924528301872,2.2318059299191357e-12,1.1828571428571428e-11,2.1562544582670294e-05,0.9724918341177653,1.0065662862101696e-07,1500.3356893062592,0.07,0.001,1000000,20251007_003944
2019,15,5.400000000000004,0.18518518518518506,2.190476190476189e-12,1.1828571428571428e-11,2.1146255634857924e-05,0.9717114522483183,1.0065662862101696e-07,1396.5957689285278,0.07,0.001,1000000,20251007_010300
2020,15,5.5000000000000036,0.1818181818181817,2.1506493506493493e-12,1.1828571428571428e-11,2.0744896428526458e-05,0.9709213335763833,1.0065662862101696e-07,1402.0574824810028,0.07,0.001,1000000,20251007_012622
2021,15,5.600000000000004,0.17857142857142844,2.1122448979591817e-12,1.1828571428571428e-11,2.0351504805726648e-05,0.9698278183027506,1.0065662862101696e-07,1409.1039102077484,0.07,0.001,1000000,20251007_014952
2022,15,5.700000000000005,0.17543859649122792,2.07518796992481e-12,1.1828571428571428e-11,1.9984294642288002e-05,0.9693347076094733,1.0065662862101696e-07,1392.4820466041565,0.07,0.001,1000000,20251007_021304
2023,15,5.800000000000004,0.17241379310344815,2.039408866995072e-12,1.1828571428571428e-11,1.9617294473442638e-05,0.9682269976946293,1.0065662862101696e-07,1391.072847366333,0.07,0.001,1000000,20251007_023615
2024,15,5.900000000000004,0.1694915254237287,2.004842615012105e-12,1.1828571428571428e-11,1.926611859687529e-05,0.9672891677646404,1.0065662862101696e-07,2985.460032939911,0.07,0.001,1000000,20251006_185608
2025,15,6.000000000000004,0.16666666666666655,1.97142857142857e-12,1.1828571428571428e-11,1.8927927434535877e-05,0.9664166330728595,1.0065662862101696e-07,2964.0130240917206,0.07,0.001,1000000,20251006_194532
2026,15,6.100000000000005,0.16393442622950807,1.93911007025761e-12,1.1828571428571428e-11,1.8592874486487212e-05,0.9651314233724222,1.0065662862101696e-07,2954.1533517837524,0.07,0.001,1000000,20251006_203446
2027,15,6.200000000000005,0.16129032258064505,1.907834101382487e-12,1.1828571428571428e-11,1.827985627265073e-05,0.964438523637065,1.0065662862101696e-07,2387.7918491363525,0.07,0.001,1000000,20251006_211434
2028,15,6.300000000000004,0.1587301587301586,1.8775510204081617e-12,1.1828571428571428e-11,1.7970840337641167e-05,0.9634274553456895,1.0065662862101696e-07,2276.1779136657715,0.07,0.001,1000000,20251006_215230
2029,15,6.400000000000005,0.1562499999999999,1.848214285714284e-12,1.1828571428571428e-11,1.7676541569767955e-05,0.962691985363843,1.0065662862101696e-07,2231.046835899353,0.07,0.001,1000000,20251006_222942
2030,15,6.500000000000005,0.15384615384615372,1.819780219780218e-12,1.1828571428571428e-11,1.737786894381167e-05,0.9612137122323557,1.0065662862101696e-07,1927.8108353614807,0.07,0.001,1000000,20251006_230149
2031,15,6.600000000000005,0.1515151515151514,1.7922077922077908e-12,1.1828571428571428e-11,1.7097795453207588e-05,0.9602717132769238,1.0065662862101696e-07,1746.1897869110107,0.07,0.001,1000000,20251006_233056
2032,15,6.700000000000005,0.14925373134328349,1.7654584221748389e-12,1.1828571428571428e-11,1.681764643397435e-05,0.9588487443951158,1.0065662862101696e-07,1721.547812461853,0.07,0.001,1000000,20251006_235937
2033,15,6.800000000000005,0.14705882352941166,1.7394957983193263e-12,1.1828571428571428e-11,1.6554015433504465e-05,0.95790480510891,1.0065662862101696e-07,1679.2168958187103,0.07,0.001,1000000,20251007_002736
2034,15,6.900000000000006,0.14492753623188395,1.714285714285713e-12,1.1828571428571428e-11,1.629624250291129e-05,0.9568561505612521,1.0065662862101696e-07,1398.404284477234,0.07,0.001,1000000,20251007_005055
2035,15,7.000000000000005,0.14285714285714274,1.6897959183673454e-12,1.1828571428571428e-11,1.6048347983819954e-05,0.9559572167442323,1.0065662862101696e-07,1397.511268377304,0.07,0.001,1000000,20251007_011412
2036,15,7.100000000000005,0.1408450704225351,1.6659959758551295e-12,1.1828571428571428e-11,1.580082825354438e-05,0.9546590294764258,1.0065662862101696e-07,1389.3506743907928,0.07,0.001,1000000,20251007_013722
2037,15,7.2000000000000055,0.13888888888888878,1.6428571428571414e-12,1.1828571428571428e-11,1.5562091945340218e-05,0.9534777362224016,1.0065662862101696e-07,1397.895274400711,0.07,0.001,1000000,20251007_020040
2038,15,7.300000000000006,0.1369863013698629,1.6203522504892353e-12,1.1828571428571428e-11,1.5330502900346665e-05,0.9523341215144437,1.0065662862101696e-07,1399.4439010620117,0.07,0.001,1000000,20251007_022359
2039,15,7.400000000000006,0.13513513513513503,1.5984555984555972e-12,1.1828571428571428e-11,1.5093788011334952e-05,0.9504735795033746,1.0065662862101696e-07,1393.960967540741,0.07,0.001,1000000,20251007_024713
2040,15,7.500000000000005,0.13333333333333325,1.577142857142856e-12,1.1828571428571428e-11,1.4886380204797715e-05,0.9500806074727429,1.0065662862101696e-07,1378.3909113407135,0.07,0.001,1000000,20251007_031011
2041,15,7.600000000000006,0.13157894736842096,1.5563909774436078e-12,1.1828571428571428e-11,1.4674498326781375e-05,0.9490452911161819,1.0065662862101696e-07,2995.2713718414307,0.07,0.001,1000000,20251006_190114
2042,15,7.700000000000006,0.12987012987012977,1.5361781076066777e-12,1.1828571428571428e-11,1.4464048317011051e-05,0.947743189798533,1.0065662862101696e-07,2976.6125206947327,0.07,0.001,1000000,20251006_195051
2043,15,7.800000000000006,0.1282051282051281,1.5164835164835153e-12,1.1828571428571428e-11,1.4257420385747533e-05,0.9463366091770546,1.0065662862101696e-07,2989.767238140106,0.07,0.001,1000000,20251006_204040
2044,15,7.900000000000006,0.12658227848101256,1.497287522603977e-12,1.1828571428571428e-11,1.4055695031504077e-05,0.944907944157486,1.0065662862101696e-07,2326.08598780632,0.07,0.001,1000000,20251006_211926
2045,15,8.000000000000007,0.12499999999999989,1.478571428571427e-12,1.1828571428571428e-11,1.3858010733239625e-05,0.9434110607354961,1.0065662862101696e-07,2286.9642260074615,0.07,0.001,1000000,20251006_215733
2046,15,8.100000000000007,0.12345679012345669,1.460317460317459e-12,1.1828571428571428e-11,1.3671315580302989e-05,0.9423351925328127,1.0065662862101696e-07,2169.7544894218445,0.07,0.001,1000000,20251006_223343
2047,15,8.200000000000006,0.12195121951219502,1.4425087108013924e-12,1.1828571428571428e-11,1.3492121036667606e-05,0.941464967475433,1.0065662862101696e-07,1801.8083112239838,0.07,0.001,1000000,20251006_230345
2048,15,8.300000000000006,0.12048192771084329,1.4251290877796891e-12,1.1828571428571428e-11,1.331364340544452e-05,0.9403404023858137,1.0065662862101696e-07,1739.6212348937988,0.07,0.001,1000000,20251006_233245
2049,15,8.400000000000006,0.11904761904761897,1.4081632653061214e-12,1.1828571428571428e-11,1.3126398162976084e-05,0.9382853661752452,1.0065662862101696e-07,1637.9605917930603,0.07,0.001,1000000,20251007_000003
2050,15,8.500000000000007,0.11764705882352931,1.391596638655461e-12,1.1828571428571428e-11,1.2957877454707402e-05,0.9372660312943284,1.0065662862101696e-07,1591.924721479416,0.07,0.001,1000000,20251007_002635
2051,15,8.600000000000007,0.11627906976744178,1.3754152823920255e-12,1.1828571428571428e-11,1.2789017017182337e-05,0.9359350247203944,1.0065662862101696e-07,1415.2703440189362,0.07,0.001,1000000,20251007_005010
2052,15,8.700000000000006,0.1149425287356321,1.3596059113300481e-12,1.1828571428571428e-11,1.2626095300222934e-05,0.9347562959069785,1.0065662862101696e-07,1391.5961077213287,0.07,0.001,1000000,20251007_011322
2053,15,8.800000000000008,0.11363636363636354,1.3441558441558428e-12,1.1828571428571428e-11,1.2460018278815155e-05,0.9330640029240306,1.0065662862101696e-07,1398.8894698619843,0.07,0.001,1000000,20251007_013640
2054,15,8.900000000000007,0.11235955056179765,1.3290529695024064e-12,1.1828571428571428e-11,1.2297175438283983e-05,0.9313340021671734,1.0065662862101696e-07,1391.1564600467682,0.07,0.001,1000000,20251007_015952
2055,15,9.000000000000007,0.11111111111111102,1.314285714285713e-12,1.1828571428571428e-11,1.214840764497486e-05,0.9304048148476862,1.0065662862101696e-07,1394.6653311252594,0.07,0.001,1000000,20251007_022306
2056,15,9.100000000000007,0.1098901098901098,1.2998430141287273e-12,1.1828571428571428e-11,1.1993469195177097e-05,0.9287445957200747,1.0065662862101696e-07,1401.0369317531586,0.07,0.001,1000000,20251007_024627
2057,15,9.200000000000006,0.10869565217391297,1.2857142857142847e-12,1.1828571428571428e-11,1.1854795052996671e-05,0.9280939912438102,1.0065662862101696e-07,1401.9930746555328,0.07,0.001,1000000,20251007_030949
2058,15,9.300000000000008,0.10752688172043001,1.2718894009216577e-12,1.1828571428571428e-11,1.17119212472595e-05,0.9268750148949553,1.0065662862101696e-07,3008.9242222309113,0.07,0.001,1000000,20251006_190806
2059,15,9.400000000000007,0.10638297872340417,1.2583586626139806e-12,1.1828571428571428e-11,1.156534575046664e-05,0.9251167784390978,1.0065662862101696e-07,3002.82234787941,0.07,0.001,1000000,20251006_195809
2060,15,9.500000000000007,0.10526315789473677,1.2451127819548862e-12,1.1828571428571428e-11,1.1423461159347241e-05,0.9234883009374562,1.0065662862101696e-07,2920.273580789566,0.07,0.001,1000000,20251006_204649
2061,15,9.600000000000009,0.10416666666666657,1.232142857142856e-12,1.1828571428571428e-11,1.1289603179121174e-05,0.9222740592876725,1.0065662862101696e-07,2288.2326233386993,0.07,0.001,1000000,20251006_212458
2062,15,9.700000000000008,0.10309278350515455,1.2194403534609708e-12,1.1828571428571428e-11,1.1149416997330467e-05,0.9203096509443714,1.0065662862101696e-07,2287.0440244674683,0.07,0.001,1000000,20251006_220305
2063,15,9.800000000000008,0.10204081632653053,1.206997084548104e-12,1.1828571428571428e-11,1.1029304101459196e-05,0.9197806532436512,1.0065662862101696e-07,2157.4758117198944,0.07,0.001,1000000,20251006_223902
2064,15,9.900000000000007,0.10101010101010094,1.194805194805194e-12,1.1828571428571428e-11,1.0891848859388924e-05,0.9175862227603635,1.0065662862101696e-07,1874.967425107956,0.07,0.001,1000000,20251006_231017
2065,15,10.000000000000007,0.09999999999999992,1.1828571428571418e-12,1.1828571428571428e-11,1.0762452801470033e-05,0.9158436597610574,1.0065662862101696e-07,1742.3798911571503,0.07,0.001,1000000,20251006_233920
2066,15,10.100000000000009,0.09900990099009893,1.1711456859971702e-12,1.1828571428571428e-11,1.063253117893498e-05,0.913835703769162,1.0065662862101696e-07,1702.0483169555664,0.07,0.001,1000000,20251007_000742
2067,15,10.200000000000008,0.09803921568627443,1.1596638655462173e-12,1.1828571428571428e-11,1.0508039018963914e-05,0.9120778981664771,1.0065662862101696e-07,1552.5415573120117,0.07,0.001,1000000,20251007_003334
2068,15,10.300000000000008,0.09708737864077663,1.1484049930651862e-12,1.1828571428571428e-11,1.0405139880807014e-05,0.9120008246713311,1.0065662862101696e-07,1410.4544293880463,0.07,0.001,1000000,20251007_005705
2069,15,10.40000000000001,0.09615384615384606,1.1373626373626361e-12,1.1828571428571428e-11,1.02948327725241e-05,0.9110930191115795,1.0065662862101696e-07,1403.529751777649,0.07,0.001,1000000,20251007_012028
2070,15,10.500000000000009,0.09523809523809516,1.126530612244897e-12,1.1828571428571428e-11,1.017126695621968e-05,0.9088128005480781,1.0065662862101696e-07,1407.4731783866882,0.07,0.001,1000000,20251007_014356
2071,15,10.600000000000009,0.09433962264150936,1.1159029649595678e-12,1.1828571428571428e-11,1.0061666102254149e-05,0.9075819492960722,1.0065662862101696e-07,1399.1618566513062,0.07,0.001,1000000,20251007_020715
2072,15,10.700000000000008,0.09345794392523357,1.1054739652870486e-12,1.1828571428571428e-11,9.955824722690873e-06,0.9065068768649136,1.0065662862101696e-07,1404.8031678199768,0.07,0.001,1000000,20251007_023040
2073,15,10.800000000000008,0.09259259259259253,1.0952380952380945e-12,1.1828571428571428e-11,9.824600834224746e-06,0.9029189194750513,1.0065662862101696e-07,1405.3743062019348,0.07,0.001,1000000,20251007_025405
2074,15,10.90000000000001,0.09174311926605497,1.0851900393184786e-12,1.1828571428571428e-11,9.73016623736357e-06,0.9025200139047991,1.0065662862101696e-07,1408.0303001403809,0.07,0.001,1000000,20251007_031733
2075,15,11.000000000000009,0.09090909090909084,1.0753246753246744e-12,1.1828571428571428e-11,9.624931790867978e-06,0.9009494592723843,1.0065662862101696e-07,3016.2360520362854,0.07,0.001,1000000,20251006_203119
2076,15,11.100000000000009,0.09009009009009002,1.0656370656370647e-12,1.1828571428571428e-11,9.504850098683671e-06,0.8977973808650167,1.0065662862101696e-07,2464.5700058937073,0.07,0.001,1000000,20251006_211224
2077,15,11.20000000000001,0.0892857142857142,1.0561224489795909e-12,1.1828571428571428e-11,9.40673132360045e-06,0.8965341682606683,1.0065662862101696e-07,2288.187444448471,0.07,0.001,1000000,20251006_215032
2078,15,11.30000000000001,0.08849557522123887,1.0467762326169397e-12,1.1828571428571428e-11,9.324606219469698e-06,0.8966418953971934,1.0065662862101696e-07,2267.085705280304,0.07,0.001,1000000,20251006_222819
2079,15,11.40000000000001,0.08771929824561396,1.037593984962405e-12,1.1828571428571428e-11,9.215208521078263e-06,0.893964147069544,1.0065662862101696e-07,1940.2443556785583,0.07,0.001,1000000,20251006_230039
2080,15,11.500000000000009,0.08695652173913036,1.0285714285714276e-12,1.1828571428571428e-11,9.113879626217203e-06,0.89188983025411,1.0065662862101696e-07,1786.2197539806366,0.07,0.001,1000000,20251006_233025
2081,15,11.600000000000009,0.08620689655172407,1.019704433497536e-12,1.1828571428571428e-11,9.011815356083105e-06,0.8895704693438764,1.0065662862101696e-07,1702.7943160533905,0.07,0.001,1000000,20251006_235848
2082,15,11.70000000000001,0.0854700854700854,1.0109890109890102e-12,1.1828571428571428e-11,8.923063772674528e-06,0.8884028476720148,1.0065662862101696e-07,1639.1522104740143,0.07,0.001,1000000,20251007_002607
2083,15,11.80000000000001,0.08474576271186433,1.0024213075060524e-12,1.1828571428571428e-11,8.835001205796159e-06,0.8871533641384529,1.0065662862101696e-07,1413.4986696243286,0.07,0.001,1000000,20251007_004941
2084,15,11.90000000000001,0.08403361344537809,9.93997599039615e-13,1.1828571428571428e-11,8.740825805330672e-06,0.8851349920545495,1.0065662862101696e-07,1409.2811567783356,0.07,0.001,1000000,20251007_011310
2085,15,12.00000000000001,0.08333333333333326,9.857142857142848e-13,1.1828571428571428e-11,8.650231767285157e-06,0.8833220529561482,1.0065662862101696e-07,1410.7545108795166,0.07,0.001,1000000,20251007_013641
2086,15,12.10000000000001,0.08264462809917349,9.77567886658795e-13,1.1828571428571428e-11,8.564418798935843e-06,0.8818472191693751,1.0065662862101696e-07,1408.3898677825928,0.07,0.001,1000000,20251007_020009
2087,15,12.20000000000001,0.08196721311475404,9.69555035128805e-13,1.1828571428571428e-11,8.47971757635951e-06,0.880341756753743,1.0065662862101696e-07,1408.3437190055847,0.07,0.001,1000000,20251007_022338
2088,15,12.30000000000001,0.08130081300813002,9.61672473867595e-13,1.1828571428571428e-11,8.375232274807393e-06,0.8766213732931611,1.0065662862101696e-07,1413.7560510635376,0.07,0.001,1000000,20251007_024711
2089,15,12.40000000000001,0.08064516129032252,9.539170506912434e-13,1.1828571428571428e-11,8.304675427324504e-06,0.8763032694515199,1.0065662862101696e-07,1402.0721311569214,0.07,0.001,1000000,20251007_031034
2090,15,12.50000000000001,0.07999999999999993,9.462857142857135e-13,1.1828571428571428e-11,8.220108774341642e-06,0.8743748570143255,1.0065662862101696e-07,1407.3095066547394,0.07,0.001,1000000,20251007_033401
2091,15,12.60000000000001,0.0793650793650793,9.387755102040808e-13,1.1828571428571428e-11,8.144063746716158e-06,0.8732162174116467,1.0065662862101696e-07,1394.1771636009216,0.07,0.001,1000000,20251007_035715
2092,15,12.70000000000001,0.0787401574803149,9.313835770528677e-13,1.1828571428571428e-11,8.069374895997721e-06,0.8720747199347444,1.0065662862101696e-07,2614.5416343212128,0.07,0.001,1000000,20251006_205133
2093,15,12.800000000000011,0.07812499999999993,9.241071428571419e-13,1.1828571428571428e-11,7.980611342655516e-06,0.8692730472818503,1.0065662862101696e-07,2422.1922175884247,0.07,0.001,1000000,20251006_213155
2094,15,12.900000000000011,0.07751937984496117,9.169435215946836e-13,1.1828571428571428e-11,7.890162814624746e-06,0.8661353392953026,1.0065662862101696e-07,2268.7536857128143,0.07,0.001,1000000,20251006_220944
2095,15,13.00000000000001,0.07692307692307686,9.09890109890109e-13,1.1828571428571428e-11,7.815016731897601e-06,0.8645365284217182,1.0065662862101696e-07,2079.8512659072876,0.07,0.001,1000000,20251006_224424
2096,15,13.10000000000001,0.07633587786259537,9.029443838604137e-13,1.1828571428571428e-11,7.740212912947036e-06,0.8628479788479989,1.0065662862101696e-07,1871.5295011997223,0.07,0.001,1000000,20251006_231536
2097,15,13.20000000000001,0.0757575757575757,8.961038961038954e-13,1.1828571428571428e-11,7.69738792452833e-06,0.8646242037779491,1.0065662862101696e-07,1753.5090866088867,0.07,0.001,1000000,20251006_234449
2098,15,13.300000000000011,0.07518796992481197,8.893662728249186e-13,1.1828571428571428e-11,7.599913229796269e-06,0.8601424035270916,1.0065662862101696e-07,1647.742078781128,0.07,0.001,1000000,20251007_001217
2099,15,13.400000000000011,0.07462686567164173,8.827292110874192e-13,1.1828571428571428e-11,7.513888336891375e-06,0.8568003169336209,1.0065662862101696e-07,1497.2358438968658,0.07,0.001,1000000,20251007_003714
2100,15,13.50000000000001,0.07407407407407401,8.761904761904755e-13,1.1828571428571428e-11,7.441403711163641e-06,0.854867326372108,1.0065662862101696e-07,1403.1147968769073,0.07,0.001,1000000,20251007_010037
2101,15,13.600000000000012,0.07352941176470582,8.697478991596631e-13,1.1828571428571428e-11,7.402330390996141e-06,0.8566776899564389,1.0065662862101696e-07,1401.9102461338043,0.07,0.001,1000000,20251007_012359
2102,15,13.700000000000012,0.07299270072992695,8.633993743482787e-13,1.1828571428571428e-11,7.305755393591162e-06,0.8517179063324893,1.0065662862101696e-07,1394.4702298641205,0.07,0.001,1000000,20251007_014714
2103,15,13.800000000000011,0.07246376811594198,8.571428571428565e-13,1.1828571428571428e-11,7.2405730529804e-06,0.8502802849300568,1.0065662862101696e-07,1401.6784341335297,0.07,0.001,1000000,20251007_021035
2104,15,13.900000000000011,0.07194244604316541,8.50976361767728e-13,1.1828571428571428e-11,7.18785492227129e-06,0.8502060409643777,1.0065662862101696e-07,1394.0961451530457,0.07,0.001,1000000,20251007_023349
2105,15,14.00000000000001,0.07142857142857137,8.448979591836727e-13,1.1828571428571428e-11,7.10279718250301e-06,0.8461893065292506,1.0065662862101696e-07,1392.5173997879028,0.07,0.001,1000000,20251007_025702
2106,15,14.100000000000012,0.07092198581560277,8.38905775075987e-13,1.1828571428571428e-11,7.062635847758615e-06,0.8474147332564586,1.0065662862101696e-07,1401.1859784126282,0.07,0.001,1000000,20251007_032023
2107,15,14.200000000000012,0.07042253521126755,8.329979879275648e-13,1.1828571428571428e-11,6.980804233211602e-06,0.8435365143276974,1.0065662862101696e-07,1409.3378932476044,0.07,0.001,1000000,20251007_034353
2108,15,14.300000000000011,0.06993006993006988,8.271728271728265e-13,1.1828571428571428e-11,6.913646047562292e-06,0.8413045977406601,1.0065662862101696e-07,1396.3024516105652,0.07,0.001,1000000,20251007_040709
2109,15,14.400000000000013,0.06944444444444438,8.214285714285706e-13,1.1828571428571428e-11,6.851754940132992e-06,0.8396038029353563,1.0065662862101696e-07,2492.9555802345276,0.07,0.001,1000000,20251006_210857
2110,15,14.500000000000012,0.06896551724137925,8.157635467980289e-13,1.1828571428571428e-11,6.793394072557458e-06,0.8382332686004821,1.0065662862101696e-07,2288.2217779159546,0.07,0.001,1000000,20251006_214705
2111,15,14.600000000000012,0.06849315068493145,8.101761252446176e-13,1.1828571428571428e-11,6.707392519283691e-06,0.8333293178999551,1.0065662862101696e-07,2275.029806613922,0.07,0.001,1000000,20251006_222500
2112,15,14.700000000000012,0.06802721088435369,8.046647230320693e-13,1.1828571428571428e-11,6.637583893128061e-06,0.8303045948800813,1.0065662862101696e-07,1958.0152456760406,0.07,0.001,1000000,20251006_225739
2113,15,14.800000000000011,0.06756756756756752,7.992277992277986e-13,1.1828571428571428e-11,6.605482222484866e-06,0.831909965561497,1.0065662862101696e-07,1801.4106838703156,0.07,0.001,1000000,20251006_232740
2114,15,14.900000000000013,0.06711409395973149,7.938638542665381e-13,1.1828571428571428e-11,6.521968524564473e-06,0.8269420003529176,1.0065662862101696e-07,1717.266830444336,0.07,0.001,1000000,20251006_235617
2115,15,15.000000000000012,0.06666666666666661,7.885714285714279e-13,1.1828571428571428e-11,6.456035662704742e-06,0.8240759942852157,1.0065662862101696e-07,1708.7442541122437,0.07,0.001,1000000,20251007_002446
